id,binance_order_id,backstop_algo_id,pair,direction,status,entry_price,exit_price,current_price,investment,leverage,notional_value,quantity,confidence,entry_gap,entry_ema_gap_5_8,entry_ema_gap_8_13,entry_rsi,entry_rsi_prev,entry_adx,entry_adx_prev,entry_ema5_stretch,entry_price_vs_ema5_pct,entry_macro_trend,entry_ema20_slope,entry_btc_ema20_slope,entry_btc_adx,entry_btc_adx_prev,entry_btc_rsi,entry_btc_rsi_prev,entry_btc_rsi_prev6,entry_btc_atr_pct,entry_btc_rsi_1h,entry_btc_rsi_1h_prev,entry_pattern_c1_match,entry_pattern_c2_match,entry_pattern_c3_match,entry_pattern_c4_match,entry_pattern_c5_match,entry_pattern_c6_match,entry_pattern_c7_match,entry_pattern_c8_match,entry_pattern_c9_match,entry_pattern_c_any_match,entry_pattern_w1_match,entry_pattern_w2_match,entry_pattern_w3_match,entry_pattern_w4_match,entry_pattern_w5_match,entry_pattern_w6_match,entry_pattern_w_any_match,pattern_cell_source,pattern_fixed_tp_pct,pattern_fixed_sl_pct,entry_global_volume_ratio,entry_pair_volume_ratio,entry_bull_pct,entry_bear_pct,entry_range_position,entry_adx_delta,entry_quality_score,entry_btc_regime,exit_btc_regime,entry_btc_regime_started_at,entry_btc_trend_gap_pct,entry_pos_di,entry_neg_di,entry_atr_pct,entry_ema50_slope,entry_funding_rate,entry_pair_ema20_ema50_gap_pct,entry_dist_from_ema13_pct,entry_btc_dist_from_ema13_pct,entry_btc_1h_slope,phantom_be_aggr_triggered_at,phantom_be_aggr_would_exit_pnl,entry_pair_volume_24h_usd,entry_pair_rank,entry_pair_age_days,entry_br_r72,entry_br_above,entry_br_eff,entry_br_off24h,entry_br_door,funding_fee_usd,spike_rsi_max,spike_armed,belock_t15_min,belock_tr15,belock_t20_min,belock_tr20,belock_t30_min,belock_tr30,entry_desired_notional,entry_liquidity_cap_notional,liquidity_capped,exit_pair_ema20_ema50_gap_pct,exit_btc_trend_gap_pct,first_cross_ema13_at,first_cross_ema13_pnl_pct,confirmed_cross_ema13_at,confirmed_cross_ema13_pnl_pct,first_cross_ema20_at,first_cross_ema20_pnl_pct,confirmed_cross_ema20_at,confirmed_cross_ema20_pnl_pct,entry_fee,exit_fee,total_fee,pnl,pnl_percentage,peak_pnl,trough_pnl,high_price_since_entry,low_price_since_entry,peak_ema5_gap,peak_ema5_dist_pct,peak_ema5_slope_pct,peak_reached_at,trough_reached_at,trough_ema5_dist_pct,ema5_went_negative,current_tp_level,dynamic_tp_target,no_expansion_last_check,signal_active_at_close,exit_slippage_pct,entry_slippage_pct,closing_in_progress,close_initiated_at,protective_sl_order_id,protective_tp_order_id,cell_multiplier,cell_lev_multiplier,cell_multiplier_source,cell_multiplier_capped,ema13_strict_held_pnl_pct,trailing_first_pullback_pnl_pct,trailing_pullback_resets,trailing_confirmed_at,exit_price_vs_ema5_pct,exit_ema5_slope_pct,exit_ema5_crossed,hard_tp_shadow_leash_pnl,hard_tp_shadow_leash_fired,hard_tp_shadow_ladder_pnl,hard_tp_shadow_ladder_fired,post_exit_running_high,post_exit_running_low,post_exit_running_peak_at,post_exit_running_trough_at,post_exit_peak_pnl,post_exit_trough_pnl,post_exit_peak_minutes,post_exit_trough_minutes,post_exit_signal_lost_minutes,post_exit_pnl_at_signal_lost,post_exit_final_pnl,post_exit_peak_before_signal_lost,post_exit_rsi_exit_minutes,post_exit_rsi_exit_pnl,post_exit_rsi3_exit_minutes,post_exit_rsi3_exit_pnl,post_arm_min_pnl_pct,post_arm_min_pnl_at,post_exit_ema13_cross_minutes,post_exit_ema13_cross_pnl,phantom_ema13_cross_pnl,phantom_ema13_cross_at,phantom_trail_suppress_pnl,phantom_trail_suppress_at,entry_gap_expand_marginal,entry_strategy,post_exit_regime_flip_at,post_exit_regime_flip_pnl_pct,post_exit_signal_regained_minutes,post_exit_pnl_at_signal_regained,post_exit_floor_before_signal_regain,post_exit_pnl_at_1min,post_exit_pnl_at_2min,post_exit_pnl_at_5min,post_exit_pnl_at_15min,post_exit_pnl_at_30min,phantom_be_l1_triggered_at,phantom_be_l1_would_exit_pnl,phantom_be_l2_triggered_at,phantom_be_l2_would_exit_pnl,phantom_regime_change_exit_triggered_at,phantom_regime_change_exit_pnl,phantom_tick_a_triggered_at,phantom_tick_a_pnl,phantom_tick_b_triggered_at,phantom_tick_b_pnl,phantom_tick_c_triggered_at,phantom_tick_c_pnl,phantom_tick_d_triggered_at,phantom_tick_d_pnl,phantom_tick_e_triggered_at,phantom_tick_e_pnl,phantom_tick_f_triggered_at,phantom_tick_f_pnl,phantom_tick_g_triggered_at,phantom_tick_g_pnl,shadow_tight_pnl,shadow_tight_reason,shadow_tight_min,shadow_wide_pnl,shadow_wide_reason,shadow_wide_min,shadow_tierA_pnl,shadow_tierA_reason,shadow_tierA_min,shadow_tierB_pnl,shadow_tierB_reason,shadow_tierB_min,shadow_strpk_pnl,shadow_strpk_reason,shadow_strpk_min,shadow_strpk04_pnl,shadow_strpk04_reason,shadow_strpk04_min,shadow_strpk03_pnl,shadow_strpk03_reason,shadow_strpk03_min,shadow_stren_pnl,shadow_stren_reason,shadow_stren_min,shadow_strpk_signed_pnl,shadow_strpk_signed_reason,shadow_strpk_signed_min,shadow_peak_stretch,shadow_peak_stretch_at_close,shadow_atr05_pnl,shadow_atr05_min,shadow_atr10_pnl,shadow_atr10_min,shadow_atr15_pnl,shadow_atr15_min,shadow_cap025_pnl,shadow_cap025_min,shadow_cap035_pnl,shadow_cap035_min,shadow_cap050_pnl,shadow_cap050_min,shadow_arm035_pnl,shadow_arm035_min,shadow_arm040_pnl,shadow_arm040_min,runner_peak_stretch,runner_trail_bound,signal_lost_flagged,signal_lost_flag_pnl,signal_lost_flagged_at,fl1_origin,fl2_flagged,fl2_flagged_at,fl2_flag_pnl,regime_neutral_hit_at,regime_neutral_pnl,regime_comeback_at,regime_comeback_pnl,regime_opposite_at,regime_opposite_pnl,first_rsi2_pnl,first_rsi2_minutes,first_rsi3_pnl,first_rsi3_minutes,opened_at,closed_at,close_reason,entry_order_type,exit_order_type,is_paper,notes
20,40170984921,,AVAXUSDT,SHORT,CLOSED,7.412,7.3787,7.378,171.5878,20.0,3431.756,463.0,STRONG_BUY,0.2986,0.0804,0.1088,32.15,41.52,28.9004,27.3668,0.2035,-0.2031,BEARISH,-0.1183,-0.0506,20.429,19.803,40.4,38.9,37.1,0.1588,43.5,45.3,False,False,False,False,False,False,False,False,False,False,True,False,False,False,False,False,True,W1,,,0.7266,0.9432,11.4,81.8,21.7,1.5337,5.0,HEALTHY_BEAR,HEALTHY_BEAR,,-0.1732,11.375092892614164,33.09176839668887,0.2729,-0.2063,4e-06,-0.2982,-0.3918,-0.1194,-0.1226,2026-08-25T20:39:44.741453,0.09897247706421435,87247882.715,32,2162.6,,,,,,,,False,7.71,0.018,7.83,0.018,10.67,0.2879,3437.93441645813,87247.882715,False,,-0.2382,,,,,,,,,0.61771608,1.5373521449999998,2.155068225,13.262831774999842,0.38647362385320644,0.5443967889908247,-0.21147477064220346,7.412,7.367,0.0,0.6391,-0.3448,2026-08-25T20:42:45.776637,2026-08-25T20:35:55.747150,0.1091,NEVER,1,0.4,,True,0.0095,0.0674,True,2026-08-25T20:42:46.354901,,,1.0,1.0,W1,False,,,0,,0.4795,-0.3448,True,,,,,7.379,7.226,2026-08-25T20:43:00.977064,2026-08-25T21:08:13.025070,2.4464,0.3822,25.41,0.21,,,1.2457,,22.95,0.5711,,,,,,,,,,,False,MOMENTUM,,,,,,0.5576,0.6925,0.8005,0.733,1.4616,2026-08-25T20:42:45.763654,,,,,,2026-08-25T21:03:15.192259,0.5576,2026-08-25T20:54:31.217034,0.5576,2026-08-25T21:03:14.180274,0.5711,2026-08-25T21:03:14.180274,0.5711,2026-08-25T21:03:16.208185,0.5441,2026-08-25T21:03:16.208185,0.5441,2026-08-25T21:03:16.208185,0.5441,0.6179,trailing,11.48,,,,,,,,,,0.5846,stretch,0.3,,,,,,,1.2457,window,,,,,1.8578,0.6391,1.2457,,1.2457,,,,,,,,,,,,,,0.5980903390220134,atr,False,,,,False,,,,,,,,,,,,,2026-08-25T20:31:55,2026-08-25T20:42:48.591148,RUNNER_TRAIL,MAKER,TAKER,False,
19,22963858217,,WLDUSDT,SHORT,CLOSED,0.3869,0.384996,0.3849,171.02914500000003,20.0,3420.5829000000003,8841.0,VERY_STRONG,0.4553,0.0967,0.1645,32.5,38.18,32.8051,31.9561,0.1525,-0.1523,BEARISH,-0.1765,-0.0506,20.429,19.803,40.4,38.9,37.1,0.1588,43.5,45.3,False,False,False,False,False,False,False,False,False,False,False,False,False,True,False,False,True,W4,,,0.7266,0.7464,11.4,81.8,26.3,0.849,3.0,HEALTHY_BEAR,HEALTHY_BEAR,,-0.1732,12.178846281536153,31.194262033609117,0.4425,-0.4571,4e-06,-0.6242,-0.4129,-0.1194,-0.1226,2026-08-25T20:39:43.752229,,146689750.2057,23,1128.4,,,,,,,,False,8.12,0.0663,8.23,0.118,8.62,0.2732,3432.18573310813,146689.75020570002,False,,-0.2094,,,,,,,,,0.6157049220000002,1.5316873361999999,2.1473922582,14.685871741800149,0.429338278624972,0.7127430860687523,-0.42501344016540615,0.3869,0.3839,0.0,1.0898,-0.3861,2026-08-25T20:40:27.534978,2026-08-25T20:37:14.204919,-0.03,RECOVERED,1,0.4,,True,0.0249,0.3349,True,2026-08-25T20:40:27.562534,,,1.0,1.0,W4,False,,,0,,0.5408,-0.5193,True,,,,,0.3858,0.3751,2026-08-25T20:42:05.103360,2026-08-25T21:08:13.025070,2.9869,0.2213,27.56,1.43,,,1.8496,,25.1,1.2293,,,,,,,,,,,False,MOMENTUM,,,,,,0.2989,0.5832,0.5315,1.6687,2.0823,2026-08-25T20:40:27.274408,,,,,,2026-08-25T21:03:14.180274,1.1518,2026-08-25T20:58:03.344883,1.4102,2026-08-25T21:03:14.180274,1.1518,2026-08-25T21:00:34.169820,1.4361,2026-08-25T21:03:14.180274,1.1518,2026-08-25T21:00:34.169820,1.4361,2026-08-25T21:00:42.261245,1.4102,1.4704,trailing,4.18,,,,,,,,,,1.3844,stretch,4.31,,,,,,,1.8496,window,,,,,1.831,1.0898,1.8496,,1.8496,,,,,,,,,,,,,,0.7224490738551618,atr,False,,,,False,,,,,,,,,,,,,2026-08-25T20:31:30,2026-08-25T20:40:39.554824,RUNNER_TRAIL,MAKER,TAKER,False,
18,40900367495,,SUIUSDT,SHORT,CLOSED,0.7673,0.7647446,0.7648,171.53375150000002,20.0,3430.6750300000003,4471.1,VERY_STRONG,0.5261,0.1157,0.1864,30.97,37.53,33.1265,32.0576,0.2144,-0.2139,BEARISH,-0.2018,-0.0506,20.429,19.803,40.4,38.9,37.1,0.1588,43.5,45.3,False,False,False,False,False,False,False,False,False,False,True,False,False,False,False,False,True,W1,,,0.7266,0.6516,11.4,81.8,18.4,1.0689,3.0,HEALTHY_BEAR,HEALTHY_BEAR,,-0.1732,11.295896368764112,31.347771287797922,0.4135,-0.5809,4e-06,-0.8512,-0.5152,-0.1194,-0.1226,2026-08-25T20:39:37.632031,,299195591.99271,15,1210.9,,,,,,,,False,8.24,0.1456,8.26,0.2108,8.27,0.2238,3437.8569304581297,299195.59199271,False,,-0.2094,,,,,,,,,0.6175215054000001,1.5386623114770002,2.1561838168770002,9.269265123122935,0.2701877922585671,0.40638876580215516,-0.5323887658021697,0.7673,0.7637,0.0,0.7433,-0.3811,2026-08-25T20:39:44.798766,2026-08-25T20:33:42.029228,-0.0413,RECOVERED,1,0.4,,True,-0.0072,0.2081,True,2026-08-25T20:39:45.509047,,,1.0,1.0,W1,False,,,0,,0.6057,-0.3811,True,,,,,0.7659,0.7442,2026-08-25T20:40:03.638664,2026-08-25T21:08:15.136790,2.9476,0.1195,28.37,0.18,,,1.8137,,25.88,0.9405,24.21,1.3185,,,,,,,,,False,MOMENTUM,2026-08-25T20:51:44.447325,1.0448,,,,0.2759,0.341,0.7711,1.3315,2.2829,,,,,,,2026-08-25T21:03:14.180274,1.0708,2026-08-25T20:58:02.331950,1.3315,2026-08-25T20:58:03.344883,1.3445,2026-08-25T20:57:59.251190,1.3576,2026-08-25T21:03:15.192259,1.0317,2026-08-25T21:03:16.208185,0.9926,2026-08-25T21:03:10.136651,1.1751,1.3813,trailing,4.36,,,,,,,,,,1.4227,stretch,4.21,,,,,,,1.8137,window,,,,,1.9708,0.7433,1.8137,,1.8137,,,,,,,,,,,,,,0.6905820942171413,cap,False,,,,False,,,,,,,,,,,,,2026-08-25T20:31:22,2026-08-25T20:39:52.773361,RUNNER_TRAIL,MAKER,TAKER,False,
17,61851003632,,1000PEPEUSDT,SHORT,CLOSED,0.0038748,0.0038446,0.0038438,155.22041946,20.0,3104.4083892,801179.0,VERY_STRONG,0.6056,0.1612,0.2203,28.8,37.43,32.7099,31.0552,0.3306,-0.3295,BEARISH,-0.2429,-0.0506,20.429,19.803,40.4,38.9,37.1,0.1588,43.5,45.3,False,False,False,False,False,False,False,False,False,False,True,False,False,True,False,False,True,W1+W4,,,0.7266,0.723,11.4,81.8,37.2,1.6546,2.0,HEALTHY_BEAR,HEALTHY_BEAR,,-0.1732,11.58665307834669,39.03237877935462,0.4914,-0.4498,4e-06,-0.6628,-0.7094,-0.1194,-0.1226,2026-08-25T20:39:59.179011,0.09848159905027395,355293942.6761215,10,1208.9,,,,,,,,False,8.46,0.0004,8.7,0.0004,11.3,0.1682,3114.26644705813,355293.9426761215,False,,-0.243,,,,,,,,,1.3969837751399998,1.3860957525300002,2.78307952767,21.412526272329806,0.6897457933312625,0.9582675234850836,-0.6115518220295284,0.0038748,0.0038342,0.0,1.1981,-0.6762,2026-08-25T20:44:33.685742,2026-08-25T20:35:55.264419,0.1331,NEVER,1,0.4,,True,0.0208,0.3164,True,2026-08-25T20:44:34.829545,,,1.0,1.0,W1+W4,False,,,0,,0.9243,-0.6762,True,,,,,0.003859,0.0037509,2026-08-25T20:46:24.066985,2026-08-25T21:08:17.201762,3.1076,0.3178,23.67,1.78,,,1.3165,,21.15,1.1075,19.47,1.2727,,,,,,,,,False,MOMENTUM,2026-08-25T20:51:44.447325,0.9346,,,,0.3823,0.7307,0.9784,1.4327,1.5901,2026-08-25T20:44:25.166002,,,,,,2026-08-25T21:03:12.159078,1.0714,2026-08-25T20:52:25.900720,0.8107,2026-08-25T21:03:09.123864,1.1514,2026-08-25T21:03:08.109939,1.1643,2026-08-25T21:03:09.123864,1.1514,2026-08-25T21:02:57.782825,1.2597,2026-08-25T21:03:07.100082,1.1823,1.1078,trailing,4.36,,,,,,,,,,1.221,stretch,3.97,,,,,,,1.3165,window,,,,,2.1285,1.1981,1.3165,,1.3165,,,,,,,,,,,,,,0.9453520212208877,atr,False,,,,False,,,,,,,,,,,,,2026-08-25T20:31:17,2026-08-25T20:44:37.063163,RUNNER_TRAIL,TAKER_FALLBACK,TAKER,False,
16,12195073042,,HYPEUSDT,LONG,CLOSED,81.023,80.456,80.416,4.0512,20.0,81.023,1.0,VERY_STRONG,0.4043,0.0631,0.1453,61.5,51.28,23.7754,23.8323,0.2227,0.2232,BULLISH,0.1321,0.0689,21.7777,21.7437,60.1,60.9,57.8,0.2638,50.3,49.8,False,False,False,False,False,False,False,False,False,False,False,False,False,False,False,False,False,UNMATCHED,,,0.436,0.7791,34.1,52.3,85.9,-0.0569,4.0,HEALTHY_BULL,HEALTHY_BULL,,0.0348,26.125661454135546,16.342829013087147,0.5475,0.3965,1.9e-05,0.4472,0.4322,0.1528,-0.1016,2026-08-25T15:22:48.565347,-0.04819605544104705,1071905916.94236,6,452.2,,,,,,,,False,,,,,,,6278.04,500000.0,False,,0.0243,2026-08-25T15:23:33.917804,-0.2234,,,2026-08-25T15:24:42.412265,-0.4134,,,0.01458414,0.0362052,0.05078934,-0.6177893399999931,-0.7624863804104922,0.3095659380669769,-0.8118328622736747,81.564,81.023,0.0,,,,2026-08-25T15:25:42.227963,-0.5929,ENDED_NEG,1,0.4,,False,-0.0497,-0.2241,True,2026-08-25T15:25:42.242074,,,2.0,1.0,UNMATCHED,False,-0.301096774989815,,0,,-0.5429,-0.0506,True,,,,,81.883,80.368,2026-08-25T16:04:01.303294,2026-08-25T15:26:05.999225,0.9984,-0.8714,38.2,0.27,11.3,0.0222,0.4381,0.0,20.53,-0.0445,18.82,-0.0519,,,,,-0.5354925638398919,2026-08-25T15:25:23.191463,,,False,MOMENTUM,2026-08-25T15:37:07.513184,0.0222,,,,-0.7023,-0.6702,-0.4259,0.0715,0.2493,,,,,,,2026-08-25T16:07:15.757051,0.5196,2026-08-25T16:04:44.887417,0.8096,2026-08-25T16:05:35.639614,0.6973,2026-08-25T16:05:32.620135,0.7368,2026-08-25T16:05:35.639614,0.6973,2026-08-25T16:05:31.610606,0.738,2026-08-25T16:05:29.598008,0.7763,0.4541,signal_lost,20.89,,,,,,,,,,0.4541,signal_lost,20.89,,,,,,,0.4541,signal_lost,20.89,,,,0.6682,,0.4381,,0.4381,,,,,,,,,,,,,,0.35035684706531706,,False,,,,False,,,2026-08-25T15:22:48.452821,-0.0482,2026-08-25T15:23:04.257004,-0.0334,,,,,,,2026-08-25T15:11:15,2026-08-25T15:25:49.512350,STOP_LOSS L1,MAKER,TAKER,False,
15,10926409763,,ONDOUSDT,SHORT,CLOSED,0.3749,0.37102964,0.3716,148.72298927632306,20.0,2974.459785526461,7925.5,VERY_STRONG,0.3068,0.0852,0.0955,35.0,46.63,31.2657,30.6488,0.2916,-0.2907,BEARISH,-0.132,-0.0391,34.7834,34.4028,41.4,39.5,40.5,0.2209,44.3,45.3,False,False,False,False,False,False,False,False,False,False,True,True,False,False,False,True,True,W1+W2+W1,,,0.8162,0.4743,36.4,56.8,10.3,0.6169,4.0,STRONG_BEAR,STRONG_BEAR,,-0.3829,14.153138995773782,32.46864838501659,0.4251,-0.4571,5e-05,-0.7149,-0.4708,-0.1044,-0.1541,2026-08-25T13:15:47.107108,,119739597.14887,29,948.0,,,,,,,,False,3.82,0.1502,3.82,0.1502,4.5,0.1769,2974.459785526461,119739.59714887,False,,-0.4226,,,,,,,,,1.3370714774999999,1.3232679353189998,2.660339412819,28.014198767181135,0.9428358660976306,1.0041170978927694,-0.25011469725259794,0.3749,0.3708,0.0,1.1796,-0.6499,2026-08-25T13:18:27.821995,2026-08-25T13:13:54.250757,0.2293,NEVER,1,0.4,,True,-0.1535,0.1066,True,2026-08-25T13:18:27.839351,,,1.0,1.0,W1+W2+W1,False,,,0,,1.117,-0.6499,True,,,,,0.3759,0.367,2026-08-25T13:36:13.230712,2026-08-25T13:51:21.553504,2.0172,-0.3567,32.76,17.62,19.26,-0.1433,0.9503,1.5638,17.54,-0.3034,19.26,-0.1433,,,,,,,,,False,MOMENTUM,2026-08-25T13:35:33.174824,-0.17,,,,0.8703,0.7902,1.3771,0.3368,1.1637,2026-08-25T13:18:14.728590,,2026-08-25T13:18:27.822045,,,,2026-08-25T13:19:06.255850,0.7902,2026-08-25T13:19:07.263878,0.7902,2026-08-25T13:19:07.263878,0.7902,2026-08-25T13:19:22.431898,0.8169,2026-08-25T13:19:22.431898,0.8169,2026-08-25T13:20:08.661255,0.6569,2026-08-25T13:20:08.661255,0.6569,0.8336,trailing,7.09,,,,,,,,,,0.6569,stretch,8.13,,,,,,,-0.1433,signal_lost,25.88,,,,1.3603,1.1796,0.7906,6.48,0.6569,8.13,,,,,,,,,,,,,0.9617862233855397,atr,False,,,,False,,,,,,,,,,,,,2026-08-25T13:11:58,2026-08-25T13:18:29.997352,RUNNER_TRAIL,TAKER_FALLBACK,TAKER,False,
14,6903899774,,ZROUSDT,SHORT,CLOSED,1.11420647,1.13077212,1.1298,351.63666056745694,20.0,7032.733211349139,6300.0,STRONG_BUY,1.2702,0.7182,0.4572,84.21,56.65,29.153,25.351,3.556,3.6872,BEARISH,0.6061,,34.15981313589597,34.28321801302693,42.705791564882354,43.639427988649985,40.99345774074419,0.2154,45.1,45.3,False,False,False,False,False,False,False,False,False,False,True,True,True,False,False,True,True,,,,,5.4723,54.5,22.7,61.0,3.8021,3.0,STRONG_BEAR,STRONG_BEAR,,-0.3925,68.08538580495917,8.166486424272815,1.0954,-0.4394,,-0.2084,4.9092,-0.0494,,,,40337237.74584,59,795.9,,,,,,0.0,,False,,,,,,,7032.733211349139,121011.71323752,False,,-0.3925,,,,,,,,,3.15877534245,3.2057389602,6.36451430265,-110.72810930264991,-1.5774356763069222,0.12607780750906608,-1.5774356763069222,1.11420647,1.1118,0.0,,,2026-08-25T13:03:00.643473,2026-08-25T13:03:32.183246,,NEVER,1,0.4,,False,0.086,0.1875,True,2026-08-25T13:03:32.186804,,,2.0,1.0,SPIKE_FADE,False,,,0,,-2.7123,0.0689,False,,,,,1.2616,1.0983,2026-08-25T13:40:42.111834,2026-08-25T13:08:05.496986,1.3376,-13.3186,4.48,37.09,0.01,-1.66,-6.9553,0.0,13.56,-3.0601,15.28,-4.1102,,,0.01,-1.66,,,,,,SPIKE_FADE,2026-08-25T13:04:01.908737,-2.378,,,,-2.0011,-2.5575,-0.7356,-3.096,-9.0554,,,,,,,2026-08-25T13:08:18.877422,0.3952,2026-08-25T13:08:16.862856,0.2786,2026-08-25T13:08:18.877422,0.3952,,,,,,,,,0.6196,ema13,4.27,,,,,,,,,,0.6196,ema13,4.27,,,,,,,0.6196,ema13,4.27,,,,3.8184,,0.6196,4.27,0.6196,4.27,,,,,,,,,,,,,,,False,,,,False,,,,,,,,,,,,,2026-08-25T13:02:50,2026-08-25T13:03:34.424759,STOP_LOSS L1,TAKER,TAKER,False,
13,12189931950,,HYPEUSDT,SHORT,CLOSED,79.4957502,80.0720076,80.072,182.8183105152566,20.0,3656.366210305132,45.96,VERY_STRONG,0.5066,0.1231,0.1717,33.28,35.72,30.7848,29.8935,0.2323,-0.2318,BEARISH,-0.2176,-0.0666,33.7643,33.396,40.5,41.0,27.7,0.2354,44.9,47.1,False,False,False,False,False,False,False,False,False,False,True,True,False,False,False,True,True,W1+W2+W1,,,0.8854,0.9876,15.9,72.7,7.0,0.8913,4.0,STRONG_BEAR,STRONG_BEAR,,-0.4612,11.793455548042713,29.135852320095413,0.4618,-0.4954,5e-05,-0.7541,-0.5257,-0.0843,-0.121,,,1108373900.76823,6,452.1,,,,,,,,False,,,,,,,3656.366210305132,500000.0,False,,-0.4121,2026-08-25T12:51:33.105392,-0.6604,,,2026-08-25T12:53:30.254218,-0.8001,,,1.6441311056364,1.6560492611832003,3.3001803668196006,-29.784970470819733,-0.8152170265449019,0.08713341560490032,-0.8831661891656711,79.4957502,79.355,0.0,,,,2026-08-25T12:53:30.795739,-0.3549,ENDED_NEG,1,0.4,,False,0.0,0.0581,True,2026-08-25T12:54:06.815193,,,1.0,1.0,W1+W2+W1,False,-0.5911953612710256,,0,,-0.2261,0.2235,True,,,,,80.256,78.866,2026-08-25T12:55:01.939395,2026-08-25T13:29:18.331108,0.7022,-1.0463,35.06,0.78,0.0,-0.8488,-0.3193,0.0,0.0,-0.8488,,,,,0.0,-0.8488,,,,,False,MOMENTUM,2026-08-25T12:55:15.165308,-0.9382,,,,-0.9382,-0.8878,-0.6765,-0.6073,0.2116,,,,,,,2026-08-25T13:20:06.637371,0.1122,2026-08-25T13:20:07.649806,0.1198,2026-08-25T13:20:07.649806,0.1198,2026-08-25T13:24:06.984697,0.1927,2026-08-25T13:30:41.393963,0.2531,2026-08-25T13:24:09.002037,0.1575,2026-08-25T13:24:22.147348,0.1311,0.4393,ema13,31.69,,,,,,,,,,0.4393,ema13,31.69,,,,,,,0.4393,ema13,31.69,,,,0.6086,,0.4393,31.69,0.4393,31.69,,,,,,,,,,,,,0.46724403771375145,,False,,,,False,,,2026-08-25T12:51:33.282261,-0.6604,2026-08-25T12:53:32.633518,-0.8316,,,-0.566,6.98,-0.6466,10.44,2026-08-25T12:40:07,2026-08-25T12:54:09.069404,STOP_LOSS L1,TAKER_FALLBACK,TAKER,False,
12,12188023869,,HYPEUSDT,SHORT,CLOSED,80.103,79.7548382,79.773,177.4826051825,20.0,3549.6521036500003,44.32,STRONG_BUY,0.6014,0.195,0.21,33.03,30.45,25.6129,24.5475,0.2612,-0.2605,BEARISH,-0.3176,-0.0756,35.358,35.71,41.1,36.3,41.3,0.1968,48.5,49.2,False,False,False,False,False,False,False,False,False,False,True,True,False,False,False,True,True,W1+W2+W1,,,0.9532,0.9738,16.3,76.7,10.7,1.0654,4.0,STRONG_BEAR,STRONG_BEAR,,-0.5017,13.533273513043728,31.177488181294237,0.4609,-0.2895,5e-05,-0.4843,-0.6641,-0.0411,-0.0868,2026-08-25T11:55:25.436292,,1139097435.1741,6,452.0,,,,,,,,False,6.49,-0.8274,33.51,0.2005,33.56,0.3004,3549.6521036500003,500000.0,False,,-0.4444,2026-08-25T11:35:44.263028,-0.6013,,,2026-08-25T11:38:52.562521,-0.8186,,,0.6390296927999999,1.5906304930608,2.2296601858607996,13.20087079013919,0.3718382367826421,0.5402450095501915,-0.8273601363244936,80.103,79.62,0.0,0.7829,-0.2605,2026-08-25T11:55:29.731794,2026-08-25T11:38:52.597885,-0.3283,RECOVERED,1,0.4,,True,-0.0228,-0.0212,True,2026-08-25T11:55:29.837257,,,1.0,1.0,W1+W2+W1,False,-0.60129937705206,,0,,0.6125,-0.2605,True,,,,,80.186,79.356,2026-08-25T12:02:30.036123,2026-08-25T12:40:30.086591,0.8695,-0.1666,44.97,6.97,,,0.8184,,,,,,,,,,,,,,False,MOMENTUM,2026-08-25T12:33:49.518460,0.4813,,,,0.3103,0.304,0.1405,0.3777,0.2703,2026-08-25T11:55:29.604289,,,,,,,,,,,,,,,,,,,,0.8184,window,,,,,,,,,,,0.4126,stretch,0.79,,,,,,,0.8184,window,,,,,0.4672,0.7829,0.8184,,0.8184,,,,,,,,,,,,,,0.5895774330198943,cap,False,,,,False,,,2026-08-25T11:35:20.517660,-0.4402,2026-08-25T11:45:48.271443,-0.1654,,,-0.6575,15.74,-0.3115,10.56,2026-08-25T11:21:55,2026-08-25T11:55:32.086690,RUNNER_TRAIL,MAKER,TAKER,False,
11,12190264457,,TAOUSDT,LONG,CLOSED,244.92,245.36,245.31,398.09995948625,20.0,7961.999189725,32.441,STRONG_BUY,0.3499,0.089,0.1063,62.1,52.5,18.601,18.2906,0.3124,0.3134,BULLISH,0.1667,0.0667,17.7549,17.0891,63.0,63.0,55.8,0.1753,72.2,71.6,False,False,False,False,False,False,False,False,False,False,False,False,False,False,False,False,False,UNMATCHED,,,0.4917,0.8667,41.9,48.8,83.6,0.3104,2.0,CHOPPY_WEAK,HEALTHY_BULL,,0.3406,29.332475103822446,18.50396921753564,0.4864,0.4608,-8.2e-05,0.6276,0.5095,0.1198,0.5276,2026-08-25T06:25:29.460222,0.09616401273885955,160906935.11,22,865.7,,,,,,,,False,2.52,-0.1854,4.27,0.0472,4.5,0.0962,7961.999189725,160906.93511000002,False,,0.3264,,,,,,,,,1.4301809496,3.581875692,5.0120566416,9.261983358400848,0.11656965539769153,0.43081655234362565,-0.18543385595295728,246.13,244.92,0.0,0.6772,0.3645,2026-08-25T06:25:47.289283,2026-08-25T06:25:19.586301,0.0641,RECOVERED,1,0.4,,True,-0.0204,-0.2078,True,2026-08-25T06:27:24.198042,,,2.0,1.0,UNMATCHED,False,,,0,,0.3655,0.3645,True,,,,,245.49,239.41,2026-08-25T06:28:38.947014,2026-08-25T06:55:34.546273,0.1697,-2.3127,0.99,27.92,8.45,-0.4468,-1.2716,0.1697,3.27,-0.112,5.0,-0.1855,,,10.23,-0.7408,,,,,False,MOMENTUM,,,,,,0.1248,-0.0548,-0.1814,-0.5979,-2.1739,,,,,,,,,,,,,,,,,,,,,0.1808,trailing,5.0,,,,,,,,,,0.0922,stretch,6.42,,,,,,,0.0922,stretch,6.42,,,,0.6772,0.6772,0.1859,4.97,-0.0834,6.47,,,,,,,,,,,,,0.6691126258335335,lock,False,,,,False,,,,,,,,,,,,,2026-08-25T06:21:13,2026-08-25T06:27:33.647342,RUNNER_TRAIL L1,MAKER,TAKER,False,
10,31826470489,,1000SHIBUSDT,LONG,CLOSED,0.005711,0.005662,0.005666,559.7967583515625,20.0,11195.93516703125,1960072.0,VERY_STRONG,0.2762,0.067,0.0809,57.08,58.9,27.1165,27.2515,0.1227,0.1228,BULLISH,0.1333,0.095,16.0362,15.5609,64.4,67.2,56.9,0.2151,71.9,68.7,False,False,False,False,False,False,False,False,False,False,False,False,False,False,False,False,False,UNMATCHED,,,0.5165,0.3556,88.4,9.3,57.0,-0.135,4.0,CHOPPY_WEAK,CHOPPY_WEAK,,0.314,19.925552419728717,11.863503897441992,0.5668,0.5494,-2e-06,0.91,0.271,0.2524,0.545,,,77630748.041106,38,1932.9,,,,,,,,False,,,,,,,11195.93516703125,77630.748041106,False,,0.3175,2026-08-25T05:45:04.255029,-0.3605,2026-08-25T05:57:16.135981,-0.5531,2026-08-25T05:50:02.616332,-0.4656,2026-08-25T06:00:37.887591,-0.7281,2.0149148145599995,4.9940674488,7.00898226336,-103.05251026335914,-0.9206072491682642,0.00700875503413875,-0.9206072491682642,0.005758,0.005711,0.0,0.1751,0.2304,2026-08-25T05:42:15.747934,2026-08-25T06:01:27.377211,-0.3423,ENDED_NEG,1,0.4,,False,0.0706,-0.0175,True,2026-08-25T06:01:32.832124,,,2.5,1.0,UNMATCHED,False,-0.3605372088951087,,0,,-0.4132,-0.2627,True,,,,,0.005692,0.005612,2026-08-25T06:15:13.288271,2026-08-25T06:45:31.083306,-0.3957,-1.7965,13.54,43.84,0.0,-0.9035,-1.6564,0.0,0.0,-0.9035,37.94,-1.5338,,,0.0,-0.9035,-0.41304377517072416,2026-08-25T05:53:15.836583,,,False,MOMENTUM,,,,,,-0.886,-0.8685,-0.9035,-0.6934,-1.1486,,,,,,,,,,,,,,,,,,,,,-1.6564,window,,,,,,,,,,,-1.6564,window,,,,,,,,-1.6564,window,,,,,,,-1.6564,,-1.6564,,,,,,,,,,,,,,0.175105871464139,,False,,,,False,,,,,,,,,-0.203,3.5,-0.343,7.11,2026-08-25T05:40:54,2026-08-25T06:01:35.072126,STOP_LOSS L1,MAKER,TAKER,False,
9,12178472433,,HYPEUSDT,LONG,CLOSED,80.39,80.583,80.601,191.6299660625,20.0,3832.59932125,47.68,STRONG_BUY,0.1444,0.0666,0.0434,47.36288409206544,51.89,37.65662042008892,40.4027,0.3651,-0.3637,NEUTRAL,-0.0049,0.0047,34.6935,36.9184,55.0,48.7,59.1,0.3101,73.7,73.8,False,False,False,False,False,False,False,False,False,False,False,True,False,False,False,False,True,,,,0.8968,0.9441340792382049,27.9,62.8,46.7,-2.7461,0.0,CHOPPY_FLAT,CHOPPY_WEAK,,0.6712,17.60121577053291,16.925207028207044,0.5217752454424153,0.7068,,0.9726,-0.3868,0.0051,0.5977,,,1132843984.10162,4,,2.44,53.8,0.028,-1.02,REARM,-0.1924475,,False,,,,,,,3832.59932125,500000.0,False,,0.1619,,,,,,,,,0.689939136,1.728988848,2.4189279839999998,6.783312015999897,0.17697157606667227,1.1443181365841568,-0.1836074760542284,81.361,80.39,0.0,,,,,,NEVER,1,0.4,,False,0.0223,0.0199,True,2026-08-25T06:58:28.348029,,,1.0,1.0,BULLRUN,False,,,0,,-0.3224,-0.1808,True,,,,,81.864,80.698,2026-08-25T07:21:19.128976,2026-08-25T06:58:36.421371,1.7706,0.3201,22.71,0.0,0.0,0.3201,1.0976,0.0,27.46,1.5156,,,,,0.0,0.3201,,,,,,BULLRUN_LONG,,,,,,0.4047,0.4993,0.5416,1.0006,1.3377,,,,,,,,,2026-08-25T07:03:44.259403,0.4694,2026-08-25T07:25:00.104744,1.4036,2026-08-25T07:03:44.259403,0.4694,2026-08-25T07:25:00.104744,1.4036,2026-08-25T07:03:42.245004,0.4744,2026-08-25T07:03:44.259403,0.4694,0.401,ema13,1.0,,,,,,,,,,0.401,ema13,1.0,,,,,,,0.401,ema13,1.0,,,,0.7247,,1.0976,,1.0976,,,,,,,,,,,,,,,,False,,,,False,,,,,,,,,,,,,2026-08-25T03:53:11,2026-08-25T06:58:32.794047,BR_BREAKEVEN_EXIT,MAKER,TAKER,False,
8,5638569614,,PUMPUSDT,LONG,CLOSED,0.004876,0.004822,0.00482,182.34019328469725,20.0,3646.803865693945,747755.0,STRONG_BUY,0.4926,0.091,0.162,57.320658691246706,57.34,18.279087154325353,18.9741,0.3,0.3009,BULLISH,0.2187,0.1492,45.5981,45.9141,64.7,64.1,80.7,0.356,73.8,67.6,False,False,False,False,False,False,False,False,False,False,False,True,False,False,False,False,True,,,,1.0,1.0711480281079844,0.0,0.0,80.6,-0.695,3.0,STRONG_BULL,STRONG_BULL,,0.9181,22.62632339878836,18.797067546536347,0.985640792559556,0.7218,,0.9732,0.5548,0.2032,0.5384,,,335378369.214522,10,,2.74,53.9,0.032,-0.8,REARM,0.0,,False,,,,,,,3646.803865693945,335378.369214522,False,,0.9246,,,,,,,,,0.6562896084000001,1.6225535745,2.2788431829,-42.65761318290017,-1.1699667760459438,0.8184735438884255,-1.2109655455291322,0.004919,0.004876,0.0,,,,,,NEVER,1,0.4,,True,-0.0415,-0.0205,True,2026-08-25T03:10:39.904264,,,1.0,1.0,BULLRUN,False,,,0,,-1.0841,0.3944,True,,,,,0.004896,0.00481,2026-08-25T03:39:28.765474,2026-08-25T03:18:10.440207,0.3472,-1.4166,28.74,7.43,39.53,-0.5962,-0.4732,0.3472,35.51,-0.4527,,,,,41.14,-0.7603,,,,,,BULLRUN_LONG,2026-08-25T03:51:18.141971,-0.6988,,,,-1.0064,-0.7398,-0.9859,-0.4732,0.0395,,,,,,,2026-08-25T03:40:29.102770,0.0806,2026-08-25T03:40:07.815809,0.1626,2026-08-25T03:40:09.841333,0.0806,2026-08-25T03:40:11.864621,0.0806,2026-08-25T03:40:28.090107,0.0601,2026-08-25T03:40:28.090107,0.0601,2026-08-25T03:40:28.090107,0.0601,-0.4732,window,,,,,,,,,,,-0.4732,window,,,,,,,,-0.4732,window,,,,,,,-0.4732,,-0.4732,,,,,,,,,,,,,,,,False,,,,False,,,,,,,,,,,,,2026-08-25T02:58:20,2026-08-25T03:10:44.404147,BR_STOP_LOSS,MAKER,TAKER,False,
7,956663686,,PROMUSDT,LONG,CLOSED,4.20021412,4.23332712,4.211,112.18417898999999,20.0,2243.6835797999997,531.0,STRONG_BUY,4.5328,1.5711,1.7067,81.92954975091612,78.38,41.70064843246598,39.4106,2.6623,2.7351,BULLISH,2.4228,0.1623,45.935,46.2766,57.8,64.0,78.4,0.3633,72.6,67.6,True,False,True,False,False,False,False,False,False,True,True,True,True,False,False,False,True,,,,1.5775,1.6263064311338429,69.8,25.6,85.1,2.2901,1.0,STRONG_BULL,STRONG_BULL,,0.9085,45.319395915845114,7.539887719604602,2.1863527604390676,2.5952,,4.3761,6.1301,0.0015,0.515,,,367399539.8686,8,,2.79,53.9,0.032,-0.8,REARM,0.0,,False,,,,,,,2243.6835797999997,367399.5398686,False,,0.9341,,,,,,,,,0.4014564655896001,1.0115535153239998,1.4130099809135999,-74.62,-3.33,1.3121650440620858,-0.13948833021874577,4.258,4.20021412,0.0,,,,,,NEVER,1,0.4,,True,-0.5302,-0.5866,True,2026-08-25T02:55:09.292561,,,1.0,1.0,BULLRUN,False,,,0,,2.7356,5.1097,False,,,,,4.64,4.106,2026-08-25T03:32:08.200309,2026-08-25T03:00:33.207967,10.4076,-2.3061,36.95,5.36,,,9.3838,,,,,,,,,,,,,,,BULLRUN_LONG,,,,,,0.8366,0.2176,-1.8299,0.0748,6.7887,,,,,,,2026-08-25T03:29:39.365384,7.7886,2026-08-25T03:30:32.013307,7.6696,2026-08-25T03:30:32.013307,7.6696,2026-08-25T03:30:32.013307,7.6696,2026-08-25T03:30:32.013307,7.6696,2026-08-25T03:30:44.209244,7.6934,2026-08-25T03:30:47.255509,7.6696,8.0624,trailing,0.94,,,,,,,,,,7.6696,stretch,2.26,,,,,,,9.3838,window,,,,,4.3976,,9.3838,,9.3838,,,,,,,,,,,,,,,,False,,,,False,,,,,,,,,,,,,2026-08-25T02:51:35,2026-08-25T02:55:11.344250,BR_BREAKEVEN_EXIT,MAKER,TAKER,False,Aug-25 repair: includes ghost leg (failed-open duplicate; reconciler-closed 03:00:27 at -83.80; Binance income ground truth)
6,61829564450,,1000PEPEUSDT,LONG,CLOSED,0.0041963,0.0042428,0.0042428,259.12315327628903,20.0,5182.463065525781,1238135.0,STRONG_BUY,0.9649,0.3303,0.329,72.54303127779174,74.4,27.581220394422434,25.495,0.7357,0.7411,BULLISH,0.5271,0.3952,39.1011,36.6492,79.1,78.4,62.8,0.3616,75.0,67.6,True,False,False,False,False,True,False,False,False,True,True,False,True,False,False,False,True,,,,1.0,1.5657359740367238,0.0,0.0,98.9,2.0862,1.0,BULL_EXHAUSTED,STRONG_BULL,,0.7897,36.24263156581576,10.612160462994567,0.5909441447031046,0.6488,,1.1414,1.4064,0.9028,0.5627,,,361466547.4748459,7,,3.08,53.9,0.036,-0.62,REARM,0.0,,False,,,,,,,5182.463065525781,361466.5474748459,False,,0.9221,,,,,,,,,2.338013655225,2.3639216300999997,4.701935285325,52.871342214674584,1.017620403688956,2.2014641469866376,-0.8212676643709893,0.0042925,0.0041963,0.0,,,,,,NEVER,1,0.4,,True,0.0,0.2532,True,2026-08-25T03:14:59.174541,,,1.0,1.0,BULLRUN,False,,,0,,0.2697,1.0461,True,,,,,0.0043132,0.0041841,2026-08-25T03:33:13.644265,2026-08-25T03:57:09.172722,2.6958,-0.3807,18.14,42.06,36.79,0.4033,0.1459,2.6958,31.16,1.0372,31.16,1.0372,,,36.79,0.4033,,,,,,BULLRUN_LONG,2026-08-25T03:51:18.141971,0.3485,,,,1.2779,1.204,1.1873,1.5114,1.0467,,,,,,,2026-08-25T03:29:24.145288,1.4637,2026-08-25T03:29:26.174802,1.4375,2026-08-25T03:29:33.280162,1.4757,2026-08-25T03:29:26.174802,1.4375,2026-08-25T03:34:28.353854,2.2788,2026-08-25T03:30:17.528387,1.3899,2026-08-25T03:30:18.806630,1.4256,1.4664,trailing,0.84,,,,,,,,,,1.4971,stretch,0.82,,,,,,,0.4033,ema13,23.35,,,,1.3647,,0.1459,,0.1459,,,,,,,,,,,,,,,,False,,,,False,,,,,,,,,,,,,2026-08-25T02:29:00,2026-08-25T03:15:05.315149,BR_TRAILING_STOP,TAKER_FALLBACK,TAKER,False,
5,101709453883,,DOGEUSDT,LONG,CLOSED,0.09277,0.09219,0.09217,258.13259403703125,20.0,5162.651880740625,55638.0,STRONG_BUY,0.7815,0.2911,0.261,76.5638416845518,70.66,25.296676145956752,23.1904,0.7815,0.7877,BULLISH,0.4282,0.3952,39.1011,36.6492,79.1,78.4,62.8,0.3616,75.0,67.6,True,False,False,False,False,True,False,False,False,True,True,False,True,False,False,False,True,,,,1.0,1.8748028756451176,0.0,0.0,100.0,2.1062,1.0,BULL_EXHAUSTED,STRONG_BULL,,0.7897,36.66476234119409,11.364193248237104,0.45618537289808075,0.4922,,0.9019,1.3449,0.9028,0.5627,,,709151834.3426,5,,3.08,53.9,0.036,-0.62,REARM,0.0,,False,,,,,,,5162.651880740625,500000.0,False,,0.956,,,,,,,,,0.9290767068000001,2.3082,3.2373,-35.51,-0.69,0.2171368977039952,-3.10140789048184,0.09303,0.09277,0.0,,,,,,NEVER,1,0.4,,True,-0.0216,-0.0216,True,2026-08-25T02:50:17.629558,,,1.0,1.0,BULLRUN,False,,,0,,-2.7695,0.0999,True,,,,,0.09302,0.09183,2026-08-25T03:20:22.811971,2026-08-25T02:51:44.777906,0.2065,-1.0763,30.02,1.38,,,-0.2247,,38.16,-0.2894,,,,,,,,,,,,BULLRUN_LONG,,,,,,-0.9792,-0.8715,-0.8607,-0.3756,0.2065,,,,,,,,,,,,,,,,,,,,,-0.2247,window,,,,,,,,,,,-0.2247,window,,,,,,,,-0.2247,window,,,,,,,-0.2247,,-0.2247,,,,,,,,,,,,,,,,False,,,,False,,,,,,,,,,,,,2026-08-25T02:28:32,2026-08-25T02:50:21.888048,BR_STOP_LOSS,MAKER,TAKER,False,
4,235461448133,,SOLUSDT,LONG,CLOSED,101.97,100.96,100.86,258.099001425625,20.0,5161.980028512499,50.6,STRONG_BUY,0.4097,0.1542,0.097,61.67896819296062,64.62,42.37921538963291,42.5936,0.457,0.4591,BULLISH,0.2929,0.3952,39.1011,36.6492,79.1,78.4,62.8,0.3616,75.0,67.6,False,False,False,False,False,True,False,False,False,True,False,False,True,False,False,False,True,,,,1.0,1.3539666434484587,0.0,0.0,76.6,-0.2143,2.0,BULL_EXHAUSTED,STRONG_BULL,,0.7897,30.37326247038954,13.143664926545288,0.7362903322464979,0.6838,,1.2203,0.7116,0.9028,0.5627,,,3486414526.8721,2,,3.08,53.9,0.036,-0.62,REARM,0.0,,False,,,,,,,5161.980028512499,500000.0,False,,0.9104,,,,,,,,,0.92874276,2.2988592,3.22760196,-54.33360196000026,-1.053041678925179,0.28988614298322984,-1.1608680003922769,102.33,101.97,0.0,,,,,,NEVER,1,0.4,,True,-0.0991,-0.0294,True,2026-08-25T02:51:01.335245,,,1.0,1.0,BULLRUN,False,,,0,,-0.6746,-0.0824,True,,,,,102.03,100.74,2026-08-25T03:33:07.540413,2026-08-25T02:55:17.848137,-0.0042,-1.2692,42.03,4.2,,,-0.318,,37.43,-0.4553,,,,,,,,,,,,BULLRUN_LONG,,,,,,-1.1908,-1.1516,-1.0927,-0.7004,-0.5435,,,,,,,,,,,,,,,,,,,,,-0.318,window,,,,,,,,,,,-0.318,window,,,,,,,,-0.318,window,,,,,,,-0.318,,-0.318,,,,,,,,,,,,,,,,False,,,,False,,,,,,,,,,,,,2026-08-25T02:28:17,2026-08-25T02:51:05.608984,BR_STOP_LOSS,MAKER,TAKER,False,
3,1114827172948,,BTCUSDT,LONG,CLOSED,80850.9,80335.6,80335.6,234.7576350325,20.0,4695.15270065,0.058,STRONG_BUY,0.7317,0.2409,0.2545,79.16112200805615,80.99,39.10109303893416,36.6492,0.4068,0.4084,BULLISH,0.3956,0.3952,39.1011,36.6492,79.1,78.4,62.8,0.3616,75.0,67.6,False,False,False,False,False,True,False,False,False,True,True,False,True,False,False,False,True,,,,1.0,2.175587693014629,0.0,0.0,76.2,2.4519,1.0,BULL_EXHAUSTED,STRONG_BULL,,0.7897,44.010147074778615,7.471065010364978,0.3738984182082056,0.4483,,0.7901,0.9064,0.9028,0.5627,,,20191456238.28,1,,3.08,53.9,0.036,-0.62,REARM,0.0,,False,,,,,,,4695.15270065,500000.0,False,,0.7007,,,,,,,,,0.8440833960000002,2.0967591600000004,2.9408425560000007,-32.82824255599933,-0.7000592225936736,0.44276543365628074,-0.7000592225936736,81260.0,80850.9,0.0,,,,,,NEVER,1,0.4,,False,0.0,0.0219,True,2026-08-25T03:50:04.375079,,,1.0,1.0,BULLRUN,False,,,0,,-0.4072,-0.0396,True,,,,,80633.7,80128.0,2026-08-25T03:52:29.292983,2026-08-25T04:31:58.652408,-0.3316,-0.9571,2.22,41.71,0.0,-0.5423,-0.7696,0.0,12.05,-0.5219,8.6,-0.6031,,,0.0,-0.5423,,,,,,BULLRUN_LONG,2026-08-25T03:51:18.141971,-0.4755,,,,-0.4755,-0.3636,-0.5081,-0.6948,-0.8198,,,,,,,,,,,,,,,,,,,,,-0.7696,window,,,,,,,,,,,-0.7696,window,,,,,,,,-0.7696,window,,,,,,,-0.7696,,-0.7696,,,,,,,,,,,,,,,,False,,,,False,,,,,,,,,,,,,2026-08-25T02:28:12,2026-08-25T03:50:13.799374,BR_STOP_LOSS,MAKER,TAKER,False,
2,101699779408,,DOGEUSDT,LONG,CLOSED,0.08974,0.08995,0.09,388.69898589,20.0,7773.979717800001,86541.0,VERY_STRONG,0.2943,0.0789,0.1164,61.0,58.06,23.8339,23.974,0.1152,0.1154,BULLISH,0.1186,0.0261,16.2307,17.419,56.1,52.3,59.2,0.1642,60.1,59.5,False,False,False,False,False,False,False,False,False,False,False,False,False,False,False,False,False,UNMATCHED,,,0.4867,0.7828,67.4,23.3,94.6,-0.1401,3.0,CHOPPY_WEAK,CHOPPY_WEAK,,-0.0016,23.3841319532902,14.94654383228611,0.3134,-0.0141,5e-05,-0.0591,0.311,0.0981,0.2256,2026-08-24T21:55:48.727910,0.09935090260753673,724014515.43992,7,2236.5,,,,,,0.0,,False,23.64,0.0548,23.65,0.0548,25.15,0.1996,7773.979717800001,500000.0,False,,0.0245,,,,,,,,,3.4947852029999997,3.5029633275000003,6.9977485305,11.175861469500159,0.14390405616224855,0.5226058613773067,-0.23479774905282497,0.09029,0.08974,0.0,0.4685,0.1805,2026-08-24T21:59:08.958903,2026-08-24T21:38:19.415210,-0.1065,RECOVERED,1,0.4,,True,0.0556,-0.1002,True,2026-08-24T22:00:53.587756,,,2.0,1.0,UNMATCHED,True,,,0,,0.0219,0.2508,True,,,,,0.09024,0.08967,2026-08-24T22:02:28.468827,2026-08-24T22:31:22.692813,0.4672,-0.168,1.51,30.41,32.79,-0.0231,-0.0343,0.0,32.79,-0.0231,43.63,0.0214,,,32.79,-0.0231,,,,,False,MOMENTUM,,,,,,0.1663,0.2554,0.1997,0.1663,-0.0231,2026-08-24T21:59:08.898821,0.19959549810563446,,,,,,,2026-08-24T22:40:23.237496,0.1663,,,2026-08-24T22:40:23.237496,0.1663,,,2026-08-24T22:40:26.265442,0.1552,,,-0.0343,window,,,,,,,,,,,-0.0343,window,,,,,,,,-0.0343,window,,,,,,0.4685,-0.0343,,-0.0343,,,,,,,,,,,,,,0.4685358854295459,atr,False,,,,False,,,2026-08-24T21:33:20.300451,-0.1123,2026-08-24T21:40:12.264405,-0.0454,,,-0.2125,6.88,-0.09,15.49,2026-08-24T21:32:10,2026-08-24T22:00:57.872046,RUNNER_TRAIL L1,TAKER_FALLBACK,TAKER,False,
1,235366811892,,SOLUSDT,LONG,CLOSED,96.63,97.24,97.23,578.4005875875,20.0,11568.01175175,119.76,STRONG_BUY,0.2218,0.0608,0.0784,59.76,56.06,17.6166,17.1128,0.1069,0.107,BULLISH,0.0885,0.0343,21.8234,23.4557,57.2,55.9,49.7,0.1873,59.9,59.5,False,False,False,False,False,False,False,False,False,False,False,False,False,False,False,False,False,UNMATCHED,,,0.3592,0.4447,74.4,11.6,87.5,0.5038,3.0,HEALTHY_BULL,CHOPPY_WEAK,,-0.0637,26.99977315949047,16.48996708530423,0.3307,0.1292,0.0001,0.2235,0.2464,0.1362,0.2224,2026-08-24T21:12:08.502928,0.09216144054642003,2710197215.2516,3,2170.6,,,,,,0.0,,False,3.69,-0.1251,9.74,-0.1251,10.06,-0.1251,11568.01175175,500000.0,False,,0.0245,,,,,,,,,2.083033584,5.24045808,7.323491664,65.73010833599993,0.5679898582220837,0.8886568353513419,-0.12506457621856804,97.55,96.63,0.0,0.4002,0.3432,2026-08-24T21:59:20.156545,2026-08-24T21:04:03.333061,0.0862,RECOVERED,1,0.4,,True,-0.0103,0.0414,True,2026-08-24T22:01:31.208710,,,2.5,1.0,UNMATCHED,False,,,0,,0.0518,0.374,True,,,,,98.71,97.23,2026-08-24T22:37:15.682331,2026-08-24T22:01:37.293385,2.0895,0.5579,35.7,0.06,,,1.065,,,,41.33,1.1892,,,,,,,,,False,MOMENTUM,2026-08-24T22:33:46.419360,1.1271,,,,0.9512,1.0133,1.0961,0.8477,0.858,2026-08-24T21:48:19.012361,,,,,,2026-08-24T22:40:14.175897,1.5928,2026-08-24T22:38:30.543142,1.6859,2026-08-24T22:40:04.082010,1.7273,2026-08-24T22:40:12.156227,1.6652,2026-08-24T22:40:12.156227,1.6652,2026-08-24T22:40:14.175897,1.5928,2026-08-24T22:40:12.156227,1.6652,1.8395,trailing,3.61,,,,,,,,,,1.5307,stretch,2.31,,,,,,,1.065,window,,,,,0.8771,0.4139,1.065,,1.065,,,,,,,,,,,,,,0.4036446564039359,atr,False,,,,False,,,2026-08-24T21:20:50.578818,-0.0837,2026-08-24T21:24:16.461132,0.0301,,,-0.094,19.04,-0.0009,15.59,2026-08-24T21:02:24,2026-08-24T22:01:33.422029,RUNNER_TRAIL L1,MAKER,TAKER,False,
