win,pair,rank,bucket,pnl,why,tag
0,1000BONKUSDT,42,21-50,-0.7,STOP,signal
0,FHEUSDT,16,11-20,-1.2,STOP,signal
0,FOGOUSDT,30,21-50,0.5169170922710244,TRAIL,signal
0,LTCUSDT,19,11-20,0.26055399375278726,TRAIL,signal
0,ASTERUSDT,18,11-20,0.6718073410629121,TRAIL,signal
0,LITUSDT,49,21-50,0.382313810110979,TRAIL,signal
0,币安人生USDT,34,21-50,0.31637278073051883,TRAIL,signal
0,WLDUSDT,38,21-50,1.7890609659982293,TRAIL,signal
0,HYPEUSDT,20,11-20,0.32584464310854944,TRAIL,signal
0,SUIUSDT,10,1-10,2.806862356794065,TRAIL,signal
0,XRPUSDT,3,1-10,0.8894557053344386,TRAIL,signal
0,1000BONKUSDT,42,21-50,2.0344139814811713,TRAIL,signal
0,ADAUSDT,15,11-20,-0.7,STOP,signal
0,1000PEPEUSDT,9,1-10,0.3441719445818867,TRAIL,signal
0,AAVEUSDT,43,21-50,0.27144923857868075,TRAIL,signal
0,APTUSDT,45,21-50,0.2739270084806119,TRAIL,signal
0,ARBUSDT,36,21-50,0.4398570646221293,TRAIL,signal
0,ENAUSDT,21,21-50,0.33828135405105075,TRAIL,signal
0,LINKUSDT,23,21-50,-0.7,STOP,signal
1,ENSOUSDT,21,21-50,0.5915000000000014,TRAIL,signal
1,HYPEUSDT,2,1-10,0.48950654704920205,TRAIL,signal
1,JTOUSDT,10,1-10,-1.2,STOP,signal
1,1000PEPEUSDT,14,11-20,0.32468294032519346,TRAIL,signal
1,AAVEUSDT,31,21-50,0.5700926827618885,TRAIL,signal
1,ACUUSDT,38,21-50,-1.2,STOP,signal
1,ASTERUSDT,16,11-20,0.882879435905,TRAIL,signal
1,AXLUSDT,50,21-50,0.5457496679946933,TRAIL,signal
1,CRVUSDT,44,21-50,0.7415000000000006,TRAIL,signal
1,DASHUSDT,23,21-50,0.6024769384419856,TRAIL,signal
1,AVNTUSDT,34,21-50,-1.2,STOP,signal
1,BTRUSDT,43,21-50,-1.2,STOP,signal
1,ROSEUSDT,35,21-50,-1.2,STOP,signal
1,PIPPINUSDT,5,1-10,0.27597684391080207,TRAIL,signal
1,PTBUSDT,25,21-50,0.6266940584571119,TRAIL,signal
1,QUSDT,37,21-50,-1.2,STOP,signal
1,FARTCOINUSDT,33,21-50,0.8198783783783739,TRAIL,signal
1,NOMUSDT,30,21-50,0.33920831015686725,TRAIL,signal
1,AXLUSDT,50,21-50,-0.959499268156355,STOP,signal
1,FOGOUSDT,19,11-20,0.27154231311706556,TRAIL,signal
1,WIFUSDT,42,21-50,1.6676550216274002,TRAIL,signal
1,1000PEPEUSDT,14,11-20,0.5461253626898726,TRAIL,signal
1,AAVEUSDT,31,21-50,0.2860783132530167,TRAIL,signal
1,ADAUSDT,17,11-20,0.39288888888888285,TRAIL,signal
1,ASTERUSDT,16,11-20,-0.9479430626520687,STOP,signal
1,AVAXUSDT,24,21-50,0.7477920735567207,TRAIL,signal
1,BNBUSDT,13,11-20,0.5038617124059426,TRAIL,signal
1,DASHUSDT,23,21-50,0.3710942720763717,TRAIL,signal
1,DOGEUSDT,8,1-10,0.5038318612842815,TRAIL,signal
1,BCHUSDT,29,21-50,-0.7,STOP,signal
1,PLAYUSDT,18,11-20,-1.2,STOP,signal
1,HYPEUSDT,2,1-10,0.40351328054368774,TRAIL,signal
1,ZECUSDT,6,1-10,0.32291809290952866,TRAIL,signal
1,AXLUSDT,50,21-50,-0.9177044788679785,STOP,signal
1,DASHUSDT,23,21-50,-0.8703199950085314,STOP,signal
1,PIPPINUSDT,5,1-10,0.5634062489618272,TRAIL,signal
1,ENSOUSDT,21,21-50,0.26317235494880703,TRAIL,signal
1,KITEUSDT,32,21-50,0.426020851521053,TRAIL,signal
1,HYPEUSDT,2,1-10,0.33932178839333416,TRAIL,signal
1,PTBUSDT,25,21-50,0.2631229589312091,TRAIL,signal
1,JTOUSDT,10,1-10,0.5155264516813911,TRAIL,signal
1,LITUSDT,36,21-50,-1.2,STOP,signal
1,FRAXUSDT,26,21-50,0.30102231301068183,TRAIL,signal
1,PUMPUSDT,12,11-20,0.3131940671908495,TRAIL,signal
1,XPLUSDT,22,21-50,0.3008996840442228,TRAIL,signal
1,PLAYUSDT,18,11-20,0.3154085772984111,TRAIL,signal
1,FOGOUSDT,19,11-20,0.3082136812411953,TRAIL,signal
1,SOMIUSDT,7,1-10,-0.8905772227964404,STOP,signal
1,ENSOUSDT,21,21-50,0.4275752965446068,TRAIL,signal
1,FARTCOINUSDT,33,21-50,0.7957642546483423,TRAIL,signal
1,PENGUUSDT,39,21-50,0.3003780918727893,TRAIL,signal
1,KITEUSDT,32,21-50,-1.0761275379946373,STOP,signal
1,PTBUSDT,25,21-50,-1.2,STOP,signal
1,HYPEUSDT,2,1-10,0.320877431906614,TRAIL,signal
1,AXSUSDT,11,11-20,0.5656426611796956,TRAIL,signal
1,WLFIUSDT,48,21-50,-0.7,STOP,signal
1,PIPPINUSDT,5,1-10,0.894240323338038,TRAIL,signal
1,VIRTUALUSDT,41,21-50,-1.1280639043454304,STOP,signal
1,XPLUSDT,22,21-50,0.7885829369375387,TRAIL,signal
1,WLDUSDT,9,1-10,-0.9436086673221191,STOP,signal
1,XMRUSDT,46,21-50,0.901661049402917,TRAIL,signal
1,AXLUSDT,50,21-50,2.9175177474235983,TRAIL,signal
1,FARTCOINUSDT,33,21-50,5.9915235690835225,TRAIL,signal
1,LINKUSDT,20,11-20,3.3576077884078908,TRAIL,signal
1,PENGUUSDT,39,21-50,4.047462511718464,TRAIL,signal
1,DASHUSDT,23,21-50,-1.2,STOP,signal
1,1000PEPEUSDT,14,11-20,0.481785781614863,TRAIL,signal
1,AAVEUSDT,31,21-50,0.40307059314953236,TRAIL,signal
1,ACUUSDT,38,21-50,0.6956262135922253,TRAIL,signal
1,ADAUSDT,17,11-20,0.34125399753997576,TRAIL,signal
1,ASTERUSDT,16,11-20,0.6036754847190255,TRAIL,signal
1,AVAXUSDT,24,21-50,0.5325355261933636,TRAIL,signal
1,AVNTUSDT,34,21-50,0.5794498364231273,TRAIL,signal
1,AXSUSDT,11,11-20,0.4003235294117685,TRAIL,signal
1,CRVUSDT,44,21-50,0.3515946372239752,TRAIL,signal
1,DOGEUSDT,8,1-10,0.3416407088206877,TRAIL,signal
1,DOTUSDT,47,21-50,0.3263431024274723,TRAIL,signal
1,ENSOUSDT,21,21-50,0.6908282482447703,TRAIL,signal
1,JTOUSDT,10,1-10,0.381556417489414,TRAIL,signal
1,FOGOUSDT,19,11-20,-1.2,STOP,signal
1,TAOUSDT,40,21-50,-1.0641235088144532,STOP,signal
1,ADAUSDT,17,11-20,0.4157979237788353,TRAIL,signal
1,ASTERUSDT,16,11-20,0.36640603039712416,TRAIL,signal
1,AXLUSDT,50,21-50,0.8003175779605064,TRAIL,signal
1,CRVUSDT,44,21-50,0.35289240506329156,TRAIL,signal
1,DASHUSDT,23,21-50,0.27984586466164924,TRAIL,signal
1,FARTCOINUSDT,33,21-50,0.9528627731833714,TRAIL,signal
1,HYPEUSDT,2,1-10,-1.177118819903049,STOP,signal
1,FOGOUSDT,19,11-20,-1.2,STOP,signal
1,AAVEUSDT,31,21-50,0.3019179995734704,TRAIL,signal
1,DASHUSDT,23,21-50,-0.8526337458102258,STOP,signal
1,1000PEPEUSDT,14,11-20,0.29636285387223427,TRAIL,signal
1,ASTERUSDT,16,11-20,0.42919011019220804,TRAIL,signal
1,AVNTUSDT,34,21-50,0.3014114064230347,TRAIL,signal
1,ADAUSDT,17,11-20,0.2846677018633611,TRAIL,signal
1,ENSOUSDT,21,21-50,-1.2,STOP,signal
1,BTRUSDT,43,21-50,0.33845386652931964,TRAIL,signal
1,PIPPINUSDT,5,1-10,0.2830617744103665,TRAIL,signal
1,PENGUUSDT,39,21-50,-0.7,STOP,signal
1,AXLUSDT,50,21-50,-0.7103297325470789,STOP,signal
2,0GUSDT,26,21-50,3.700102433046146,TRAIL,signal
2,1000PEPEUSDT,9,1-10,5.254276673677737,TRAIL,signal
2,ACUUSDT,50,21-50,2.127893985678929,TRAIL,signal
2,ADAUSDT,13,11-20,3.712247779654078,TRAIL,signal
3,1000BONKUSDT,49,21-50,-1.2,STOP,signal
3,ARCUSDT,7,1-10,6.76448182190095,TRAIL,signal
3,ENSOUSDT,24,21-50,0.3932336184511935,TRAIL,signal
3,SENTUSDT,41,21-50,0.4506383812010457,TRAIL,signal
3,TRXUSDT,50,21-50,0.36792049431019175,TRAIL,signal
3,我踏马来了USDT,35,21-50,0.7541090262557546,TRAIL,signal
3,FARTCOINUSDT,30,21-50,-1.2,STOP,signal
3,ASTERUSDT,23,21-50,0.28788245542119173,TRAIL,signal
3,CRVUSDT,43,21-50,0.4786900826446286,TRAIL,signal
3,GUSDT,40,21-50,0.32966503800217717,TRAIL,signal
3,ADAUSDT,10,1-10,0.34854500978473335,TRAIL,signal
3,AXSUSDT,29,21-50,0.28029374534623475,TRAIL,signal
3,BIRBUSDT,16,11-20,-1.2,STOP,signal
3,1000PEPEUSDT,9,1-10,1.7314555867798742,TRAIL,signal
3,ARBUSDT,31,21-50,1.5099935193499423,TRAIL,signal
3,BNBUSDT,4,1-10,0.9029075884938091,TRAIL,signal
3,BTRUSDT,18,11-20,0.40774823876009125,TRAIL,signal
3,BULLAUSDT,19,11-20,2.4650231125656727,TRAIL,signal
3,DASHUSDT,38,21-50,0.957713086276779,TRAIL,signal
3,DOGEUSDT,6,1-10,0.7326781127861584,TRAIL,signal
3,BCHUSDT,15,11-20,0.5684021389686656,TRAIL,signal
3,LINKUSDT,13,11-20,1.076213747172722,TRAIL,signal
3,LTCUSDT,22,21-50,0.8831601409553576,TRAIL,signal
3,OPUSDT,46,21-50,1.5818803442546145,TRAIL,signal
3,PUMPUSDT,17,11-20,0.39110474308300797,TRAIL,signal
3,TAOUSDT,34,21-50,-1.2,STOP,signal
3,1000BONKUSDT,49,21-50,-1.2,STOP,signal
3,1000SHIBUSDT,45,21-50,0.6862558610964211,TRAIL,signal
3,AAVEUSDT,32,21-50,1.1308643381301828,TRAIL,signal
3,AVAXUSDT,14,11-20,0.6557857142857184,TRAIL,signal
3,CLOUSDT,42,21-50,0.8689673008323369,TRAIL,signal
3,DOTUSDT,26,21-50,-1.2,STOP,signal
3,ZAMAUSDT,37,21-50,0.8349707903780091,TRAIL,signal
3,ENAUSDT,20,11-20,-1.2,STOP,signal
3,CRVUSDT,43,21-50,0.5042705627705633,TRAIL,signal
3,SENTUSDT,41,21-50,0.30836586985391773,TRAIL,signal
3,ZKPUSDT,21,21-50,-1.2,STOP,signal
3,1000PEPEUSDT,9,1-10,0.45107865328696384,TRAIL,signal
3,ARBUSDT,31,21-50,0.4243226555246108,TRAIL,signal
3,ASTERUSDT,23,21-50,0.3972042702358225,TRAIL,signal
3,BIRBUSDT,16,11-20,0.4714713120942205,TRAIL,signal
3,BNBUSDT,4,1-10,-1.2,STOP,signal
3,BULLAUSDT,19,11-20,2.3808231317984485,TRAIL,signal
3,CLOUSDT,42,21-50,0.4148009708737891,TRAIL,signal
3,ZAMAUSDT,37,21-50,0.6329893617021235,TRAIL,signal
3,AAVEUSDT,32,21-50,0.4297387823680602,TRAIL,signal
3,XMRUSDT,36,21-50,0.51850843320017,TRAIL,signal
3,GUSDT,40,21-50,5.255073494574238,TRAIL,signal
3,PUMPUSDT,17,11-20,8.11217255318059,TRAIL,signal
3,WLFIUSDT,44,21-50,5.9499322516284385,TRAIL,signal
3,XPLUSDT,48,21-50,7.506592771279136,TRAIL,signal
3,HBARUSDT,47,21-50,-1.2,STOP,signal
4,AGLDUSDT,3,1-10,0.6577534435261715,TRAIL,signal
4,BELUSDT,40,21-50,0.5411309963099638,TRAIL,signal
4,BERAUSDT,33,21-50,0.3120023156394705,TRAIL,signal
4,BIOUSDT,42,21-50,0.5537448979591854,TRAIL,signal
4,ENAUSDT,26,21-50,0.41545833333333754,TRAIL,signal
4,ENSOUSDT,7,1-10,-1.2,STOP,signal
4,1000PEPEUSDT,11,11-20,0.5011412556053804,TRAIL,signal
4,ASTERUSDT,32,21-50,-1.0524937713564537,STOP,signal
4,DOGEUSDT,6,1-10,-1.0541762376655526,STOP,signal
4,AAVEUSDT,49,21-50,-0.9521591785879474,STOP,signal
4,HYPEUSDT,17,11-20,0.7747714393393061,TRAIL,signal
4,BCHUSDT,8,1-10,-0.7,STOP,signal
5,ALICEUSDT,39,21-50,1.4300496183206122,TRAIL,signal
5,ARCUSDT,21,21-50,-1.2,STOP,signal
5,ASTERUSDT,33,21-50,0.3455254550836152,TRAIL,signal
5,BCHUSDT,15,11-20,0.32576226571421973,TRAIL,signal
5,ESPUSDT,24,21-50,0.27927200389737017,TRAIL,signal
5,FARTCOINUSDT,43,21-50,0.8910351925630842,TRAIL,signal
5,HUSDT,31,21-50,0.5680963582433902,TRAIL,signal
5,HYPEUSDT,9,1-10,0.25902089455405897,TRAIL,signal
5,MIRAUSDT,32,21-50,0.3753153503893139,TRAIL,signal
5,ATHUSDT,44,21-50,0.5005219224283382,TRAIL,signal
5,MYXUSDT,36,21-50,-1.2,STOP,signal
5,1000LUNCUSDT,20,11-20,0.5616076320939358,TRAIL,signal
5,1000PEPEUSDT,8,1-10,0.6414054955754755,TRAIL,signal
5,1000SHIBUSDT,48,21-50,0.6075075498831639,TRAIL,signal
5,AAVEUSDT,27,21-50,0.48255873550318035,TRAIL,signal
5,ADAUSDT,12,11-20,0.5054381365522504,TRAIL,signal
5,AVAXUSDT,16,11-20,-0.9167467042362317,STOP,signal
5,SAHARAUSDT,5,1-10,1.7496991215226974,TRAIL,signal
5,PIPPINUSDT,4,1-10,0.4503270937735424,TRAIL,signal
5,POWERUSDT,3,1-10,-1.2,STOP,signal
5,RIVERUSDT,13,11-20,1.5621589492431054,TRAIL,signal
5,WETUSDT,35,21-50,-1.2,STOP,signal
5,DOTUSDT,11,11-20,0.29119737726967077,TRAIL,signal
5,ICPUSDT,41,21-50,0.418821814254857,TRAIL,signal
5,LTCUSDT,37,21-50,0.26687543319214235,TRAIL,signal
5,STABLEUSDT,50,21-50,-1.1479294398449658,STOP,signal
5,ARCUSDT,21,21-50,0.3136791849107444,TRAIL,signal
5,ATHUSDT,44,21-50,-1.2,STOP,signal
5,1000LUNCUSDT,20,11-20,-1.2,STOP,signal
6,ANKRUSDT,49,21-50,-0.7,STOP,signal
6,APTUSDT,48,21-50,-0.7,STOP,signal
7,ADAUSDT,16,11-20,0.34909867207673284,TRAIL,signal
7,ANIMEUSDT,13,11-20,-0.8695454705359833,STOP,signal
7,1000SHIBUSDT,47,21-50,0.3029248479582962,TRAIL,signal
7,BNBUSDT,11,11-20,-0.7,STOP,signal
7,FETUSDT,25,21-50,0.36182332563509934,TRAIL,signal
7,HUMAUSDT,48,21-50,0.3538477768337618,TRAIL,signal
7,PIPPINUSDT,6,1-10,0.7850161504215188,TRAIL,signal
7,POLYXUSDT,12,11-20,-0.7,STOP,signal
7,GUSDT,23,21-50,0.387578431372553,TRAIL,signal
7,RIVERUSDT,7,1-10,0.7273982881834811,TRAIL,signal
7,ROBOUSDT,30,21-50,-1.2,STOP,signal
7,1000PEPEUSDT,5,1-10,-0.7,STOP,signal
7,ZECUSDT,3,1-10,-1.1133060865483635,STOP,signal
7,BANUSDT,46,21-50,0.7022407407407396,TRAIL,signal
7,ANIMEUSDT,13,11-20,-0.7,STOP,signal
7,KITEUSDT,49,21-50,0.26363469664562794,TRAIL,signal
7,BEATUSDT,41,21-50,0.38237992667278176,TRAIL,signal
7,HUMAUSDT,48,21-50,-1.2,STOP,signal
7,PIPPINUSDT,6,1-10,3.668749594301849,TRAIL,signal
7,HYPEUSDT,8,1-10,0.35100215527449874,TRAIL,signal
7,ASTERUSDT,15,11-20,-0.7,STOP,signal
7,1000BONKUSDT,45,21-50,-0.7,STOP,signal
7,LYNUSDT,29,21-50,-1.2,STOP,signal
7,POLYXUSDT,12,11-20,-0.7,STOP,signal
7,LITUSDT,50,21-50,-1.1959429650773488,STOP,signal
7,HYPEUSDT,8,1-10,0.3298193538365952,TRAIL,signal
7,PUMPUSDT,34,21-50,-0.7,STOP,signal
7,BANUSDT,46,21-50,-1.2,STOP,signal
7,ASTERUSDT,15,11-20,-0.7,STOP,signal
7,TRIAUSDT,37,21-50,0.856754252532228,TRAIL,signal
7,ENSOUSDT,9,1-10,0.43858287975648813,TRAIL,signal
7,PIXELUSDT,32,21-50,0.5272810413885143,TRAIL,signal
7,SIRENUSDT,10,1-10,0.639092630408642,TRAIL,signal
7,POLYXUSDT,12,11-20,-1.2,STOP,signal
7,HYPERUSDT,33,21-50,1.1508523963640993,TRAIL,signal
7,GUSDT,23,21-50,0.37049046687851567,TRAIL,signal
7,HUMAUSDT,48,21-50,-1.2,STOP,signal
7,PENGUUSDT,42,21-50,0.26549299474605703,TRAIL,signal
7,CFGUSDT,21,21-50,-1.2,STOP,signal
7,BANUSDT,46,21-50,1.0124903593339134,TRAIL,signal
7,KITEUSDT,49,21-50,-0.8692895694772973,STOP,signal
7,HYPEUSDT,8,1-10,0.3675284905797289,TRAIL,signal
7,TAOUSDT,14,11-20,0.2909755047561772,TRAIL,signal
7,VIRTUALUSDT,43,21-50,-0.7,STOP,signal
7,KITEUSDT,49,21-50,0.5085023395839257,TRAIL,signal
7,HYPERUSDT,33,21-50,0.29746933187294666,TRAIL,signal
7,ENAUSDT,28,21-50,0.6643011883432104,TRAIL,signal
7,FARTCOINUSDT,18,11-20,0.26217094227923066,TRAIL,signal
7,WLDUSDT,27,21-50,0.4362808328673636,TRAIL,signal
7,BEATUSDT,41,21-50,0.6131550864065594,TRAIL,signal
7,VIRTUALUSDT,43,21-50,0.5360575505743326,TRAIL,signal
7,1000PEPEUSDT,5,1-10,0.27279080288626933,TRAIL,signal
7,ADAUSDT,16,11-20,0.29528851291333463,TRAIL,signal
7,1000BONKUSDT,45,21-50,0.26211825981071674,TRAIL,signal
7,NEARUSDT,20,11-20,0.6260840385229913,TRAIL,signal
7,PENGUUSDT,42,21-50,0.4383154325369942,TRAIL,signal
7,DOTUSDT,22,21-50,0.27929121429741866,TRAIL,signal
7,FETUSDT,25,21-50,0.2681331658291509,TRAIL,signal
7,GUSDT,23,21-50,-0.7,STOP,signal
7,ASTERUSDT,15,11-20,0.4404432897877008,TRAIL,signal
7,HYPERUSDT,33,21-50,0.5239882346564341,TRAIL,signal
7,PUMPUSDT,34,21-50,0.3125430721328471,TRAIL,signal
7,ENAUSDT,28,21-50,0.3111682464454998,TRAIL,signal
7,SUIUSDT,17,11-20,0.7080765925607299,TRAIL,signal
7,AAVEUSDT,40,21-50,0.2978658515359821,TRAIL,signal
7,SIRENUSDT,10,1-10,-1.2,STOP,signal
7,1000PEPEUSDT,5,1-10,0.38352744001729056,TRAIL,signal
7,1000SHIBUSDT,47,21-50,0.44154724222760144,TRAIL,signal
7,DOGEUSDT,4,1-10,0.536427469943648,TRAIL,signal
7,SOLUSDT,1,1-10,0.3816553447736511,TRAIL,signal
7,TAOUSDT,14,11-20,0.4335165582495606,TRAIL,signal
7,WIFUSDT,36,21-50,-0.7,STOP,signal
7,1000BONKUSDT,45,21-50,-0.7,STOP,signal
7,HYPEUSDT,8,1-10,0.2647624642546359,TRAIL,signal
7,OPNUSDT,44,21-50,0.38619783352338105,TRAIL,signal
7,PIPPINUSDT,6,1-10,-1.2,STOP,signal
7,FARTCOINUSDT,18,11-20,0.34944979079498134,TRAIL,signal
7,KITEUSDT,49,21-50,0.2961873294772458,TRAIL,signal
7,ROBOUSDT,30,21-50,2.9469889652885914,TRAIL,signal
7,UNIUSDT,38,21-50,0.2837000554170154,TRAIL,signal
7,DOTUSDT,22,21-50,-0.7,STOP,signal
7,LYNUSDT,29,21-50,1.542168234129444,TRAIL,signal
7,SIRENUSDT,10,1-10,-1.2,STOP,signal
7,ENAUSDT,28,21-50,0.88859507142694,TRAIL,signal
7,WLDUSDT,27,21-50,0.3248677381303454,TRAIL,signal
7,TAOUSDT,14,11-20,0.32471757389758793,TRAIL,signal
7,DOTUSDT,22,21-50,-0.7,STOP,signal
7,ENSOUSDT,9,1-10,0.387058488618077,TRAIL,signal
7,FETUSDT,25,21-50,0.30994591402928884,TRAIL,signal
7,WIFUSDT,36,21-50,0.39980422582712916,TRAIL,signal
7,BANUSDT,46,21-50,-1.2,STOP,signal
7,GUSDT,23,21-50,0.2835195439739444,TRAIL,signal
7,HYPERUSDT,33,21-50,0.536826841242362,TRAIL,signal
7,TRIAUSDT,37,21-50,0.35376215644819814,TRAIL,signal
7,1000BONKUSDT,45,21-50,0.42635539959587954,TRAIL,signal
7,FARTCOINUSDT,18,11-20,-1.2,STOP,signal
7,ASTERUSDT,15,11-20,0.27674904214558893,TRAIL,signal
7,HYPEUSDT,8,1-10,0.2660363766048468,TRAIL,signal
7,PIXELUSDT,32,21-50,-1.2,STOP,signal
7,ANIMEUSDT,13,11-20,0.43271228451571797,TRAIL,signal
7,DOTUSDT,22,21-50,-0.7,STOP,signal
8,BCHUSDT,28,21-50,-0.7,STOP,signal
8,1000PEPEUSDT,13,11-20,-0.7,STOP,signal
8,KITEUSDT,27,21-50,0.47782043448744005,TRAIL,signal
8,PROVEUSDT,14,11-20,-0.8011217026727749,STOP,signal
8,AAVEUSDT,34,21-50,0.41794241892034467,TRAIL,signal
8,RIVERUSDT,6,1-10,0.7256490417652872,TRAIL,signal
8,ROBOUSDT,9,1-10,0.44755536332180795,TRAIL,signal
8,ENAUSDT,15,11-20,0.43339189189188654,TRAIL,signal
8,MONUSDT,39,21-50,0.4659285073957855,TRAIL,signal
8,FARTCOINUSDT,41,21-50,-0.9290557688940666,STOP,signal
8,PUMPUSDT,35,21-50,0.5614520902415179,TRAIL,signal
8,PENGUUSDT,49,21-50,0.7044247497154833,TRAIL,signal
8,1000PEPEUSDT,13,11-20,-0.7,STOP,signal
8,PARTIUSDT,43,21-50,0.3816212733703826,TRAIL,signal
8,WLDUSDT,26,21-50,0.30008771607208573,TRAIL,signal
8,XRPUSDT,3,1-10,-0.7,STOP,signal
8,OPUSDT,40,21-50,-0.8026392187807301,STOP,signal
8,KITEUSDT,27,21-50,0.5958020528748107,TRAIL,signal
8,MONUSDT,39,21-50,-0.7823921495676582,STOP,signal
8,AAVEUSDT,34,21-50,-0.7,STOP,signal
8,BEATUSDT,33,21-50,0.33603717754172757,TRAIL,signal
8,PIPPINUSDT,12,11-20,0.41754908946951996,TRAIL,signal
8,SIRENUSDT,4,1-10,-1.2,STOP,signal
8,CYSUSDT,42,21-50,0.2854153439153363,TRAIL,signal
8,FARTCOINUSDT,41,21-50,0.28847508896797613,TRAIL,signal
8,SUPERUSDT,22,21-50,0.30094700460829693,TRAIL,signal
8,BRUSDT,17,11-20,0.9320046328202867,TRAIL,signal
8,ENAUSDT,15,11-20,0.4426013215859075,TRAIL,signal
8,OPUSDT,40,21-50,0.32050874635568727,TRAIL,signal
8,BCHUSDT,28,21-50,-0.7,STOP,signal
8,AAVEUSDT,34,21-50,0.29755599513085296,TRAIL,signal
8,APTUSDT,46,21-50,0.3648631411577173,TRAIL,signal
8,NEARUSDT,30,21-50,0.35372377641796915,TRAIL,signal
8,ONTUSDT,18,11-20,-0.7230418540737609,STOP,signal
8,CYSUSDT,42,21-50,-1.0606737477808763,STOP,signal
8,BRUSDT,17,11-20,0.7389172719935397,TRAIL,signal
8,ENAUSDT,15,11-20,-0.7249063694470076,STOP,signal
8,FETUSDT,29,21-50,-0.7,STOP,signal
8,RIVERUSDT,6,1-10,-1.2,STOP,signal
8,TAOUSDT,2,1-10,0.3024072087332921,TRAIL,signal
8,WLDUSDT,26,21-50,0.7798270570492062,TRAIL,signal
8,KITEUSDT,27,21-50,-0.7,STOP,signal
8,CYSUSDT,42,21-50,0.6754316734221115,TRAIL,signal
8,ENAUSDT,15,11-20,-0.7,STOP,signal
9,1000PEPEUSDT,15,11-20,-0.7,STOP,signal
9,BSBUSDT,39,21-50,0.4590398107546776,TRAIL,signal
9,FETUSDT,25,21-50,-1.2,STOP,signal
9,HOMEUSDT,13,11-20,-1.2,STOP,signal
9,EPICUSDT,42,21-50,-1.2,STOP,signal
9,EDGEUSDT,23,21-50,0.4803793596340792,TRAIL,signal
9,SIRENUSDT,40,21-50,0.5884417300036133,TRAIL,signal
9,PLAYUSDT,17,11-20,-1.2,STOP,signal
9,UBUSDT,45,21-50,1.8698112849906519,TRAIL,signal
9,BNBUSDT,3,1-10,0.27238803744859663,TRAIL,signal
9,SLXUSDT,32,21-50,-1.2,STOP,signal
9,HYPEUSDT,1,1-10,0.4538507699795831,TRAIL,signal
9,INJUSDT,20,11-20,0.5967605423825051,TRAIL,signal
9,BILLUSDT,48,21-50,0.45221949713773035,TRAIL,signal
9,NEARUSDT,11,11-20,0.4648895705521449,TRAIL,signal
9,ADAUSDT,16,11-20,0.6799258990851488,TRAIL,signal
9,LTCUSDT,34,21-50,0.34321144538837445,TRAIL,signal
9,XLMUSDT,8,1-10,0.3450178479048104,TRAIL,signal
9,XRPUSDT,7,1-10,0.27841103530452144,TRAIL,signal
9,1000PEPEUSDT,15,11-20,0.2706531381251692,TRAIL,signal
9,DOGEUSDT,12,11-20,0.337382109711739,TRAIL,signal
9,AVAXUSDT,27,21-50,0.2594749715585839,TRAIL,signal
9,AAVEUSDT,35,21-50,0.2971884703486831,TRAIL,signal
9,ASTERUSDT,21,21-50,0.27947301019684356,TRAIL,signal
9,BCHUSDT,26,21-50,0.40036148719029563,TRAIL,signal
9,DOTUSDT,29,21-50,-0.7,STOP,signal
9,PUMPUSDT,31,21-50,0.40809304251794565,TRAIL,signal
9,RENDERUSDT,36,21-50,0.39018844914864625,TRAIL,signal
9,SOLUSDT,4,1-10,0.4008115617785078,TRAIL,signal
9,LINKUSDT,28,21-50,0.4333271919468352,TRAIL,signal
9,ENAUSDT,30,21-50,0.2888109536531553,TRAIL,signal
9,HBARUSDT,37,21-50,0.3916907759008346,TRAIL,signal
9,BILLUSDT,48,21-50,0.7210545402627138,TRAIL,signal
9,BNBUSDT,3,1-10,-0.7,STOP,signal
9,HYPEUSDT,1,1-10,-0.9233810161973539,STOP,signal
9,EPICUSDT,42,21-50,-1.2,STOP,signal
9,PLAYUSDT,17,11-20,-1.2,STOP,signal
9,PORTALUSDT,10,1-10,-1.2,STOP,signal
9,SUIUSDT,14,11-20,0.7224696917150157,TRAIL,signal
9,TAOUSDT,24,21-50,0.32036401093379874,TRAIL,signal
9,WLDUSDT,9,1-10,1.5888235433443934,TRAIL,signal
9,XLMUSDT,8,1-10,0.428773361227336,TRAIL,signal
9,XPLUSDT,47,21-50,-1.1530159421988866,STOP,signal
9,BCHUSDT,26,21-50,0.4424733064002734,TRAIL,signal
9,LABUSDT,2,1-10,0.528828110604358,TRAIL,signal
9,SLXUSDT,32,21-50,0.9803271306589374,TRAIL,signal
9,ENAUSDT,30,21-50,0.30573067943030163,TRAIL,signal
9,XRPUSDT,7,1-10,-0.1692267469497791,END,signal
9,AAVEUSDT,35,21-50,0.3738410159002054,TRAIL,signal
9,ASTERUSDT,21,21-50,0.3201335731454568,TRAIL,signal
9,BCHUSDT,26,21-50,-0.7,STOP,signal
9,BSBUSDT,39,21-50,0.8388191520361368,TRAIL,signal
9,EDGEUSDT,23,21-50,0.9221694955209747,TRAIL,signal
9,EPICUSDT,42,21-50,-1.2,STOP,signal
9,BILLUSDT,48,21-50,6.3176358904906476,TRAIL,signal
9,HUSDT,6,1-10,1.9705121189864114,TRAIL,signal
9,PORTALUSDT,10,1-10,-1.2,STOP,signal
9,BNBUSDT,3,1-10,0.5532769464088381,TRAIL,signal
9,OPGUSDT,49,21-50,0.395556958624394,TRAIL,signal
9,SIRENUSDT,40,21-50,0.5961275395033765,TRAIL,signal
9,ASTERUSDT,21,21-50,0.6403842328571181,TRAIL,signal
9,ORDIUSDT,50,21-50,0.3266333153784045,TRAIL,signal
9,ADAUSDT,16,11-20,0.3499940572921434,TRAIL,signal
9,LTCUSDT,34,21-50,0.8447328582741362,TRAIL,signal
9,PUMPUSDT,31,21-50,0.9443931951630651,TRAIL,signal
9,AAVEUSDT,35,21-50,0.27149218953396403,TRAIL,signal
9,AVAXUSDT,27,21-50,0.4213600770948086,TRAIL,signal
9,1000PEPEUSDT,15,11-20,1.45284059026159,TRAIL,signal
9,DOGEUSDT,12,11-20,1.1178020815222656,TRAIL,signal
9,BCHUSDT,26,21-50,0.539222830609414,TRAIL,signal
9,DOTUSDT,29,21-50,1.5240450407023924,TRAIL,signal
9,HBARUSDT,37,21-50,0.3306419088046648,TRAIL,signal
9,SOLUSDT,4,1-10,1.0235599045834665,TRAIL,signal
9,LINKUSDT,28,21-50,-0.8132650110494846,STOP,signal
9,ENAUSDT,30,21-50,-1.2,STOP,signal
9,RENDERUSDT,36,21-50,0.4320660377358495,TRAIL,signal
9,SUIUSDT,14,11-20,0.6406753316600939,TRAIL,signal
9,TAOUSDT,24,21-50,0.709771236350248,TRAIL,signal
9,UNIUSDT,41,21-50,0.4675380014074626,TRAIL,signal
9,NEARUSDT,11,11-20,1.168714065867354,TRAIL,signal
9,BILLUSDT,48,21-50,1.284215631795122,TRAIL,signal
9,HYPEUSDT,1,1-10,0.29363540862585286,TRAIL,signal
9,ICPUSDT,33,21-50,0.2668253253253184,TRAIL,signal
9,XMRUSDT,44,21-50,0.47254261908273854,TRAIL,signal
9,FETUSDT,25,21-50,0.430038143555055,TRAIL,signal
9,INJUSDT,20,11-20,0.8234284064665156,TRAIL,signal
9,JTOUSDT,43,21-50,0.7319381142761923,TRAIL,signal
9,PORTALUSDT,10,1-10,-1.2,STOP,signal
9,STGUSDT,18,11-20,0.8528139876100362,TRAIL,signal
9,UBUSDT,45,21-50,5.117912341517443,TRAIL,signal
9,WLDUSDT,9,1-10,0.4794984951091087,TRAIL,signal
9,XPLUSDT,47,21-50,1.125337201470248,TRAIL,signal
9,ONDOUSDT,22,21-50,0.4163524866535528,TRAIL,signal
9,XRPUSDT,7,1-10,-0.8126165352831535,STOP,signal
9,SLXUSDT,32,21-50,0.6372860249675123,TRAIL,signal
9,HOMEUSDT,13,11-20,-1.2,STOP,signal
9,HBARUSDT,37,21-50,-0.741824935576976,STOP,signal
9,ORDIUSDT,50,21-50,0.28059939593629313,TRAIL,signal
9,PLAYUSDT,17,11-20,-1.2,STOP,signal
9,BSBUSDT,39,21-50,1.3025881225761133,TRAIL,signal
9,OPGUSDT,49,21-50,0.49768938961779857,TRAIL,signal
9,INJUSDT,20,11-20,0.4582844522968139,TRAIL,signal
9,DOGEUSDT,12,11-20,0.3979417770215629,TRAIL,signal
9,STGUSDT,18,11-20,0.38367687074829976,TRAIL,signal
9,JTOUSDT,43,21-50,1.4716833411880237,TRAIL,signal
9,XMRUSDT,44,21-50,0.2584498623908092,TRAIL,signal
9,XPLUSDT,47,21-50,0.7586428571428496,TRAIL,signal
9,1000PEPEUSDT,15,11-20,0.28167549357567556,TRAIL,signal
9,ADAUSDT,16,11-20,0.2719066543438131,TRAIL,signal
9,AVAXUSDT,27,21-50,1.4616769879156444,TRAIL,signal
9,BNBUSDT,3,1-10,0.2594759795235301,TRAIL,signal
9,DOTUSDT,29,21-50,-0.7029203279515623,STOP,signal
9,BCHUSDT,26,21-50,0.2955027764923715,TRAIL,signal
9,FETUSDT,25,21-50,0.7420562177195051,TRAIL,signal
9,HBARUSDT,37,21-50,0.5652550408639293,TRAIL,signal
9,ICPUSDT,33,21-50,0.872235930735934,TRAIL,signal
9,LINKUSDT,28,21-50,1.056202513421642,TRAIL,signal
9,AAVEUSDT,35,21-50,-0.9206110749812143,STOP,signal
9,PLAYUSDT,17,11-20,0.31990008029709743,TRAIL,signal
9,SLXUSDT,32,21-50,0.2866395686867815,TRAIL,signal
9,WLDUSDT,9,1-10,1.1796851768489818,TRAIL,signal
9,SOLUSDT,4,1-10,-0.7,STOP,signal
9,SIRENUSDT,40,21-50,0.5477545720555955,TRAIL,signal
9,HYPEUSDT,1,1-10,0.40263914924296135,TRAIL,signal
9,XMRUSDT,44,21-50,-0.8574149363494741,STOP,signal
9,HOMEUSDT,13,11-20,0.29579078463683783,TRAIL,signal
9,LABUSDT,2,1-10,-1.2,STOP,signal
9,ORDIUSDT,50,21-50,0.34415486725663536,TRAIL,signal
9,SLXUSDT,32,21-50,0.5447577814255946,TRAIL,signal
9,BNBUSDT,3,1-10,0.5691443725287005,TRAIL,signal
9,1000PEPEUSDT,15,11-20,-0.7161274073531292,STOP,signal
9,BCHUSDT,26,21-50,0.37602615021628105,TRAIL,signal
9,BSBUSDT,39,21-50,0.7427441323512602,TRAIL,signal
9,PLAYUSDT,17,11-20,0.34937984775228853,TRAIL,signal
9,AAVEUSDT,35,21-50,0.595753113026295,TRAIL,signal
9,AVAXUSDT,27,21-50,0.534855797797913,TRAIL,signal
9,PUMPUSDT,31,21-50,0.2941220614828253,TRAIL,signal
9,ADAUSDT,16,11-20,0.43828909081933004,TRAIL,signal
9,ASTERUSDT,21,21-50,0.5578196403706551,TRAIL,signal
9,DOGEUSDT,12,11-20,0.9838682177831283,TRAIL,signal
9,DOTUSDT,29,21-50,1.371210995267959,TRAIL,signal
9,JTOUSDT,43,21-50,1.1141350011289592,TRAIL,signal
9,ICPUSDT,33,21-50,0.796481913844131,TRAIL,signal
9,LINKUSDT,28,21-50,0.2681722508077048,TRAIL,signal
9,SOLUSDT,4,1-10,0.3204316702820017,TRAIL,signal
9,SUIUSDT,14,11-20,0.3605428961071149,TRAIL,signal
9,STGUSDT,18,11-20,0.7307074198988178,TRAIL,signal
9,UNIUSDT,41,21-50,0.8894448931024281,TRAIL,signal
9,XRPUSDT,7,1-10,-0.7041279977590708,STOP,signal
9,HBARUSDT,37,21-50,0.4425913710911975,TRAIL,signal
9,TAOUSDT,24,21-50,0.36644844456145237,TRAIL,signal
9,ZECUSDT,5,1-10,0.47948436437797476,TRAIL,signal
9,EDGEUSDT,23,21-50,0.5171387921022063,TRAIL,signal
9,NEARUSDT,11,11-20,-1.2,STOP,signal
9,FETUSDT,25,21-50,0.2896664606510083,TRAIL,signal
9,LTCUSDT,34,21-50,-0.8497300297407464,STOP,signal
9,EPICUSDT,42,21-50,-1.2,STOP,signal
9,SLXUSDT,32,21-50,-1.2,STOP,signal
9,BCHUSDT,26,21-50,0.5306871825991432,TRAIL,signal
9,EDGEUSDT,23,21-50,0.4387251387430623,TRAIL,signal
9,BNBUSDT,3,1-10,0.435422237408154,TRAIL,signal
9,STGUSDT,18,11-20,0.3478911080236122,TRAIL,signal
9,ADAUSDT,16,11-20,-0.7,STOP,signal
9,HBARUSDT,37,21-50,0.2862083237260795,TRAIL,signal
9,ENAUSDT,30,21-50,0.39490599455040987,TRAIL,signal
9,LABUSDT,2,1-10,2.279643496549552,TRAIL,signal
9,INJUSDT,20,11-20,0.8451911568610506,TRAIL,signal
9,DOGEUSDT,12,11-20,0.2643593024511407,TRAIL,signal
9,SUIUSDT,14,11-20,0.566968330067811,TRAIL,signal
9,XLMUSDT,8,1-10,0.4523170362675555,TRAIL,signal
9,TAOUSDT,24,21-50,0.27434774643534976,TRAIL,signal
9,1000PEPEUSDT,15,11-20,0.3341987595603881,TRAIL,signal
9,EDGEUSDT,23,21-50,0.3435411319004179,TRAIL,signal
9,BNBUSDT,3,1-10,0.40774143206372904,TRAIL,signal
9,SOLUSDT,4,1-10,0.3097719546742225,TRAIL,signal
9,AVAXUSDT,27,21-50,0.7346400015772068,TRAIL,signal
9,XMRUSDT,44,21-50,0.4728052896859638,TRAIL,signal
9,LINKUSDT,28,21-50,0.5897720782539055,TRAIL,signal
9,ONDOUSDT,22,21-50,0.6077286465177423,TRAIL,signal
9,DOTUSDT,29,21-50,0.3699369114877662,TRAIL,signal
9,RENDERUSDT,36,21-50,0.34522670807453115,TRAIL,signal
9,UNIUSDT,41,21-50,-0.7280434119908995,STOP,signal
9,AAVEUSDT,35,21-50,-0.8063902967276058,STOP,signal
9,LITUSDT,46,21-50,0.37103361291143233,TRAIL,signal
9,ZECUSDT,5,1-10,-1.2,STOP,signal
9,BCHUSDT,26,21-50,0.39274228645663645,TRAIL,signal
9,HUSDT,6,1-10,0.2895439601611085,TRAIL,signal
10,AAVEUSDT,36,21-50,-1.1167572786653783,STOP,signal
10,1000PEPEUSDT,22,21-50,-0.9887147378853414,STOP,signal
10,LITUSDT,40,21-50,0.36796028409452736,TRAIL,signal
10,UNIUSDT,7,1-10,0.33743908629442154,TRAIL,signal
10,BSBUSDT,13,11-20,0.8349944697692507,TRAIL,signal
10,TAOUSDT,18,11-20,0.9246631065450615,TRAIL,signal
10,XPLUSDT,10,1-10,0.9248485633059137,TRAIL,signal
10,ENAUSDT,19,11-20,0.5225055865921753,TRAIL,signal
10,TRIAUSDT,38,21-50,0.3607045861698307,TRAIL,signal
10,ASTERUSDT,6,1-10,0.26782569814872736,TRAIL,signal
10,DOTUSDT,33,21-50,0.2828865546218491,TRAIL,signal
10,HUSDT,14,11-20,-1.2,STOP,signal
10,AEROUSDT,48,21-50,-1.1945435269195965,STOP,signal
10,AVAXUSDT,26,21-50,-0.8156104894197409,STOP,signal
10,XMRUSDT,43,21-50,0.27273320670805834,TRAIL,signal
10,ONDOUSDT,27,21-50,0.6197289904117382,TRAIL,signal
10,XRPUSDT,5,1-10,0.2776970719733507,TRAIL,signal
11,ADAUSDT,20,11-20,0.3373258066681679,TRAIL,signal
11,BICOUSDT,14,11-20,0.4500692995529022,TRAIL,signal
11,CLOUSDT,29,21-50,-1.2,STOP,signal
11,IDUSDT,18,11-20,0.7341829268292561,TRAIL,signal
11,INJUSDT,47,21-50,-0.7,STOP,signal
11,AAVEUSDT,32,21-50,-0.7,STOP,signal
11,DEXEUSDT,35,21-50,0.38128349120433636,TRAIL,signal
11,UBUSDT,9,1-10,-1.2,STOP,signal
11,LAYERUSDT,21,21-50,0.3576447459986101,TRAIL,signal
11,ZESTUSDT,50,21-50,0.6353309776207203,TRAIL,signal
11,BTWUSDT,10,1-10,1.240460831334933,TRAIL,signal
11,TAOUSDT,22,21-50,0.6428001101106022,TRAIL,signal
11,BLESSUSDT,31,21-50,0.5307838952836836,TRAIL,signal
11,MMTUSDT,41,21-50,0.524750249252242,TRAIL,signal
11,WLDUSDT,7,1-10,0.37805001767408003,TRAIL,signal
11,1000PEPEUSDT,19,11-20,0.44665426671391195,TRAIL,signal
11,BICOUSDT,14,11-20,-1.2,STOP,signal
11,ASTERUSDT,39,21-50,-0.7,STOP,signal
11,BCHUSDT,30,21-50,-0.7,STOP,signal
12,BEATUSDT,14,11-20,0.4007164418753973,TRAIL,signal
12,BELUSDT,41,21-50,0.7191617607134971,TRAIL,signal
12,CLOUSDT,30,21-50,-1.2,STOP,signal
12,1000PEPEUSDT,15,11-20,0.3296693096073959,TRAIL,signal
12,ADAUSDT,12,11-20,0.3982814476458191,TRAIL,signal
12,ASTERUSDT,42,21-50,0.2943540878433921,TRAIL,signal
12,AVAXUSDT,16,11-20,0.3950128995619033,TRAIL,signal
12,BCHUSDT,28,21-50,0.3288066200185876,TRAIL,signal
12,BICOUSDT,21,21-50,0.6314601946041591,TRAIL,signal
12,BNBUSDT,9,1-10,0.8911872379002654,TRAIL,signal
12,BLESSUSDT,19,11-20,0.44272092276056474,TRAIL,signal
12,DOTUSDT,40,21-50,0.9450101098725343,TRAIL,signal
12,FETUSDT,49,21-50,1.0986903299403143,TRAIL,signal
12,INJUSDT,47,21-50,1.002986138652728,TRAIL,signal
12,AAVEUSDT,35,21-50,0.4050984389718756,TRAIL,signal
12,BTWUSDT,24,21-50,-1.2,STOP,signal
12,DOGEUSDT,7,1-10,0.7620340595596427,TRAIL,signal
12,JTOUSDT,45,21-50,0.7738067171560419,TRAIL,signal
12,LAYERUSDT,29,21-50,0.381283491204336,TRAIL,signal
12,LINKUSDT,20,11-20,0.3663366013071869,TRAIL,signal
12,IDUSDT,32,21-50,0.2883516542155796,TRAIL,signal
12,MMTUSDT,38,21-50,0.2679508928571472,TRAIL,signal
12,NEARUSDT,13,11-20,0.358166666666667,TRAIL,signal
12,ONDOUSDT,37,21-50,0.27189647577091325,TRAIL,signal
12,ENAUSDT,25,21-50,0.33198811013766755,TRAIL,signal
12,HEIUSDT,26,21-50,0.9609760427438827,TRAIL,signal
12,HYPEUSDT,2,1-10,0.286005577709351,TRAIL,signal
12,RESOLVUSDT,27,21-50,0.2590895765472306,TRAIL,signal
12,SUIUSDT,10,1-10,-1.0199348580029663,STOP,signal
12,XMRUSDT,43,21-50,-1.0983364286760076,STOP,signal
12,BELUSDT,41,21-50,-1.2,STOP,signal
12,PUMPUSDT,48,21-50,-1.1149547387807144,STOP,signal
13,AAVEUSDT,35,21-50,1.3960328770671397,TRAIL,signal
13,ARBUSDT,32,21-50,1.2830233415233407,TRAIL,signal
13,BNBUSDT,7,1-10,0.9518979546818426,TRAIL,signal
13,CVCUSDT,16,11-20,1.3146662234478064,TRAIL,signal
13,CAPUSDT,22,21-50,-1.2,STOP,signal
13,1000PEPEUSDT,11,11-20,0.34435273708558045,TRAIL,signal
13,ADAUSDT,15,11-20,0.3346451612903248,TRAIL,signal
13,AVAXUSDT,30,21-50,0.2598673469387719,TRAIL,signal
13,BCHUSDT,39,21-50,0.28432700421941104,TRAIL,signal
13,DOGEUSDT,8,1-10,0.2626462450592866,TRAIL,signal
13,DOTUSDT,46,21-50,0.4780726227795131,TRAIL,signal
13,DASHUSDT,43,21-50,0.5372488299531966,TRAIL,signal
13,KOMAUSDT,50,21-50,0.4871453305351622,TRAIL,signal
13,AINUSDT,20,11-20,-1.2,STOP,signal
13,INJUSDT,40,21-50,0.3073979480660941,TRAIL,signal
13,LINKUSDT,19,11-20,0.2636591421104787,TRAIL,signal
13,LSKUSDT,3,1-10,0.5094578925534188,TRAIL,signal
13,ENAUSDT,14,11-20,0.3540365471011918,TRAIL,signal
13,MARSCOINUSDT,38,21-50,0.5808442622950789,TRAIL,signal
13,MTLUSDT,28,21-50,0.42766305160807816,TRAIL,signal
13,NEARUSDT,10,1-10,0.3065107991360664,TRAIL,signal
13,ONDOUSDT,34,21-50,0.372742460796136,TRAIL,signal
13,SOLUSDT,2,1-10,0.34261076828140036,TRAIL,signal
13,REZUSDT,36,21-50,0.2597603686635881,TRAIL,signal
13,PONSUSDT,17,11-20,-1.2,STOP,signal
13,AAVEUSDT,35,21-50,0.2597634241880248,TRAIL,signal
13,BNBUSDT,7,1-10,0.34130786327410934,TRAIL,signal
13,CVCUSDT,16,11-20,-0.9896477500894605,STOP,signal
