hour_utc,btc_off30d_high_pct
2026-04-16 00:00,-1.62
2026-04-16 01:00,-1.63
2026-04-16 02:00,-1.84
2026-04-16 03:00,-1.54
2026-04-16 04:00,-1.52
2026-04-16 05:00,-1.46
2026-04-16 06:00,-1.32
2026-04-16 07:00,-1.35
2026-04-16 08:00,-1.76
2026-04-16 09:00,-1.81
2026-04-16 10:00,-1.91
2026-04-16 11:00,-2.29
2026-04-16 12:00,-1.95
2026-04-16 13:00,-1.88
2026-04-16 14:00,-2.96
2026-04-16 15:00,-2.73
2026-04-16 16:00,-1.78
2026-04-16 17:00,-2.46
2026-04-16 18:00,-2.25
2026-04-16 19:00,-1.33
2026-04-16 20:00,-0.92
2026-04-16 21:00,-1.08
2026-04-16 22:00,-1.46
2026-04-16 23:00,-1.55
2026-04-17 00:00,-1.19
2026-04-17 01:00,-1.46
2026-04-17 02:00,-1.71
2026-04-17 03:00,-1.76
2026-04-17 04:00,-1.88
2026-04-17 05:00,-1.66
2026-04-17 06:00,-1.85
2026-04-17 07:00,-1.47
2026-04-17 08:00,-1.27
2026-04-17 09:00,-0.34
2026-04-17 10:00,-0.79
2026-04-17 11:00,-1.47
2026-04-17 12:00,-1.06
2026-04-17 13:00,-0.2
2026-04-17 14:00,-0.11
2026-04-17 15:00,-0.22
2026-04-17 16:00,-0.34
2026-04-17 17:00,-0.63
2026-04-17 18:00,-1.07
2026-04-17 19:00,-1.52
2026-04-17 20:00,-1.21
2026-04-17 21:00,-1.3
2026-04-17 22:00,-1.15
2026-04-17 23:00,-1.33
2026-04-18 00:00,-1.62
2026-04-18 01:00,-1.49
2026-04-18 02:00,-1.44
2026-04-18 03:00,-1.34
2026-04-18 04:00,-1.71
2026-04-18 05:00,-1.58
2026-04-18 06:00,-1.55
2026-04-18 07:00,-1.56
2026-04-18 08:00,-1.72
2026-04-18 09:00,-2.05
2026-04-18 10:00,-2.23
2026-04-18 11:00,-2.75
2026-04-18 12:00,-2.93
2026-04-18 13:00,-2.72
2026-04-18 14:00,-2.83
2026-04-18 15:00,-2.67
2026-04-18 16:00,-2.78
2026-04-18 17:00,-3.07
2026-04-18 18:00,-3.21
2026-04-18 19:00,-3.44
2026-04-18 20:00,-3.44
2026-04-18 21:00,-3.31
2026-04-18 22:00,-3.24
2026-04-18 23:00,-3.24
2026-04-19 00:00,-3.38
2026-04-19 01:00,-3.41
2026-04-19 02:00,-3.48
2026-04-19 03:00,-3.64
2026-04-19 04:00,-3.61
2026-04-19 05:00,-3.42
2026-04-19 06:00,-3.57
2026-04-19 07:00,-3.76
2026-04-19 08:00,-3.95
2026-04-19 09:00,-3.93
2026-04-19 10:00,-4.25
2026-04-19 11:00,-3.99
2026-04-19 12:00,-3.5
2026-04-19 13:00,-3.54
2026-04-19 14:00,-3.09
2026-04-19 15:00,-2.97
2026-04-19 16:00,-3.18
2026-04-19 17:00,-3.77
2026-04-19 18:00,-4.54
2026-04-19 19:00,-4.55
2026-04-19 20:00,-4.32
2026-04-19 21:00,-4.74
2026-04-19 22:00,-5.01
2026-04-19 23:00,-5.49
2026-04-20 00:00,-5.8
2026-04-20 01:00,-5.2
2026-04-20 02:00,-4.79
2026-04-20 03:00,-5.03
2026-04-20 04:00,-4.73
2026-04-20 05:00,-4.82
2026-04-20 06:00,-5.2
2026-04-20 07:00,-4.53
2026-04-20 08:00,-4.48
2026-04-20 09:00,-4.61
2026-04-20 10:00,-4.18
2026-04-20 11:00,-4.22
2026-04-20 12:00,-4.02
2026-04-20 13:00,-3.9
2026-04-20 14:00,-3.92
2026-04-20 15:00,-4.21
2026-04-20 16:00,-3.36
2026-04-20 17:00,-3.83
2026-04-20 18:00,-3.12
2026-04-20 19:00,-2.44
2026-04-20 20:00,-2.61
2026-04-20 21:00,-2.64
2026-04-20 22:00,-3.05
2026-04-20 23:00,-3.03
2026-04-21 00:00,-3.21
2026-04-21 01:00,-2.87
2026-04-21 02:00,-3.08
2026-04-21 03:00,-3.52
2026-04-21 04:00,-3.36
2026-04-21 05:00,-3.23
2026-04-21 06:00,-3.24
2026-04-21 07:00,-3.03
2026-04-21 08:00,-2.87
2026-04-21 09:00,-2.35
2026-04-21 10:00,-2.52
2026-04-21 11:00,-2.04
2026-04-21 12:00,-2.42
2026-04-21 13:00,-2.97
2026-04-21 14:00,-3.12
2026-04-21 15:00,-3.41
2026-04-21 16:00,-3.19
2026-04-21 17:00,-3.27
2026-04-21 18:00,-3.56
2026-04-21 19:00,-3.5
2026-04-21 20:00,-4.23
2026-04-21 21:00,-3.39
2026-04-21 22:00,-3.57
2026-04-21 23:00,-3.45
2026-04-22 00:00,-2.57
2026-04-22 01:00,-2.52
2026-04-22 02:00,-2.6
2026-04-22 03:00,-0.93
2026-04-22 04:00,-1.04
2026-04-22 05:00,-1.05
2026-04-22 06:00,-0.63
2026-04-22 07:00,-0.61
2026-04-22 08:00,-0.6
2026-04-22 09:00,-0.61
2026-04-22 10:00,-0.62
2026-04-22 11:00,-0.42
2026-04-22 12:00,-0.23
2026-04-22 13:00,-0.37
2026-04-22 14:00,-0.01
2026-04-22 15:00,-0.18
2026-04-22 16:00,-0.17
2026-04-22 17:00,-0.93
2026-04-22 18:00,-0.72
2026-04-22 19:00,-0.57
2026-04-22 20:00,-0.82
2026-04-22 21:00,-1.32
2026-04-22 22:00,-0.92
2026-04-22 23:00,-1.12
2026-04-23 00:00,-1.64
2026-04-23 01:00,-1.33
2026-04-23 02:00,-1.43
2026-04-23 03:00,-1.95
2026-04-23 04:00,-2.19
2026-04-23 05:00,-1.98
2026-04-23 06:00,-1.83
2026-04-23 07:00,-1.61
2026-04-23 08:00,-1.81
2026-04-23 09:00,-2.04
2026-04-23 10:00,-2.3
2026-04-23 11:00,-2.62
2026-04-23 12:00,-2.26
2026-04-23 13:00,-2.04
2026-04-23 14:00,-2.46
2026-04-23 15:00,-1.65
2026-04-23 16:00,-1.4
2026-04-23 17:00,-1.76
2026-04-23 18:00,-2.18
2026-04-23 19:00,-2.28
2026-04-23 20:00,-2.23
2026-04-23 21:00,-2.02
2026-04-23 22:00,-2.04
2026-04-23 23:00,-1.57
2026-04-24 00:00,-1.54
2026-04-24 01:00,-1.34
2026-04-24 02:00,-1.35
2026-04-24 03:00,-1.72
2026-04-24 04:00,-2.21
2026-04-24 05:00,-2.3
2026-04-24 06:00,-1.93
2026-04-24 07:00,-2.14
2026-04-24 08:00,-2.3
2026-04-24 09:00,-2.14
2026-04-24 10:00,-2.45
2026-04-24 11:00,-2.18
2026-04-24 12:00,-1.57
2026-04-24 13:00,-1.52
2026-04-24 14:00,-1.75
2026-04-24 15:00,-1.83
2026-04-24 16:00,-1.81
2026-04-24 17:00,-2.15
2026-04-24 18:00,-2.26
2026-04-24 19:00,-2.35
2026-04-24 20:00,-2.33
2026-04-24 21:00,-2.21
2026-04-24 22:00,-2.46
2026-04-24 23:00,-2.71
2026-04-25 00:00,-2.58
2026-04-25 01:00,-2.55
2026-04-25 02:00,-2.46
2026-04-25 03:00,-2.36
2026-04-25 04:00,-2.28
2026-04-25 05:00,-2.35
2026-04-25 06:00,-2.48
2026-04-25 07:00,-2.5
2026-04-25 08:00,-2.51
2026-04-25 09:00,-2.32
2026-04-25 10:00,-2.23
2026-04-25 11:00,-2.13
2026-04-25 12:00,-2.27
2026-04-25 13:00,-2.42
2026-04-25 14:00,-2.26
2026-04-25 15:00,-2.3
2026-04-25 16:00,-2.71
2026-04-25 17:00,-2.62
2026-04-25 18:00,-2.81
2026-04-25 19:00,-2.75
2026-04-25 20:00,-2.72
2026-04-25 21:00,-2.52
2026-04-25 22:00,-2.46
2026-04-25 23:00,-2.43
2026-04-26 00:00,-2.34
2026-04-26 01:00,-2.5
2026-04-26 02:00,-2.55
2026-04-26 03:00,-2.47
2026-04-26 04:00,-2.64
2026-04-26 05:00,-2.16
2026-04-26 06:00,-1.88
2026-04-26 07:00,-1.86
2026-04-26 08:00,-1.74
2026-04-26 09:00,-1.83
2026-04-26 10:00,-1.85
2026-04-26 11:00,-1.87
2026-04-26 12:00,-1.75
2026-04-26 13:00,-2.08
2026-04-26 14:00,-1.89
2026-04-26 15:00,-1.75
2026-04-26 16:00,-1.81
2026-04-26 17:00,-1.96
2026-04-26 18:00,-1.85
2026-04-26 19:00,-1.52
2026-04-26 20:00,-1.59
2026-04-26 21:00,-1.63
2026-04-26 22:00,-1.35
2026-04-26 23:00,-1.47
2026-04-27 00:00,-1.05
2026-04-27 01:00,-0.23
2026-04-27 02:00,-0.26
2026-04-27 03:00,-0.47
2026-04-27 04:00,-0.49
2026-04-27 05:00,-0.72
2026-04-27 06:00,-2.17
2026-04-27 07:00,-2.26
2026-04-27 08:00,-2.39
2026-04-27 09:00,-2.13
2026-04-27 10:00,-2.01
2026-04-27 11:00,-2.07
2026-04-27 12:00,-2.08
2026-04-27 13:00,-2.3
2026-04-27 14:00,-2.21
2026-04-27 15:00,-2.11
2026-04-27 16:00,-3.39
2026-04-27 17:00,-3.61
2026-04-27 18:00,-3.46
2026-04-27 19:00,-3.35
2026-04-27 20:00,-3.29
2026-04-27 21:00,-3.2
2026-04-27 22:00,-3.42
2026-04-27 23:00,-3.06
2026-04-28 00:00,-2.67
2026-04-28 01:00,-2.67
2026-04-28 02:00,-3.03
2026-04-28 03:00,-3.28
2026-04-28 04:00,-3.38
2026-04-28 05:00,-3.28
2026-04-28 06:00,-3.28
2026-04-28 07:00,-3.51
2026-04-28 08:00,-3.31
2026-04-28 09:00,-3.32
2026-04-28 10:00,-3.65
2026-04-28 11:00,-3.62
2026-04-28 12:00,-4.1
2026-04-28 13:00,-3.91
2026-04-28 14:00,-4.15
2026-04-28 15:00,-4.45
2026-04-28 16:00,-4.31
2026-04-28 17:00,-4.23
2026-04-28 18:00,-4.15
2026-04-28 19:00,-4.09
2026-04-28 20:00,-3.98
2026-04-28 21:00,-3.82
2026-04-28 22:00,-3.94
2026-04-28 23:00,-4.09
2026-04-29 00:00,-3.97
2026-04-29 01:00,-3.76
2026-04-29 02:00,-3.68
2026-04-29 03:00,-3.73
2026-04-29 04:00,-3.15
2026-04-29 05:00,-2.81
2026-04-29 06:00,-2.77
2026-04-29 07:00,-3.12
2026-04-29 08:00,-3.09
2026-04-29 09:00,-3.09
2026-04-29 10:00,-2.33
2026-04-29 11:00,-2.37
2026-04-29 12:00,-2.39
2026-04-29 13:00,-2.95
2026-04-29 14:00,-3.41
2026-04-29 15:00,-3.67
2026-04-29 16:00,-4.49
2026-04-29 17:00,-4.63
2026-04-29 18:00,-4.17
2026-04-29 19:00,-5.02
2026-04-29 20:00,-4.95
2026-04-29 21:00,-4.81
2026-04-29 22:00,-4.5
2026-04-29 23:00,-4.49
2026-04-30 00:00,-4.66
2026-04-30 01:00,-4.1
2026-04-30 02:00,-4.1
2026-04-30 03:00,-4.77
2026-04-30 04:00,-4.5
2026-04-30 05:00,-5.03
2026-04-30 06:00,-4.89
2026-04-30 07:00,-4.7
2026-04-30 08:00,-4.18
2026-04-30 09:00,-4.32
2026-04-30 10:00,-4.27
2026-04-30 11:00,-4.35
2026-04-30 12:00,-4.31
2026-04-30 13:00,-4.02
2026-04-30 14:00,-3.88
2026-04-30 15:00,-4.03
2026-04-30 16:00,-3.82
2026-04-30 17:00,-4.07
2026-04-30 18:00,-4.09
2026-04-30 19:00,-3.96
2026-04-30 20:00,-3.89
2026-04-30 21:00,-3.78
2026-04-30 22:00,-4.09
2026-04-30 23:00,-4.1
2026-05-01 00:00,-3.96
2026-05-01 01:00,-3.83
2026-05-01 02:00,-3.54
2026-05-01 03:00,-3.65
2026-05-01 04:00,-2.99
2026-05-01 05:00,-3.09
2026-05-01 06:00,-2.92
2026-05-01 07:00,-3.15
2026-05-01 08:00,-2.96
2026-05-01 09:00,-2.66
2026-05-01 10:00,-2.79
2026-05-01 11:00,-2.75
2026-05-01 12:00,-2.55
2026-05-01 13:00,-2.02
2026-05-01 14:00,-0.96
2026-05-01 15:00,-1.44
2026-05-01 16:00,-1.33
2026-05-01 17:00,-1.61
2026-05-01 18:00,-1.19
2026-05-01 19:00,-1.34
2026-05-01 20:00,-1.43
2026-05-01 21:00,-2.03
2026-05-01 22:00,-1.63
2026-05-01 23:00,-1.7
2026-05-02 00:00,-1.59
2026-05-02 01:00,-1.45
2026-05-02 02:00,-1.46
2026-05-02 03:00,-1.43
2026-05-02 04:00,-1.36
2026-05-02 05:00,-1.66
2026-05-02 06:00,-1.66
2026-05-02 07:00,-1.48
2026-05-02 08:00,-1.6
2026-05-02 09:00,-1.49
2026-05-02 10:00,-1.51
2026-05-02 11:00,-1.57
2026-05-02 12:00,-1.7
2026-05-02 13:00,-1.62
2026-05-02 14:00,-1.41
2026-05-02 15:00,-1.35
2026-05-02 16:00,-1.27
2026-05-02 17:00,-1.3
2026-05-02 18:00,-1.38
2026-05-02 19:00,-1.29
2026-05-02 20:00,-1.27
2026-05-02 21:00,-1.31
2026-05-02 22:00,-0.96
2026-05-02 23:00,-0.83
2026-05-03 00:00,-1.01
2026-05-03 01:00,-1.2
2026-05-03 02:00,-1.58
2026-05-03 03:00,-1.67
2026-05-03 04:00,-1.63
2026-05-03 05:00,-1.66
2026-05-03 06:00,-1.57
2026-05-03 07:00,-1.52
2026-05-03 08:00,-1.43
2026-05-03 09:00,-1.4
2026-05-03 10:00,-1.21
2026-05-03 11:00,-1.37
2026-05-03 12:00,-1.05
2026-05-03 13:00,-0.93
2026-05-03 14:00,-1.03
2026-05-03 15:00,-0.95
2026-05-03 16:00,-1.04
2026-05-03 17:00,-1.05
2026-05-03 18:00,-0.96
2026-05-03 19:00,-0.94
2026-05-03 20:00,-0.91
2026-05-03 21:00,-0.71
2026-05-03 22:00,-0.83
2026-05-03 23:00,-0.39
2026-05-04 00:00,-1.17
2026-05-04 01:00,-1.2
2026-05-04 02:00,-0.12
2026-05-04 03:00,-0.33
2026-05-04 04:00,-0.18
2026-05-04 05:00,-0.36
2026-05-04 06:00,-0.75
2026-05-04 07:00,-0.95
2026-05-04 08:00,-1.15
2026-05-04 09:00,-1.15
2026-05-04 10:00,-0.98
2026-05-04 11:00,-2.1
2026-05-04 12:00,-2.28
2026-05-04 13:00,-2.2
2026-05-04 14:00,-2.29
2026-05-04 15:00,-0.53
2026-05-04 16:00,-0.76
2026-05-04 17:00,-0.75
2026-05-04 18:00,-0.53
2026-05-04 19:00,-0.86
2026-05-04 20:00,-0.93
2026-05-04 21:00,-1.08
2026-05-04 22:00,-0.69
2026-05-04 23:00,-0.92
2026-05-05 00:00,-1.17
2026-05-05 01:00,-0.79
2026-05-05 02:00,-0.57
2026-05-05 03:00,-0.44
2026-05-05 04:00,-0.26
2026-05-05 05:00,-0.25
2026-05-05 06:00,-0.44
2026-05-05 07:00,-0.42
2026-05-05 08:00,-0.57
2026-05-05 09:00,-0.62
2026-05-05 10:00,-0.89
2026-05-05 11:00,-0.6
2026-05-05 12:00,-0.38
2026-05-05 13:00,-0.07
2026-05-05 14:00,-0.46
2026-05-05 15:00,-0.46
2026-05-05 16:00,-0.21
2026-05-05 17:00,-0.5
2026-05-05 18:00,-0.53
2026-05-05 19:00,-0.24
2026-05-05 20:00,-0.13
2026-05-05 21:00,-0.15
2026-05-05 22:00,-0.47
2026-05-05 23:00,-0.82
2026-05-06 00:00,-1.08
2026-05-06 01:00,-0.94
2026-05-06 02:00,-0.43
2026-05-06 03:00,-0.52
2026-05-06 04:00,-0.26
2026-05-06 05:00,-0.56
2026-05-06 06:00,-0.57
2026-05-06 07:00,-0.38
2026-05-06 08:00,-0.5
2026-05-06 09:00,-0.05
2026-05-06 10:00,-0.07
2026-05-06 11:00,-0.14
2026-05-06 12:00,-0.41
2026-05-06 13:00,-0.77
2026-05-06 14:00,-1.46
2026-05-06 15:00,-1.64
2026-05-06 16:00,-1.42
2026-05-06 17:00,-1.51
2026-05-06 18:00,-1.72
2026-05-06 19:00,-1.85
2026-05-06 20:00,-1.7
2026-05-06 21:00,-1.75
2026-05-06 22:00,-1.61
2026-05-06 23:00,-1.85
2026-05-07 00:00,-1.74
2026-05-07 01:00,-2.25
2026-05-07 02:00,-2.06
2026-05-07 03:00,-2.12
2026-05-07 04:00,-2.45
2026-05-07 05:00,-2.28
2026-05-07 06:00,-2.15
2026-05-07 07:00,-1.73
2026-05-07 08:00,-1.63
2026-05-07 09:00,-1.97
2026-05-07 10:00,-2.34
2026-05-07 11:00,-2.45
2026-05-07 12:00,-2.42
2026-05-07 13:00,-2.06
2026-05-07 14:00,-2.86
2026-05-07 15:00,-3.26
2026-05-07 16:00,-3.58
2026-05-07 17:00,-3.7
2026-05-07 18:00,-3.35
2026-05-07 19:00,-3.22
2026-05-07 20:00,-3.29
2026-05-07 21:00,-3.61
2026-05-07 22:00,-3.8
2026-05-07 23:00,-3.57
2026-05-08 00:00,-3.45
2026-05-08 01:00,-3.66
2026-05-08 02:00,-3.78
2026-05-08 03:00,-4.08
2026-05-08 04:00,-3.97
2026-05-08 05:00,-3.88
2026-05-08 06:00,-3.95
2026-05-08 07:00,-4.04
2026-05-08 08:00,-3.86
2026-05-08 09:00,-3.6
2026-05-08 10:00,-3.62
2026-05-08 11:00,-3.22
2026-05-08 12:00,-3.2
2026-05-08 13:00,-3.43
2026-05-08 14:00,-3.88
2026-05-08 15:00,-3.28
2026-05-08 16:00,-3.27
2026-05-08 17:00,-3.69
2026-05-08 18:00,-3.38
2026-05-08 19:00,-3.36
2026-05-08 20:00,-3.24
2026-05-08 21:00,-3.29
2026-05-08 22:00,-3.15
2026-05-08 23:00,-3.13
2026-05-09 00:00,-3.23
2026-05-09 01:00,-3.18
2026-05-09 02:00,-3.08
2026-05-09 03:00,-2.96
2026-05-09 04:00,-3.0
2026-05-09 05:00,-3.0
2026-05-09 06:00,-3.02
2026-05-09 07:00,-3.16
2026-05-09 08:00,-3.2
2026-05-09 09:00,-2.96
2026-05-09 10:00,-3.17
2026-05-09 11:00,-3.13
2026-05-09 12:00,-3.04
2026-05-09 13:00,-2.97
2026-05-09 14:00,-2.98
2026-05-09 15:00,-3.06
2026-05-09 16:00,-2.83
2026-05-09 17:00,-2.72
2026-05-09 18:00,-2.49
2026-05-09 19:00,-2.37
2026-05-09 20:00,-2.33
2026-05-09 21:00,-2.49
2026-05-09 22:00,-2.53
2026-05-09 23:00,-2.53
2026-05-10 00:00,-2.65
2026-05-10 01:00,-2.65
2026-05-10 02:00,-2.63
2026-05-10 03:00,-2.51
2026-05-10 04:00,-2.53
2026-05-10 05:00,-2.55
2026-05-10 06:00,-2.62
2026-05-10 07:00,-2.57
2026-05-10 08:00,-2.57
2026-05-10 09:00,-2.45
2026-05-10 10:00,-2.49
2026-05-10 11:00,-2.41
2026-05-10 12:00,-2.47
2026-05-10 13:00,-2.34
2026-05-10 14:00,-2.29
2026-05-10 15:00,-2.28
2026-05-10 16:00,-1.75
2026-05-10 17:00,-1.8
2026-05-10 18:00,-1.67
2026-05-10 19:00,-1.92
2026-05-10 20:00,-1.73
2026-05-10 21:00,-2.58
2026-05-10 22:00,-2.6
2026-05-10 23:00,-0.98
2026-05-11 00:00,-0.79
2026-05-11 01:00,-1.69
2026-05-11 02:00,-1.65
2026-05-11 03:00,-2.04
2026-05-11 04:00,-2.58
2026-05-11 05:00,-2.47
2026-05-11 06:00,-2.45
2026-05-11 07:00,-2.46
2026-05-11 08:00,-2.56
2026-05-11 09:00,-2.54
2026-05-11 10:00,-2.3
2026-05-11 11:00,-2.33
2026-05-11 12:00,-2.01
2026-05-11 13:00,-2.19
2026-05-11 14:00,-2.17
2026-05-11 15:00,-2.31
2026-05-11 16:00,-1.72
2026-05-11 17:00,-1.57
2026-05-11 18:00,-1.13
2026-05-11 19:00,-1.22
2026-05-11 20:00,-1.1
2026-05-11 21:00,-1.27
2026-05-11 22:00,-1.26
2026-05-11 23:00,-1.26
2026-05-12 00:00,-1.36
2026-05-12 01:00,-1.59
2026-05-12 02:00,-2.03
2026-05-12 03:00,-1.94
2026-05-12 04:00,-2.17
2026-05-12 05:00,-1.97
2026-05-12 06:00,-1.98
2026-05-12 07:00,-2.22
2026-05-12 08:00,-2.44
2026-05-12 09:00,-2.45
2026-05-12 10:00,-2.45
2026-05-12 11:00,-2.65
2026-05-12 12:00,-2.52
2026-05-12 13:00,-2.39
2026-05-12 14:00,-2.89
2026-05-12 15:00,-2.8
2026-05-12 16:00,-3.05
2026-05-12 17:00,-3.45
2026-05-12 18:00,-2.82
2026-05-12 19:00,-2.64
2026-05-12 20:00,-2.45
2026-05-12 21:00,-2.62
2026-05-12 22:00,-2.75
2026-05-12 23:00,-2.67
2026-05-13 00:00,-2.86
2026-05-13 01:00,-2.6
2026-05-13 02:00,-2.26
2026-05-13 03:00,-2.19
2026-05-13 04:00,-1.95
2026-05-13 05:00,-1.97
2026-05-13 06:00,-2.23
2026-05-13 07:00,-2.27
2026-05-13 08:00,-2.23
2026-05-13 09:00,-2.01
2026-05-13 10:00,-1.9
2026-05-13 11:00,-2.49
2026-05-13 12:00,-2.86
2026-05-13 13:00,-3.22
2026-05-13 14:00,-3.88
2026-05-13 15:00,-3.74
2026-05-13 16:00,-4.87
2026-05-13 17:00,-4.54
2026-05-13 18:00,-4.05
2026-05-13 19:00,-3.95
2026-05-13 20:00,-3.89
2026-05-13 21:00,-3.81
2026-05-13 22:00,-4.18
2026-05-13 23:00,-4.15
2026-05-14 00:00,-4.27
2026-05-14 01:00,-3.97
2026-05-14 02:00,-3.94
2026-05-14 03:00,-4.23
2026-05-14 04:00,-4.62
2026-05-14 05:00,-4.14
2026-05-14 06:00,-3.69
2026-05-14 07:00,-3.69
2026-05-14 08:00,-3.78
2026-05-14 09:00,-3.68
2026-05-14 10:00,-3.9
2026-05-14 11:00,-3.98
2026-05-14 12:00,-4.36
2026-05-14 13:00,-3.75
2026-05-14 14:00,-3.82
2026-05-14 15:00,-2.29
2026-05-14 16:00,-1.91
2026-05-14 17:00,-1.19
2026-05-14 18:00,-1.46
2026-05-14 19:00,-1.57
2026-05-14 20:00,-1.76
2026-05-14 21:00,-1.76
2026-05-14 22:00,-1.78
2026-05-14 23:00,-1.7
2026-05-15 00:00,-2.15
2026-05-15 01:00,-1.64
2026-05-15 02:00,-2.1
2026-05-15 03:00,-1.89
2026-05-15 04:00,-2.18
2026-05-15 05:00,-2.59
2026-05-15 06:00,-3.03
2026-05-15 07:00,-2.76
2026-05-15 08:00,-2.47
2026-05-15 09:00,-2.68
2026-05-15 10:00,-2.87
2026-05-15 11:00,-2.61
2026-05-15 12:00,-2.71
2026-05-15 13:00,-2.99
2026-05-15 14:00,-4.95
2026-05-15 15:00,-4.48
2026-05-15 16:00,-4.48
2026-05-15 17:00,-4.3
2026-05-15 18:00,-4.1
2026-05-15 19:00,-4.33
2026-05-15 20:00,-4.5
2026-05-15 21:00,-4.52
2026-05-15 22:00,-4.71
2026-05-15 23:00,-4.54
2026-05-16 00:00,-4.53
2026-05-16 01:00,-4.53
2026-05-16 02:00,-4.47
2026-05-16 03:00,-4.48
2026-05-16 04:00,-4.57
2026-05-16 05:00,-4.62
2026-05-16 06:00,-4.63
2026-05-16 07:00,-5.09
2026-05-16 08:00,-5.43
2026-05-16 09:00,-5.36
2026-05-16 10:00,-5.77
2026-05-16 11:00,-5.91
2026-05-16 12:00,-5.78
2026-05-16 13:00,-5.85
2026-05-16 14:00,-5.84
2026-05-16 15:00,-5.72
2026-05-16 16:00,-5.6
2026-05-16 17:00,-5.63
2026-05-16 18:00,-5.64
2026-05-16 19:00,-5.59
2026-05-16 20:00,-5.56
2026-05-16 21:00,-5.57
2026-05-16 22:00,-5.55
2026-05-16 23:00,-5.66
2026-05-17 00:00,-5.7
2026-05-17 01:00,-5.93
2026-05-17 02:00,-6.21
2026-05-17 03:00,-6.0
2026-05-17 04:00,-5.84
2026-05-17 05:00,-5.69
2026-05-17 06:00,-5.72
2026-05-17 07:00,-5.74
2026-05-17 08:00,-5.66
2026-05-17 09:00,-5.77
2026-05-17 10:00,-5.57
2026-05-17 11:00,-5.32
2026-05-17 12:00,-5.38
2026-05-17 13:00,-5.44
2026-05-17 14:00,-5.63
2026-05-17 15:00,-5.82
2026-05-17 16:00,-5.82
2026-05-17 17:00,-5.84
2026-05-17 18:00,-5.78
2026-05-17 19:00,-5.56
2026-05-17 20:00,-5.38
2026-05-17 21:00,-5.55
2026-05-17 22:00,-5.39
2026-05-17 23:00,-5.88
2026-05-18 00:00,-6.52
2026-05-18 01:00,-6.82
2026-05-18 02:00,-6.94
2026-05-18 03:00,-7.27
2026-05-18 04:00,-7.16
2026-05-18 05:00,-7.04
2026-05-18 06:00,-7.17
2026-05-18 07:00,-7.18
2026-05-18 08:00,-6.99
2026-05-18 09:00,-7.04
2026-05-18 10:00,-7.16
2026-05-18 11:00,-7.36
2026-05-18 12:00,-6.73
2026-05-18 13:00,-6.31
2026-05-18 14:00,-7.14
2026-05-18 15:00,-7.8
2026-05-18 16:00,-7.77
2026-05-18 17:00,-7.79
2026-05-18 18:00,-7.43
2026-05-18 19:00,-7.98
2026-05-18 20:00,-7.16
2026-05-18 21:00,-7.2
2026-05-18 22:00,-6.96
2026-05-18 23:00,-6.98
2026-05-19 00:00,-7.08
2026-05-19 01:00,-6.91
2026-05-19 02:00,-7.48
2026-05-19 03:00,-7.54
2026-05-19 04:00,-7.34
2026-05-19 05:00,-7.17
2026-05-19 06:00,-7.19
2026-05-19 07:00,-7.05
2026-05-19 08:00,-6.8
2026-05-19 09:00,-7.02
2026-05-19 10:00,-7.29
2026-05-19 11:00,-7.03
2026-05-19 12:00,-7.43
2026-05-19 13:00,-7.16
2026-05-19 14:00,-7.22
2026-05-19 15:00,-7.8
2026-05-19 16:00,-7.66
2026-05-19 17:00,-7.21
2026-05-19 18:00,-7.25
2026-05-19 19:00,-7.32
2026-05-19 20:00,-7.3
2026-05-19 21:00,-7.07
2026-05-19 22:00,-7.11
2026-05-19 23:00,-7.43
2026-05-20 00:00,-7.28
2026-05-20 01:00,-7.33
2026-05-20 02:00,-7.29
2026-05-20 03:00,-7.45
2026-05-20 04:00,-7.41
2026-05-20 05:00,-7.34
2026-05-20 06:00,-6.83
2026-05-20 07:00,-6.58
2026-05-20 08:00,-6.74
2026-05-20 09:00,-6.52
2026-05-20 10:00,-6.49
2026-05-20 11:00,-6.46
2026-05-20 12:00,-6.61
2026-05-20 13:00,-6.32
2026-05-20 14:00,-6.83
2026-05-20 15:00,-6.54
2026-05-20 16:00,-6.53
2026-05-20 17:00,-6.67
2026-05-20 18:00,-6.39
2026-05-20 19:00,-6.58
2026-05-20 20:00,-6.28
2026-05-20 21:00,-6.22
2026-05-20 22:00,-6.48
2026-05-20 23:00,-6.47
2026-05-21 00:00,-6.42
2026-05-21 01:00,-5.92
2026-05-21 02:00,-6.05
2026-05-21 03:00,-5.93
2026-05-21 04:00,-5.78
2026-05-21 05:00,-5.84
2026-05-21 06:00,-6.08
2026-05-21 07:00,-6.32
2026-05-21 08:00,-6.02
2026-05-21 09:00,-5.96
2026-05-21 10:00,-6.32
2026-05-21 11:00,-6.83
2026-05-21 12:00,-6.85
2026-05-21 13:00,-6.74
2026-05-21 14:00,-6.93
2026-05-21 15:00,-7.1
2026-05-21 16:00,-6.77
2026-05-21 17:00,-6.84
2026-05-21 18:00,-6.03
2026-05-21 19:00,-6.61
2026-05-21 20:00,-6.24
2026-05-21 21:00,-6.23
2026-05-21 22:00,-6.27
2026-05-21 23:00,-6.33
2026-05-22 00:00,-6.33
2026-05-22 01:00,-6.62
2026-05-22 02:00,-6.34
2026-05-22 03:00,-6.27
2026-05-22 04:00,-6.14
2026-05-22 05:00,-6.29
2026-05-22 06:00,-6.49
2026-05-22 07:00,-6.57
2026-05-22 08:00,-6.59
2026-05-22 09:00,-6.75
2026-05-22 10:00,-6.71
2026-05-22 11:00,-6.7
2026-05-22 12:00,-6.56
2026-05-22 13:00,-6.44
2026-05-22 14:00,-6.73
2026-05-22 15:00,-7.36
2026-05-22 16:00,-7.33
2026-05-22 17:00,-7.14
2026-05-22 18:00,-7.38
2026-05-22 19:00,-7.64
2026-05-22 20:00,-8.45
2026-05-22 21:00,-8.32
2026-05-22 22:00,-8.32
2026-05-22 23:00,-8.6
2026-05-23 00:00,-8.83
2026-05-23 01:00,-9.05
2026-05-23 02:00,-8.9
2026-05-23 03:00,-8.8
2026-05-23 04:00,-8.73
2026-05-23 05:00,-8.84
2026-05-23 06:00,-8.91
2026-05-23 07:00,-9.01
2026-05-23 08:00,-9.97
2026-05-23 09:00,-9.87
2026-05-23 10:00,-9.9
2026-05-23 11:00,-9.83
2026-05-23 12:00,-9.74
2026-05-23 13:00,-9.78
2026-05-23 14:00,-9.23
2026-05-23 15:00,-8.85
2026-05-23 16:00,-8.86
2026-05-23 17:00,-8.96
2026-05-23 18:00,-8.9
2026-05-23 19:00,-8.47
2026-05-23 20:00,-8.31
2026-05-23 21:00,-6.74
2026-05-23 22:00,-7.31
2026-05-23 23:00,-7.58
2026-05-24 00:00,-7.38
2026-05-24 01:00,-7.26
2026-05-24 02:00,-7.21
2026-05-24 03:00,-7.29
2026-05-24 04:00,-7.4
2026-05-24 05:00,-7.34
2026-05-24 06:00,-7.3
2026-05-24 07:00,-7.09
2026-05-24 08:00,-7.31
2026-05-24 09:00,-7.28
2026-05-24 10:00,-7.05
2026-05-24 11:00,-6.84
2026-05-24 12:00,-6.69
2026-05-24 13:00,-6.94
2026-05-24 14:00,-7.32
2026-05-24 15:00,-7.73
2026-05-24 16:00,-7.83
2026-05-24 17:00,-7.47
2026-05-24 18:00,-7.45
2026-05-24 19:00,-7.48
2026-05-24 20:00,-7.35
2026-05-24 21:00,-7.47
2026-05-24 22:00,-8.12
2026-05-24 23:00,-7.31
2026-05-25 00:00,-7.0
2026-05-25 01:00,-6.89
2026-05-25 02:00,-7.15
2026-05-25 03:00,-6.96
2026-05-25 04:00,-7.05
2026-05-25 05:00,-6.61
2026-05-25 06:00,-6.59
2026-05-25 07:00,-6.57
2026-05-25 08:00,-6.58
2026-05-25 09:00,-6.53
2026-05-25 10:00,-6.35
2026-05-25 11:00,-6.43
2026-05-25 12:00,-6.65
2026-05-25 13:00,-6.64
2026-05-25 14:00,-6.67
2026-05-25 15:00,-6.22
2026-05-25 16:00,-6.33
2026-05-25 17:00,-6.2
2026-05-25 18:00,-6.41
2026-05-25 19:00,-6.42
2026-05-25 20:00,-6.55
2026-05-25 21:00,-6.74
2026-05-25 22:00,-6.63
2026-05-25 23:00,-6.93
2026-05-26 00:00,-6.7
2026-05-26 01:00,-7.34
2026-05-26 02:00,-7.38
2026-05-26 03:00,-7.48
2026-05-26 04:00,-7.48
2026-05-26 05:00,-7.38
2026-05-26 06:00,-7.17
2026-05-26 07:00,-7.19
2026-05-26 08:00,-7.42
2026-05-26 09:00,-7.41
2026-05-26 10:00,-7.47
2026-05-26 11:00,-6.56
2026-05-26 12:00,-6.85
2026-05-26 13:00,-6.92
2026-05-26 14:00,-6.8
2026-05-26 15:00,-7.19
2026-05-26 16:00,-7.67
2026-05-26 17:00,-7.6
2026-05-26 18:00,-8.35
2026-05-26 19:00,-8.46
2026-05-26 20:00,-8.21
2026-05-26 21:00,-8.15
2026-05-26 22:00,-8.41
2026-05-26 23:00,-8.57
2026-05-27 00:00,-8.36
2026-05-27 01:00,-8.18
2026-05-27 02:00,-8.43
2026-05-27 03:00,-8.42
2026-05-27 04:00,-8.68
2026-05-27 05:00,-8.8
2026-05-27 06:00,-8.64
2026-05-27 07:00,-8.49
2026-05-27 08:00,-8.32
2026-05-27 09:00,-8.44
2026-05-27 10:00,-8.39
2026-05-27 11:00,-8.41
2026-05-27 12:00,-8.56
2026-05-27 13:00,-8.66
2026-05-27 14:00,-9.39
2026-05-27 15:00,-9.45
2026-05-27 16:00,-9.09
2026-05-27 17:00,-9.12
2026-05-27 18:00,-9.65
2026-05-27 19:00,-9.45
2026-05-27 20:00,-9.4
2026-05-27 21:00,-9.16
2026-05-27 22:00,-10.13
2026-05-27 23:00,-10.19
2026-05-28 00:00,-10.15
2026-05-28 01:00,-10.01
2026-05-28 02:00,-10.28
2026-05-28 03:00,-10.35
2026-05-28 04:00,-11.6
2026-05-28 05:00,-11.69
2026-05-28 06:00,-11.91
2026-05-28 07:00,-11.66
2026-05-28 08:00,-11.3
2026-05-28 09:00,-11.51
2026-05-28 10:00,-11.25
2026-05-28 11:00,-11.41
2026-05-28 12:00,-11.29
2026-05-28 13:00,-11.27
2026-05-28 14:00,-11.88
2026-05-28 15:00,-11.87
2026-05-28 16:00,-11.99
2026-05-28 17:00,-11.37
2026-05-28 18:00,-11.24
2026-05-28 19:00,-11.11
2026-05-28 20:00,-11.39
2026-05-28 21:00,-11.2
2026-05-28 22:00,-10.9
2026-05-28 23:00,-11.32
2026-05-29 00:00,-11.15
2026-05-29 01:00,-11.03
2026-05-29 02:00,-11.19
2026-05-29 03:00,-11.62
2026-05-29 04:00,-11.54
2026-05-29 05:00,-11.3
2026-05-29 06:00,-11.07
2026-05-29 07:00,-10.96
2026-05-29 08:00,-11.28
2026-05-29 09:00,-11.11
2026-05-29 10:00,-11.01
2026-05-29 11:00,-11.14
2026-05-29 12:00,-11.33
2026-05-29 13:00,-11.55
2026-05-29 14:00,-11.73
2026-05-29 15:00,-11.79
2026-05-29 16:00,-10.93
2026-05-29 17:00,-10.63
2026-05-29 18:00,-10.71
2026-05-29 19:00,-11.45
2026-05-29 20:00,-11.28
2026-05-29 21:00,-11.09
2026-05-29 22:00,-11.4
2026-05-29 23:00,-11.33
2026-05-30 00:00,-11.35
2026-05-30 01:00,-11.31
2026-05-30 02:00,-11.11
2026-05-30 03:00,-10.96
2026-05-30 04:00,-11.27
2026-05-30 05:00,-11.42
2026-05-30 06:00,-11.18
2026-05-30 07:00,-11.2
2026-05-30 08:00,-11.25
2026-05-30 09:00,-11.27
2026-05-30 10:00,-11.17
2026-05-30 11:00,-11.12
2026-05-30 12:00,-11.18
2026-05-30 13:00,-11.07
2026-05-30 14:00,-10.89
2026-05-30 15:00,-10.78
2026-05-30 16:00,-10.79
2026-05-30 17:00,-10.78
2026-05-30 18:00,-10.68
2026-05-30 19:00,-10.65
2026-05-30 20:00,-10.68
2026-05-30 21:00,-10.73
2026-05-30 22:00,-10.71
2026-05-30 23:00,-10.84
2026-05-31 00:00,-10.83
2026-05-31 01:00,-10.65
2026-05-31 02:00,-10.63
2026-05-31 03:00,-10.59
2026-05-31 04:00,-10.53
2026-05-31 05:00,-10.48
2026-05-31 06:00,-10.63
2026-05-31 07:00,-10.63
2026-05-31 08:00,-10.86
2026-05-31 09:00,-10.76
2026-05-31 10:00,-10.88
2026-05-31 11:00,-10.81
2026-05-31 12:00,-10.76
2026-05-31 13:00,-10.79
2026-05-31 14:00,-10.85
2026-05-31 15:00,-11.18
2026-05-31 16:00,-11.13
2026-05-31 17:00,-11.26
2026-05-31 18:00,-11.04
2026-05-31 19:00,-11.17
2026-05-31 20:00,-11.24
2026-05-31 21:00,-11.01
2026-05-31 22:00,-10.83
2026-05-31 23:00,-10.76
2026-06-01 00:00,-11.08
2026-06-01 01:00,-10.83
2026-06-01 02:00,-11.56
2026-06-01 03:00,-10.94
2026-06-01 04:00,-10.98
2026-06-01 05:00,-11.27
2026-06-01 06:00,-11.48
2026-06-01 07:00,-11.74
2026-06-01 08:00,-12.14
2026-06-01 09:00,-12.02
2026-06-01 10:00,-12.04
2026-06-01 11:00,-12.2
2026-06-01 12:00,-12.53
2026-06-01 13:00,-12.84
2026-06-01 14:00,-13.44
2026-06-01 15:00,-13.62
2026-06-01 16:00,-14.16
2026-06-01 17:00,-13.63
2026-06-01 18:00,-13.53
2026-06-01 19:00,-13.71
2026-06-01 20:00,-13.59
2026-06-01 21:00,-13.77
2026-06-01 22:00,-14.28
2026-06-01 23:00,-13.83
2026-06-02 00:00,-13.81
2026-06-02 01:00,-13.96
2026-06-02 02:00,-14.75
2026-06-02 03:00,-14.5
2026-06-02 04:00,-14.38
2026-06-02 05:00,-14.54
2026-06-02 06:00,-15.2
2026-06-02 07:00,-15.4
2026-06-02 08:00,-15.39
2026-06-02 09:00,-15.74
2026-06-02 10:00,-16.22
2026-06-02 11:00,-15.95
2026-06-02 12:00,-16.18
2026-06-02 13:00,-16.71
2026-06-02 14:00,-16.95
2026-06-02 15:00,-17.91
2026-06-02 16:00,-18.78
2026-06-02 17:00,-18.64
2026-06-02 18:00,-18.55
2026-06-02 19:00,-18.73
2026-06-02 20:00,-18.76
2026-06-02 21:00,-18.44
2026-06-02 22:00,-18.47
2026-06-02 23:00,-19.89
2026-06-03 00:00,-19.44
2026-06-03 01:00,-19.23
2026-06-03 02:00,-19.24
2026-06-03 03:00,-19.61
2026-06-03 04:00,-20.54
2026-06-03 05:00,-19.79
2026-06-03 06:00,-18.76
2026-06-03 07:00,-19.17
2026-06-03 08:00,-18.88
2026-06-03 09:00,-19.13
2026-06-03 10:00,-19.06
2026-06-03 11:00,-18.8
2026-06-03 12:00,-19.06
2026-06-03 13:00,-19.05
2026-06-03 14:00,-19.25
2026-06-03 15:00,-19.3
2026-06-03 16:00,-20.26
2026-06-03 17:00,-20.27
2026-06-03 18:00,-20.4
2026-06-03 19:00,-20.31
2026-06-03 20:00,-21.01
2026-06-03 21:00,-21.56
2026-06-03 22:00,-20.63
2026-06-03 23:00,-21.67
2026-06-04 00:00,-22.59
2026-06-04 01:00,-23.56
2026-06-04 02:00,-24.98
2026-06-04 03:00,-23.7
2026-06-04 04:00,-22.33
2026-06-04 05:00,-22.29
2026-06-04 06:00,-22.82
2026-06-04 07:00,-22.72
2026-06-04 08:00,-23.26
2026-06-04 09:00,-23.22
2026-06-04 10:00,-23.65
2026-06-04 11:00,-24.67
2026-06-04 12:00,-24.52
2026-06-04 13:00,-23.05
2026-06-04 14:00,-22.49
2026-06-04 15:00,-22.82
2026-06-04 16:00,-22.9
2026-06-04 17:00,-23.3
2026-06-04 18:00,-23.32
2026-06-04 19:00,-22.98
2026-06-04 20:00,-23.21
2026-06-04 21:00,-23.21
2026-06-04 22:00,-23.64
2026-06-04 23:00,-23.09
2026-06-05 00:00,-22.91
2026-06-05 01:00,-23.46
2026-06-05 02:00,-23.52
2026-06-05 03:00,-24.44
2026-06-05 04:00,-24.3
2026-06-05 05:00,-23.23
2026-06-05 06:00,-24.79
2026-06-05 07:00,-25.25
2026-06-05 08:00,-23.85
2026-06-05 09:00,-24.63
2026-06-05 10:00,-24.14
2026-06-05 11:00,-24.53
2026-06-05 12:00,-24.94
2026-06-05 13:00,-24.89
2026-06-05 14:00,-26.39
2026-06-05 15:00,-26.23
2026-06-05 16:00,-26.75
2026-06-05 17:00,-25.59
2026-06-05 18:00,-26.28
2026-06-05 19:00,-28.01
2026-06-05 20:00,-26.91
2026-06-05 21:00,-25.31
2026-06-05 22:00,-25.25
2026-06-05 23:00,-25.35
2026-06-06 00:00,-26.0
2026-06-06 01:00,-25.74
2026-06-06 02:00,-25.99
2026-06-06 03:00,-26.12
2026-06-06 04:00,-26.43
2026-06-06 05:00,-27.15
2026-06-06 06:00,-26.12
2026-06-06 07:00,-26.3
2026-06-06 08:00,-26.06
2026-06-06 09:00,-25.73
2026-06-06 10:00,-26.08
2026-06-06 11:00,-26.56
2026-06-06 12:00,-26.3
2026-06-06 13:00,-26.02
2026-06-06 14:00,-26.29
2026-06-06 15:00,-26.31
2026-06-06 16:00,-26.32
2026-06-06 17:00,-26.33
2026-06-06 18:00,-26.57
2026-06-06 19:00,-26.5
2026-06-06 20:00,-26.55
2026-06-06 21:00,-26.42
2026-06-06 22:00,-26.37
2026-06-06 23:00,-26.62
2026-06-07 00:00,-26.21
2026-06-07 01:00,-26.33
2026-06-07 02:00,-25.48
2026-06-07 03:00,-25.46
2026-06-07 04:00,-25.21
2026-06-07 05:00,-24.99
2026-06-07 06:00,-25.17
2026-06-07 07:00,-24.72
2026-06-07 08:00,-24.37
2026-06-07 09:00,-23.81
2026-06-07 10:00,-24.19
2026-06-07 11:00,-24.4
2026-06-07 12:00,-24.09
2026-06-07 13:00,-24.97
2026-06-07 14:00,-25.21
2026-06-07 15:00,-24.97
2026-06-07 16:00,-24.73
2026-06-07 17:00,-24.75
2026-06-07 18:00,-24.66
2026-06-07 19:00,-24.81
2026-06-07 20:00,-25.66
2026-06-07 21:00,-25.0
2026-06-07 22:00,-25.11
2026-06-07 23:00,-23.8
2026-06-08 00:00,-23.24
2026-06-08 01:00,-22.87
2026-06-08 02:00,-23.37
2026-06-08 03:00,-23.48
2026-06-08 04:00,-23.48
2026-06-08 05:00,-24.02
2026-06-08 06:00,-23.91
2026-06-08 07:00,-23.65
2026-06-08 08:00,-23.28
2026-06-08 09:00,-23.48
2026-06-08 10:00,-23.03
2026-06-08 11:00,-23.44
2026-06-08 12:00,-23.05
2026-06-08 13:00,-22.58
2026-06-08 14:00,-22.73
2026-06-08 15:00,-22.47
2026-06-08 16:00,-22.7
2026-06-08 17:00,-23.0
2026-06-08 18:00,-22.97
2026-06-08 19:00,-23.07
2026-06-08 20:00,-23.18
2026-06-08 21:00,-23.04
2026-06-08 22:00,-22.76
2026-06-08 23:00,-23.11
2026-06-09 00:00,-23.53
2026-06-09 01:00,-24.18
2026-06-09 02:00,-23.92
2026-06-09 03:00,-23.79
2026-06-09 04:00,-23.79
2026-06-09 05:00,-23.34
2026-06-09 06:00,-23.21
2026-06-09 07:00,-23.26
2026-06-09 08:00,-23.39
2026-06-09 09:00,-23.82
2026-06-09 10:00,-23.98
2026-06-09 11:00,-23.9
2026-06-09 12:00,-23.99
2026-06-09 13:00,-24.07
2026-06-09 14:00,-24.52
2026-06-09 15:00,-25.4
2026-06-09 16:00,-25.9
2026-06-09 17:00,-25.58
2026-06-09 18:00,-25.22
2026-06-09 19:00,-25.11
2026-06-09 20:00,-24.73
2026-06-09 21:00,-24.65
2026-06-09 22:00,-25.14
2026-06-09 23:00,-25.19
2026-06-10 00:00,-25.08
2026-06-10 01:00,-24.62
2026-06-10 02:00,-24.87
2026-06-10 03:00,-25.37
2026-06-10 04:00,-25.07
2026-06-10 05:00,-25.37
2026-06-10 06:00,-25.31
2026-06-10 07:00,-25.17
2026-06-10 08:00,-24.9
2026-06-10 09:00,-25.42
2026-06-10 10:00,-25.33
2026-06-10 11:00,-25.27
2026-06-10 12:00,-25.7
2026-06-10 13:00,-25.05
2026-06-10 14:00,-24.33
2026-06-10 15:00,-24.27
2026-06-10 16:00,-23.74
2026-06-10 17:00,-24.24
2026-06-10 18:00,-24.55
2026-06-10 19:00,-24.62
2026-06-10 20:00,-24.55
2026-06-10 21:00,-24.67
2026-06-10 22:00,-25.21
2026-06-10 23:00,-25.18
2026-06-11 00:00,-25.02
2026-06-11 01:00,-24.64
2026-06-11 02:00,-24.17
2026-06-11 03:00,-24.25
2026-06-11 04:00,-23.59
2026-06-11 05:00,-23.54
2026-06-11 06:00,-23.68
2026-06-11 07:00,-23.49
2026-06-11 08:00,-23.54
2026-06-11 09:00,-23.26
2026-06-11 10:00,-23.29
2026-06-11 11:00,-23.02
2026-06-11 12:00,-23.07
2026-06-11 13:00,-23.2
2026-06-11 14:00,-23.11
2026-06-11 15:00,-23.54
2026-06-11 16:00,-23.51
2026-06-11 17:00,-23.72
2026-06-11 18:00,-22.42
2026-06-11 19:00,-22.65
2026-06-11 20:00,-22.48
2026-06-11 21:00,-22.73
2026-06-11 22:00,-22.58
2026-06-11 23:00,-22.6
2026-06-12 00:00,-22.44
2026-06-12 01:00,-22.42
2026-06-12 02:00,-22.68
2026-06-12 03:00,-22.45
2026-06-12 04:00,-22.57
2026-06-12 05:00,-22.35
2026-06-12 06:00,-22.78
2026-06-12 07:00,-23.22
2026-06-12 08:00,-23.09
2026-06-12 09:00,-22.63
2026-06-12 10:00,-22.28
2026-06-12 11:00,-22.36
2026-06-12 12:00,-22.28
2026-06-12 13:00,-22.64
2026-06-12 14:00,-22.93
2026-06-12 15:00,-21.99
2026-06-12 16:00,-22.49
2026-06-12 17:00,-22.01
2026-06-12 18:00,-22.15
2026-06-12 19:00,-22.36
2026-06-12 20:00,-22.49
2026-06-12 21:00,-22.66
2026-06-12 22:00,-22.62
2026-06-12 23:00,-22.58
2026-06-13 00:00,-22.5
2026-06-13 01:00,-22.47
2026-06-13 02:00,-22.19
2026-06-13 03:00,-22.42
2026-06-13 04:00,-22.57
2026-06-13 05:00,-22.59
2026-06-13 06:00,-22.49
2026-06-13 07:00,-22.31
2026-06-13 08:00,-22.17
2026-06-13 09:00,-22.23
2026-06-13 10:00,-22.3
2026-06-13 11:00,-22.18
2026-06-13 12:00,-22.03
2026-06-13 13:00,-21.82
2026-06-13 14:00,-21.86
2026-06-13 15:00,-21.72
2026-06-13 16:00,-21.63
2026-06-13 17:00,-21.95
2026-06-13 18:00,-21.94
2026-06-13 19:00,-21.49
2026-06-13 20:00,-21.27
2026-06-13 21:00,-21.28
2026-06-13 22:00,-21.06
2026-06-13 23:00,-21.09
2026-06-14 00:00,-21.08
2026-06-14 01:00,-20.9
2026-06-14 02:00,-20.65
2026-06-14 03:00,-20.73
2026-06-14 04:00,-20.42
2026-06-14 05:00,-20.59
2026-06-14 06:00,-20.57
2026-06-14 07:00,-20.64
2026-06-14 08:00,-20.3
2026-06-14 09:00,-20.2
2026-06-14 10:00,-20.0
2026-06-14 11:00,-20.11
2026-06-14 12:00,-19.96
2026-06-14 13:00,-19.98
2026-06-14 14:00,-19.17
2026-06-14 15:00,-19.59
2026-06-14 16:00,-19.54
2026-06-14 17:00,-19.64
2026-06-14 18:00,-19.9
2026-06-14 19:00,-19.52
2026-06-14 20:00,-19.47
2026-06-14 21:00,-19.22
2026-06-14 22:00,-17.57
2026-06-14 23:00,-17.44
2026-06-15 00:00,-17.04
2026-06-15 01:00,-17.16
2026-06-15 02:00,-17.3
2026-06-15 03:00,-17.34
2026-06-15 04:00,-16.69
2026-06-15 05:00,-16.96
2026-06-15 06:00,-16.69
2026-06-15 07:00,-16.33
2026-06-15 08:00,-16.45
2026-06-15 09:00,-16.48
2026-06-15 10:00,-16.55
2026-06-15 11:00,-16.14
2026-06-15 12:00,-15.75
2026-06-15 13:00,-15.32
2026-06-15 14:00,-15.47
2026-06-15 15:00,-15.29
2026-06-15 16:00,-14.4
2026-06-15 17:00,-14.56
2026-06-15 18:00,-14.95
2026-06-15 19:00,-15.07
2026-06-15 20:00,-15.26
2026-06-15 21:00,-15.37
2026-06-15 22:00,-15.56
2026-06-15 23:00,-15.78
2026-06-16 00:00,-15.63
2026-06-16 01:00,-15.72
2026-06-16 02:00,-15.6
2026-06-16 03:00,-16.36
2026-06-16 04:00,-15.83
2026-06-16 05:00,-16.23
2026-06-16 06:00,-15.96
2026-06-16 07:00,-15.48
2026-06-16 08:00,-15.56
2026-06-16 09:00,-14.89
2026-06-16 10:00,-15.38
2026-06-16 11:00,-15.33
2026-06-16 12:00,-15.36
2026-06-16 13:00,-15.38
2026-06-16 14:00,-15.86
2026-06-16 15:00,-16.34
2026-06-16 16:00,-16.07
2026-06-16 17:00,-16.22
2026-06-16 18:00,-15.94
2026-06-16 19:00,-16.1
2026-06-16 20:00,-16.32
2026-06-16 21:00,-16.1
2026-06-16 22:00,-16.12
2026-06-16 23:00,-15.91
2026-06-17 00:00,-16.03
2026-06-17 01:00,-15.99
2026-06-17 02:00,-15.71
2026-06-17 03:00,-15.74
2026-06-17 04:00,-15.81
2026-06-17 05:00,-15.77
2026-06-17 06:00,-15.84
2026-06-17 07:00,-16.1
2026-06-17 08:00,-16.21
2026-06-17 09:00,-17.0
2026-06-17 10:00,-17.01
2026-06-17 11:00,-17.15
2026-06-17 12:00,-17.15
2026-06-17 13:00,-16.85
2026-06-17 14:00,-16.56
2026-06-17 15:00,-16.77
2026-06-17 16:00,-15.95
2026-06-17 17:00,-15.8
2026-06-17 18:00,-15.49
2026-06-17 19:00,-16.24
2026-06-17 20:00,-17.79
2026-06-17 21:00,-17.62
2026-06-17 22:00,-17.84
2026-06-17 23:00,-17.8
2026-06-18 00:00,-17.53
2026-06-18 01:00,-17.58
2026-06-18 02:00,-17.47
2026-06-18 03:00,-17.3
2026-06-18 04:00,-17.81
2026-06-18 05:00,-18.33
2026-06-18 06:00,-18.19
2026-06-18 07:00,-18.07
2026-06-18 08:00,-17.54
2026-06-18 09:00,-17.66
2026-06-18 10:00,-17.92
2026-06-18 11:00,-18.07
2026-06-18 12:00,-18.21
2026-06-18 13:00,-17.7
2026-06-18 14:00,-18.2
2026-06-18 15:00,-18.41
2026-06-18 16:00,-20.26
2026-06-18 17:00,-19.85
2026-06-18 18:00,-19.96
2026-06-18 19:00,-19.82
2026-06-18 20:00,-19.51
2026-06-18 21:00,-19.34
2026-06-18 22:00,-19.5
2026-06-18 23:00,-19.6
2026-06-19 00:00,-19.51
2026-06-19 01:00,-19.43
2026-06-19 02:00,-19.42
2026-06-19 03:00,-19.45
2026-06-19 04:00,-19.74
2026-06-19 05:00,-20.16
2026-06-19 06:00,-19.79
2026-06-19 07:00,-19.59
2026-06-19 08:00,-19.94
2026-06-19 09:00,-19.96
2026-06-19 10:00,-20.24
2026-06-19 11:00,-20.05
2026-06-19 12:00,-19.93
2026-06-19 13:00,-19.67
2026-06-19 14:00,-19.19
2026-06-19 15:00,-19.19
2026-06-19 16:00,-19.17
2026-06-19 17:00,-19.49
2026-06-19 18:00,-19.2
2026-06-19 19:00,-19.32
2026-06-19 20:00,-19.41
2026-06-19 21:00,-19.14
2026-06-19 22:00,-19.36
2026-06-19 23:00,-19.05
2026-06-20 00:00,-18.76
2026-06-20 01:00,-18.78
2026-06-20 02:00,-18.71
2026-06-20 03:00,-19.03
2026-06-20 04:00,-18.85
2026-06-20 05:00,-18.71
2026-06-20 06:00,-18.59
2026-06-20 07:00,-18.51
2026-06-20 08:00,-18.62
2026-06-20 09:00,-18.81
2026-06-20 10:00,-18.41
2026-06-20 11:00,-18.48
2026-06-20 12:00,-18.48
2026-06-20 13:00,-18.51
2026-06-20 14:00,-18.84
2026-06-20 15:00,-18.12
2026-06-20 16:00,-17.85
2026-06-20 17:00,-18.03
2026-06-20 18:00,-18.27
2026-06-20 19:00,-18.32
2026-06-20 20:00,-18.15
2026-06-20 21:00,-18.16
2026-06-20 22:00,-18.05
2026-06-20 23:00,-17.71
2026-06-21 00:00,-17.68
2026-06-21 01:00,-17.69
2026-06-21 02:00,-17.75
2026-06-21 03:00,-17.75
2026-06-21 04:00,-17.52
2026-06-21 05:00,-17.71
2026-06-21 06:00,-17.74
2026-06-21 07:00,-17.68
2026-06-21 08:00,-17.81
2026-06-21 09:00,-18.05
2026-06-21 10:00,-17.79
2026-06-21 11:00,-17.6
2026-06-21 12:00,-17.84
2026-06-21 13:00,-17.82
2026-06-21 14:00,-17.87
2026-06-21 15:00,-17.88
2026-06-21 16:00,-17.77
2026-06-21 17:00,-17.87
2026-06-21 18:00,-17.88
2026-06-21 19:00,-17.8
2026-06-21 20:00,-17.81
2026-06-21 21:00,-18.25
2026-06-21 22:00,-18.31
2026-06-21 23:00,-18.32
2026-06-22 00:00,-18.94
2026-06-22 01:00,-18.2
2026-06-22 02:00,-17.29
2026-06-22 03:00,-17.74
2026-06-22 04:00,-18.11
2026-06-22 05:00,-17.95
2026-06-22 06:00,-17.75
2026-06-22 07:00,-18.08
2026-06-22 08:00,-17.79
2026-06-22 09:00,-17.86
2026-06-22 10:00,-17.88
2026-06-22 11:00,-17.89
2026-06-22 12:00,-17.23
2026-06-22 13:00,-16.6
2026-06-22 14:00,-16.05
2026-06-22 15:00,-16.82
2026-06-22 16:00,-16.99
2026-06-22 17:00,-17.14
2026-06-22 18:00,-17.29
2026-06-22 19:00,-17.63
2026-06-22 20:00,-17.46
2026-06-22 21:00,-17.5
2026-06-22 22:00,-17.66
2026-06-22 23:00,-18.1
2026-06-23 00:00,-18.04
2026-06-23 01:00,-17.88
2026-06-23 02:00,-17.87
2026-06-23 03:00,-17.82
2026-06-23 04:00,-17.98
2026-06-23 05:00,-18.55
2026-06-23 06:00,-18.83
2026-06-23 07:00,-19.43
2026-06-23 08:00,-19.5
2026-06-23 09:00,-20.14
2026-06-23 10:00,-20.14
2026-06-23 11:00,-20.22
2026-06-23 12:00,-19.98
2026-06-23 13:00,-20.3
2026-06-23 14:00,-20.02
2026-06-23 15:00,-20.0
2026-06-23 16:00,-20.01
2026-06-23 17:00,-19.92
2026-06-23 18:00,-20.17
2026-06-23 19:00,-20.32
2026-06-23 20:00,-20.12
2026-06-23 21:00,-20.03
2026-06-23 22:00,-19.87
2026-06-23 23:00,-19.87
2026-06-24 00:00,-19.7
2026-06-24 01:00,-19.33
2026-06-24 02:00,-19.43
2026-06-24 03:00,-19.83
2026-06-24 04:00,-19.69
2026-06-24 05:00,-19.67
2026-06-24 06:00,-19.49
2026-06-24 07:00,-19.62
2026-06-24 08:00,-19.78
2026-06-24 09:00,-19.6
2026-06-24 10:00,-19.76
2026-06-24 11:00,-20.06
2026-06-24 12:00,-19.45
2026-06-24 13:00,-19.84
2026-06-24 14:00,-21.48
2026-06-24 15:00,-21.76
2026-06-24 16:00,-22.83
2026-06-24 17:00,-23.4
2026-06-24 18:00,-23.97
2026-06-24 19:00,-23.7
2026-06-24 20:00,-23.25
2026-06-24 21:00,-21.97
2026-06-24 22:00,-21.78
2026-06-24 23:00,-22.06
2026-06-25 00:00,-21.81
2026-06-25 01:00,-22.15
2026-06-25 02:00,-22.01
2026-06-25 03:00,-22.18
2026-06-25 04:00,-22.06
2026-06-25 05:00,-21.46
2026-06-25 06:00,-21.15
2026-06-25 07:00,-20.98
2026-06-25 08:00,-20.74
2026-06-25 09:00,-20.99
2026-06-25 10:00,-20.97
2026-06-25 11:00,-21.56
2026-06-25 12:00,-21.54
2026-06-25 13:00,-21.59
2026-06-25 14:00,-25.4
2026-06-25 15:00,-22.78
2026-06-25 16:00,-22.36
2026-06-25 17:00,-22.63
2026-06-25 18:00,-21.81
2026-06-25 19:00,-21.88
2026-06-25 20:00,-22.14
2026-06-25 21:00,-21.96
2026-06-25 22:00,-20.98
2026-06-25 23:00,-21.46
2026-06-26 00:00,-21.51
2026-06-26 01:00,-21.69
2026-06-26 02:00,-21.98
2026-06-26 03:00,-23.14
2026-06-26 04:00,-21.19
2026-06-26 05:00,-21.35
2026-06-26 06:00,-21.32
2026-06-26 07:00,-20.82
2026-06-26 08:00,-20.57
2026-06-26 09:00,-20.93
2026-06-26 10:00,-21.6
2026-06-26 11:00,-22.15
2026-06-26 12:00,-22.01
2026-06-26 13:00,-21.88
2026-06-26 14:00,-20.31
2026-06-26 15:00,-21.09
2026-06-26 16:00,-20.02
2026-06-26 17:00,-20.39
2026-06-26 18:00,-20.41
2026-06-26 19:00,-20.88
2026-06-26 20:00,-20.79
2026-06-26 21:00,-20.66
2026-06-26 22:00,-19.87
2026-06-26 23:00,-19.52
2026-06-27 00:00,-19.44
2026-06-27 01:00,-19.49
2026-06-27 02:00,-19.43
2026-06-27 03:00,-18.96
2026-06-27 04:00,-18.87
2026-06-27 05:00,-18.95
2026-06-27 06:00,-18.96
2026-06-27 07:00,-18.77
2026-06-27 08:00,-18.54
2026-06-27 09:00,-18.67
2026-06-27 10:00,-18.71
2026-06-27 11:00,-18.71
2026-06-27 12:00,-18.79
2026-06-27 13:00,-18.71
2026-06-27 14:00,-18.49
2026-06-27 15:00,-18.45
2026-06-27 16:00,-18.14
2026-06-27 17:00,-18.18
2026-06-27 18:00,-18.57
2026-06-27 19:00,-18.51
2026-06-27 20:00,-19.04
2026-06-27 21:00,-18.87
2026-06-27 22:00,-19.01
2026-06-27 23:00,-18.96
2026-06-28 00:00,-19.24
2026-06-28 01:00,-19.07
2026-06-28 02:00,-18.98
2026-06-28 03:00,-19.08
2026-06-28 04:00,-19.01
2026-06-28 05:00,-19.09
2026-06-28 06:00,-19.3
2026-06-28 07:00,-19.28
2026-06-28 08:00,-18.98
2026-06-28 09:00,-18.78
2026-06-28 10:00,-18.93
2026-06-28 11:00,-19.05
2026-06-28 12:00,-18.81
2026-06-28 13:00,-18.88
2026-06-28 14:00,-19.18
2026-06-28 15:00,-19.25
2026-06-28 16:00,-19.44
2026-06-28 17:00,-19.7
2026-06-28 18:00,-19.79
2026-06-28 19:00,-19.76
2026-06-28 20:00,-19.93
2026-06-28 21:00,-19.68
2026-06-28 22:00,-19.98
2026-06-28 23:00,-20.48
2026-06-29 00:00,-19.8
2026-06-29 01:00,-19.68
2026-06-29 02:00,-19.98
2026-06-29 03:00,-19.55
2026-06-29 04:00,-19.17
2026-06-29 05:00,-19.45
2026-06-29 06:00,-19.08
2026-06-29 07:00,-19.12
2026-06-29 08:00,-19.19
2026-06-29 09:00,-19.45
2026-06-29 10:00,-19.15
2026-06-29 11:00,-19.11
2026-06-29 12:00,-19.29
2026-06-29 13:00,-19.29
2026-06-29 14:00,-19.79
2026-06-29 15:00,-19.94
2026-06-29 16:00,-19.46
2026-06-29 17:00,-19.37
2026-06-29 18:00,-18.66
2026-06-29 19:00,-18.82
2026-06-29 20:00,-18.64
2026-06-29 21:00,-18.83
2026-06-29 22:00,-18.58
2026-06-29 23:00,-18.75
2026-06-30 00:00,-18.89
2026-06-30 01:00,-19.45
2026-06-30 02:00,-19.26
2026-06-30 03:00,-19.24
2026-06-30 04:00,-19.68
2026-06-30 05:00,-19.85
2026-06-30 06:00,-19.62
2026-06-30 07:00,-19.69
2026-06-30 08:00,-19.79
2026-06-30 09:00,-20.08
2026-06-30 10:00,-19.99
2026-06-30 11:00,-20.05
2026-06-30 12:00,-20.24
2026-06-30 13:00,-21.31
2026-06-30 14:00,-20.85
2026-06-30 15:00,-21.19
2026-06-30 16:00,-21.33
2026-06-30 17:00,-21.17
2026-06-30 18:00,-21.28
2026-06-30 19:00,-20.92
2026-06-30 20:00,-20.74
2026-06-30 21:00,-20.86
2026-06-30 22:00,-20.99
2026-06-30 23:00,-21.04
2026-07-01 00:00,-20.88
2026-07-01 01:00,-20.88
2026-07-01 02:00,-20.62
2026-07-01 03:00,-20.18
2026-07-01 04:00,-19.84
2026-07-01 05:00,-19.31
2026-07-01 06:00,-19.39
2026-07-01 07:00,-19.75
2026-07-01 08:00,-19.62
2026-07-01 09:00,-19.34
2026-07-01 10:00,-19.15
2026-07-01 11:00,-19.4
2026-07-01 12:00,-19.28
2026-07-01 13:00,-19.08
2026-07-01 14:00,-17.28
2026-07-01 15:00,-17.08
2026-07-01 16:00,-16.26
2026-07-01 17:00,-16.56
2026-07-01 18:00,-16.05
2026-07-01 19:00,-16.09
2026-07-01 20:00,-16.28
2026-07-01 21:00,-16.02
2026-07-01 22:00,-15.04
2026-07-01 23:00,-15.54
2026-07-02 00:00,-15.96
2026-07-02 01:00,-16.31
2026-07-02 02:00,-15.31
2026-07-02 03:00,-14.97
2026-07-02 04:00,-14.07
2026-07-02 05:00,-14.21
2026-07-02 06:00,-14.11
2026-07-02 07:00,-14.24
2026-07-02 08:00,-14.29
2026-07-02 09:00,-13.37
2026-07-02 10:00,-12.29
2026-07-02 11:00,-12.06
2026-07-02 12:00,-11.78
2026-07-02 13:00,-11.08
2026-07-02 14:00,-10.03
2026-07-02 15:00,-9.47
2026-07-02 16:00,-9.6
2026-07-02 17:00,-9.21
2026-07-02 18:00,-9.21
2026-07-02 19:00,-9.08
2026-07-02 20:00,-9.5
2026-07-02 21:00,-9.34
2026-07-02 22:00,-8.83
2026-07-02 23:00,-8.96
2026-07-03 00:00,-8.82
2026-07-03 01:00,-9.2
2026-07-03 02:00,-8.78
2026-07-03 03:00,-9.01
2026-07-03 04:00,-9.02
2026-07-03 05:00,-9.0
2026-07-03 06:00,-8.62
2026-07-03 07:00,-8.55
2026-07-03 08:00,-8.47
2026-07-03 09:00,-8.74
2026-07-03 10:00,-8.54
2026-07-03 11:00,-8.1
2026-07-03 12:00,-7.82
2026-07-03 13:00,-7.88
2026-07-03 14:00,-7.69
2026-07-03 15:00,-7.6
2026-07-03 16:00,-7.97
2026-07-03 17:00,-7.69
2026-07-03 18:00,-7.56
2026-07-03 19:00,-7.55
2026-07-03 20:00,-7.55
2026-07-03 21:00,-6.69
2026-07-03 22:00,-6.76
2026-07-03 23:00,-7.0
2026-07-04 00:00,-6.97
2026-07-04 01:00,-6.72
2026-07-04 02:00,-7.15
2026-07-04 03:00,-7.05
2026-07-04 04:00,-6.91
2026-07-04 05:00,-6.83
2026-07-04 06:00,-7.15
2026-07-04 07:00,-7.11
2026-07-04 08:00,-7.0
2026-07-04 09:00,-7.03
2026-07-04 10:00,-7.12
2026-07-04 11:00,-7.09
2026-07-04 12:00,-7.13
2026-07-04 13:00,-6.87
2026-07-04 14:00,-6.98
2026-07-04 15:00,-6.82
2026-07-04 16:00,-6.46
2026-07-04 17:00,-6.48
2026-07-04 18:00,-5.96
2026-07-04 19:00,-6.12
2026-07-04 20:00,-5.93
2026-07-04 21:00,-6.02
2026-07-04 22:00,-5.92
2026-07-04 23:00,-6.08
2026-07-05 00:00,-6.16
2026-07-05 01:00,-6.38
2026-07-05 02:00,-6.54
2026-07-05 03:00,-6.81
2026-07-05 04:00,-6.72
2026-07-05 05:00,-6.64
2026-07-05 06:00,-6.75
2026-07-05 07:00,-6.7
2026-07-05 08:00,-6.33
2026-07-05 09:00,-6.49
2026-07-05 10:00,-6.92
2026-07-05 11:00,-6.72
2026-07-05 12:00,-6.88
2026-07-05 13:00,-6.75
2026-07-05 14:00,-6.67
2026-07-05 15:00,-6.65
2026-07-05 16:00,-6.76
2026-07-05 17:00,-6.9
2026-07-05 18:00,-6.92
2026-07-05 19:00,-6.64
2026-07-05 20:00,-6.71
2026-07-05 21:00,-6.77
2026-07-05 22:00,-6.22
2026-07-05 23:00,-5.26
2026-07-06 00:00,-5.41
2026-07-06 01:00,-5.24
2026-07-06 02:00,-5.52
2026-07-06 03:00,-5.7
2026-07-06 04:00,-5.92
2026-07-06 05:00,-5.97
2026-07-06 06:00,-6.2
2026-07-06 07:00,-6.38
2026-07-06 08:00,-6.23
2026-07-06 09:00,-6.51
2026-07-06 10:00,-6.85
2026-07-06 11:00,-6.63
2026-07-06 12:00,-7.13
2026-07-06 13:00,-8.21
2026-07-06 14:00,-8.18
2026-07-06 15:00,-7.78
2026-07-06 16:00,-5.55
2026-07-06 17:00,-5.27
2026-07-06 18:00,-5.49
2026-07-06 19:00,-5.32
2026-07-06 20:00,-5.27
2026-07-06 21:00,-5.14
2026-07-06 22:00,-4.13
2026-07-06 23:00,-4.5
2026-07-07 00:00,-4.81
2026-07-07 01:00,-4.58
2026-07-07 02:00,-5.12
2026-07-07 03:00,-5.88
2026-07-07 04:00,-6.08
2026-07-07 05:00,-6.22
2026-07-07 06:00,-6.19
2026-07-07 07:00,-5.87
2026-07-07 08:00,-6.23
2026-07-07 09:00,-6.22
2026-07-07 10:00,-5.99
2026-07-07 11:00,-5.94
2026-07-07 12:00,-5.77
2026-07-07 13:00,-5.66
2026-07-07 14:00,-6.28
2026-07-07 15:00,-5.53
2026-07-07 16:00,-4.97
2026-07-07 17:00,-4.9
2026-07-07 18:00,-4.6
2026-07-07 19:00,-5.36
2026-07-07 20:00,-5.15
2026-07-07 21:00,-5.33
2026-07-07 22:00,-5.73
2026-07-07 23:00,-5.56
2026-07-08 00:00,-5.83
2026-07-08 01:00,-5.46
2026-07-08 02:00,-6.32
2026-07-08 03:00,-6.4
2026-07-08 04:00,-6.71
2026-07-08 05:00,-6.67
2026-07-08 06:00,-6.9
2026-07-08 07:00,-6.88
2026-07-08 08:00,-6.54
2026-07-08 09:00,-7.83
2026-07-08 10:00,-7.77
2026-07-08 11:00,-7.59
2026-07-08 12:00,-7.41
2026-07-08 13:00,-7.91
2026-07-08 14:00,-7.93
2026-07-08 15:00,-8.01
2026-07-08 16:00,-8.3
2026-07-08 17:00,-7.69
2026-07-08 18:00,-7.69
2026-07-08 19:00,-7.58
2026-07-08 20:00,-7.44
2026-07-08 21:00,-7.7
2026-07-08 22:00,-7.57
2026-07-08 23:00,-7.36
2026-07-09 00:00,-7.43
2026-07-09 01:00,-7.66
2026-07-09 02:00,-7.99
2026-07-09 03:00,-8.18
2026-07-09 04:00,-7.9
2026-07-09 05:00,-7.19
2026-07-09 06:00,-6.97
2026-07-09 07:00,-6.43
2026-07-09 08:00,-6.37
2026-07-09 09:00,-6.52
2026-07-09 10:00,-6.44
2026-07-09 11:00,-6.69
2026-07-09 12:00,-6.69
2026-07-09 13:00,-6.95
2026-07-09 14:00,-6.33
2026-07-09 15:00,-6.35
2026-07-09 16:00,-6.57
2026-07-09 17:00,-6.82
2026-07-09 18:00,-6.16
2026-07-09 19:00,-6.03
2026-07-09 20:00,-6.0
2026-07-09 21:00,-5.9
2026-07-09 22:00,-5.96
2026-07-09 23:00,-6.05
2026-07-10 00:00,-6.03
2026-07-10 01:00,-6.2
2026-07-10 02:00,-5.25
2026-07-10 03:00,-4.94
2026-07-10 04:00,-4.96
2026-07-10 05:00,-4.81
2026-07-10 06:00,-4.71
2026-07-10 07:00,-5.09
2026-07-10 08:00,-4.91
2026-07-10 09:00,-4.53
2026-07-10 10:00,-4.3
2026-07-10 11:00,-4.28
2026-07-10 12:00,-4.25
2026-07-10 13:00,-4.46
2026-07-10 14:00,-4.17
2026-07-10 15:00,-4.99
2026-07-10 16:00,-4.81
2026-07-10 17:00,-4.66
2026-07-10 18:00,-5.13
2026-07-10 19:00,-5.15
2026-07-10 20:00,-4.99
2026-07-10 21:00,-5.11
2026-07-10 22:00,-4.86
2026-07-10 23:00,-4.71
2026-07-11 00:00,-4.65
2026-07-11 01:00,-4.71
2026-07-11 02:00,-4.87
2026-07-11 03:00,-4.65
2026-07-11 04:00,-4.67
2026-07-11 05:00,-4.66
2026-07-11 06:00,-4.63
2026-07-11 07:00,-4.56
2026-07-11 08:00,-4.64
2026-07-11 09:00,-4.48
2026-07-11 10:00,-4.63
2026-07-11 11:00,-4.6
2026-07-11 12:00,-4.58
2026-07-11 13:00,-4.59
2026-07-11 14:00,-4.52
2026-07-11 15:00,-4.36
2026-07-11 16:00,-4.63
2026-07-11 17:00,-4.62
2026-07-11 18:00,-4.41
2026-07-11 19:00,-4.39
2026-07-11 20:00,-4.45
2026-07-11 21:00,-4.32
2026-07-11 22:00,-4.36
2026-07-11 23:00,-4.59
2026-07-12 00:00,-5.16
2026-07-12 01:00,-5.13
2026-07-12 02:00,-4.68
2026-07-12 03:00,-4.77
2026-07-12 04:00,-4.54
2026-07-12 05:00,-4.88
2026-07-12 06:00,-4.93
2026-07-12 07:00,-5.24
2026-07-12 08:00,-5.05
2026-07-12 09:00,-4.91
2026-07-12 10:00,-4.94
2026-07-12 11:00,-5.08
2026-07-12 12:00,-4.85
2026-07-12 13:00,-4.84
2026-07-12 14:00,-4.84
2026-07-12 15:00,-4.58
2026-07-12 16:00,-4.62
2026-07-12 17:00,-4.62
2026-07-12 18:00,-4.77
2026-07-12 19:00,-4.66
2026-07-12 20:00,-4.54
2026-07-12 21:00,-4.59
2026-07-12 22:00,-5.0
2026-07-12 23:00,-5.06
2026-07-13 00:00,-5.21
2026-07-13 01:00,-4.78
2026-07-13 02:00,-5.76
2026-07-13 03:00,-5.81
2026-07-13 04:00,-6.65
2026-07-13 05:00,-6.85
2026-07-13 06:00,-6.68
2026-07-13 07:00,-6.67
2026-07-13 08:00,-6.4
2026-07-13 09:00,-6.07
2026-07-13 10:00,-6.22
2026-07-13 11:00,-6.56
2026-07-13 12:00,-6.5
2026-07-13 13:00,-6.93
2026-07-13 14:00,-7.37
2026-07-13 15:00,-6.67
2026-07-13 16:00,-6.93
2026-07-13 17:00,-7.43
2026-07-13 18:00,-8.0
2026-07-13 19:00,-7.82
2026-07-13 20:00,-7.43
2026-07-13 21:00,-7.55
2026-07-13 22:00,-7.76
2026-07-13 23:00,-7.97
2026-07-14 00:00,-7.36
2026-07-14 01:00,-7.04
2026-07-14 02:00,-7.06
2026-07-14 03:00,-7.05
2026-07-14 04:00,-7.01
2026-07-14 05:00,-6.75
2026-07-14 06:00,-6.77
2026-07-14 07:00,-6.92
2026-07-14 08:00,-7.03
2026-07-14 09:00,-6.8
2026-07-14 10:00,-6.92
2026-07-14 11:00,-6.67
2026-07-14 12:00,-6.61
2026-07-14 13:00,-4.94
2026-07-14 14:00,-5.13
2026-07-14 15:00,-4.43
2026-07-14 16:00,-3.76
2026-07-14 17:00,-3.79
2026-07-14 18:00,-3.95
2026-07-14 19:00,-4.03
2026-07-14 20:00,-4.03
2026-07-14 21:00,-4.04
2026-07-14 22:00,-3.87
2026-07-14 23:00,-3.6
2026-07-15 00:00,-3.33
2026-07-15 01:00,-3.65
2026-07-15 02:00,-3.88
2026-07-15 03:00,-4.14
2026-07-15 04:00,-3.71
2026-07-15 05:00,-3.76
2026-07-15 06:00,-3.47
2026-07-15 07:00,-3.67
2026-07-15 08:00,-4.06
2026-07-15 09:00,-3.73
2026-07-15 10:00,-3.88
2026-07-15 11:00,-3.9
2026-07-15 12:00,-3.79
2026-07-15 13:00,-3.15
2026-07-15 14:00,-3.22
2026-07-15 15:00,-2.81
2026-07-15 16:00,-2.77
2026-07-15 17:00,-3.03
2026-07-15 18:00,-2.89
2026-07-15 19:00,-3.17
2026-07-15 20:00,-3.01
2026-07-15 21:00,-3.01
2026-07-15 22:00,-3.22
2026-07-15 23:00,-3.17
2026-07-16 00:00,-3.34
2026-07-16 01:00,-3.59
2026-07-16 02:00,-3.37
2026-07-16 03:00,-3.5
2026-07-16 04:00,-3.53
2026-07-16 05:00,-3.5
2026-07-16 06:00,-3.07
2026-07-16 07:00,-3.3
2026-07-16 08:00,-4.12
2026-07-16 09:00,-4.17
2026-07-16 10:00,-4.08
2026-07-16 11:00,-3.89
2026-07-16 12:00,-3.83
2026-07-16 13:00,-3.76
2026-07-16 14:00,-3.11
2026-07-16 15:00,-2.87
2026-07-16 16:00,-2.62
2026-07-16 17:00,-2.97
2026-07-16 18:00,-3.57
2026-07-16 19:00,-3.32
2026-07-16 20:00,-3.28
2026-07-16 21:00,-3.51
2026-07-16 22:00,-3.44
2026-07-16 23:00,-3.73
2026-07-17 00:00,-3.94
2026-07-17 01:00,-3.85
2026-07-17 02:00,-4.38
2026-07-17 03:00,-4.46
2026-07-17 04:00,-4.34
2026-07-17 05:00,-4.46
2026-07-17 06:00,-5.44
2026-07-17 07:00,-5.28
2026-07-17 08:00,-5.46
2026-07-17 09:00,-5.36
2026-07-17 10:00,-5.2
2026-07-17 11:00,-4.93
2026-07-17 12:00,-4.74
2026-07-17 13:00,-5.04
2026-07-17 14:00,-4.95
2026-07-17 15:00,-4.93
2026-07-17 16:00,-4.5
2026-07-17 17:00,-3.94
2026-07-17 18:00,-3.14
2026-07-17 19:00,-2.15
2026-07-17 20:00,-2.25
2026-07-17 21:00,-2.3
2026-07-17 22:00,-2.33
2026-07-17 23:00,-2.51
2026-07-18 00:00,-2.57
2026-07-18 01:00,-2.62
2026-07-18 02:00,-2.54
2026-07-18 03:00,-2.54
2026-07-18 04:00,-2.45
2026-07-18 05:00,-2.52
2026-07-18 06:00,-2.53
2026-07-18 07:00,-2.5
2026-07-18 08:00,-2.47
2026-07-18 09:00,-2.47
2026-07-18 10:00,-2.49
2026-07-18 11:00,-2.46
2026-07-18 12:00,-2.38
2026-07-18 13:00,-2.16
2026-07-18 14:00,-2.31
2026-07-18 15:00,-2.28
2026-07-18 16:00,-2.3
2026-07-18 17:00,-2.01
2026-07-18 18:00,-1.75
2026-07-18 19:00,-1.71
2026-07-18 20:00,-1.63
2026-07-18 21:00,-1.42
2026-07-18 22:00,-1.37
2026-07-18 23:00,-1.25
2026-07-19 00:00,-1.21
2026-07-19 01:00,-1.28
2026-07-19 02:00,-1.29
2026-07-19 03:00,-1.22
2026-07-19 04:00,-1.39
2026-07-19 05:00,-1.38
2026-07-19 06:00,-1.38
2026-07-19 07:00,-1.39
2026-07-19 08:00,-1.38
2026-07-19 09:00,-1.4
2026-07-19 10:00,-1.68
2026-07-19 11:00,-1.58
2026-07-19 12:00,-1.76
2026-07-19 13:00,-1.8
2026-07-19 14:00,-1.74
2026-07-19 15:00,-1.58
2026-07-19 16:00,-1.6
2026-07-19 17:00,-1.66
2026-07-19 18:00,-1.64
2026-07-19 19:00,-1.83
2026-07-19 20:00,-1.77
2026-07-19 21:00,-1.65
2026-07-19 22:00,-1.83
2026-07-19 23:00,-1.46
2026-07-20 00:00,-1.38
2026-07-20 01:00,-1.63
2026-07-20 02:00,-1.53
2026-07-20 03:00,-1.22
2026-07-20 04:00,-1.16
2026-07-20 05:00,-1.66
2026-07-20 06:00,-2.28
2026-07-20 07:00,-2.6
2026-07-20 08:00,-2.05
2026-07-20 09:00,-2.39
2026-07-20 10:00,-2.17
2026-07-20 11:00,-2.01
2026-07-20 12:00,-0.95
2026-07-20 13:00,-1.48
2026-07-20 14:00,-1.95
2026-07-20 15:00,-1.84
2026-07-20 16:00,-0.18
2026-07-20 17:00,-0.32
2026-07-20 18:00,-0.19
2026-07-20 19:00,-0.87
2026-07-20 20:00,-1.02
2026-07-20 21:00,-0.67
2026-07-20 22:00,-0.8
2026-07-20 23:00,-1.02
2026-07-21 00:00,-0.86
2026-07-21 01:00,-0.38
2026-07-21 02:00,-0.89
2026-07-21 03:00,-0.61
2026-07-21 04:00,-0.38
2026-07-21 05:00,-0.45
2026-07-21 06:00,-0.31
2026-07-21 07:00,-0.12
2026-07-21 08:00,-0.11
2026-07-21 09:00,-0.21
2026-07-21 10:00,-0.12
2026-07-21 11:00,-0.34
2026-07-21 12:00,-0.11
2026-07-21 13:00,-0.14
2026-07-21 14:00,-0.04
2026-07-21 15:00,-0.18
2026-07-21 16:00,-0.41
2026-07-21 17:00,-0.62
2026-07-21 18:00,-1.11
2026-07-21 19:00,-0.95
2026-07-21 20:00,-0.77
2026-07-21 21:00,-0.82
2026-07-21 22:00,-0.85
2026-07-21 23:00,-0.98
2026-07-22 00:00,-0.6
2026-07-22 01:00,-0.5
2026-07-22 02:00,-0.78
2026-07-22 03:00,-0.96
2026-07-22 04:00,-1.12
2026-07-22 05:00,-0.86
2026-07-22 06:00,-1.45
2026-07-22 07:00,-1.52
2026-07-22 08:00,-1.66
2026-07-22 09:00,-1.45
2026-07-22 10:00,-1.54
2026-07-22 11:00,-1.36
2026-07-22 12:00,-1.41
2026-07-22 13:00,-1.97
2026-07-22 14:00,-1.49
2026-07-22 15:00,-1.72
2026-07-22 16:00,-1.36
2026-07-22 17:00,-1.08
2026-07-22 18:00,-1.38
2026-07-22 19:00,-1.59
2026-07-22 20:00,-1.54
2026-07-22 21:00,-1.55
2026-07-22 22:00,-1.33
2026-07-22 23:00,-1.36
2026-07-23 00:00,-1.26
2026-07-23 01:00,-1.35
2026-07-23 02:00,-1.69
2026-07-23 03:00,-1.71
2026-07-23 04:00,-1.94
2026-07-23 05:00,-2.0
2026-07-23 06:00,-1.88
2026-07-23 07:00,-1.73
2026-07-23 08:00,-2.27
2026-07-23 09:00,-1.97
2026-07-23 10:00,-1.97
2026-07-23 11:00,-1.82
2026-07-23 12:00,-2.09
2026-07-23 13:00,-2.67
2026-07-23 14:00,-3.09
2026-07-23 15:00,-3.05
2026-07-23 16:00,-2.96
2026-07-23 17:00,-3.28
2026-07-23 18:00,-3.39
2026-07-23 19:00,-3.11
2026-07-23 20:00,-3.14
2026-07-23 21:00,-2.7
2026-07-23 22:00,-2.67
2026-07-23 23:00,-2.64
2026-07-24 00:00,-2.77
2026-07-24 01:00,-2.95
2026-07-24 02:00,-2.8
2026-07-24 03:00,-2.74
2026-07-24 04:00,-2.24
2026-07-24 05:00,-2.45
2026-07-24 06:00,-2.45
2026-07-24 07:00,-2.22
2026-07-24 08:00,-2.17
2026-07-24 09:00,-2.46
2026-07-24 10:00,-2.74
2026-07-24 11:00,-2.98
2026-07-24 12:00,-2.81
2026-07-24 13:00,-3.25
2026-07-24 14:00,-4.18
2026-07-24 15:00,-4.32
2026-07-24 16:00,-4.27
2026-07-24 17:00,-4.47
2026-07-24 18:00,-4.14
2026-07-24 19:00,-4.01
2026-07-24 20:00,-4.07
2026-07-24 21:00,-4.16
2026-07-24 22:00,-4.2
2026-07-24 23:00,-4.17
2026-07-25 00:00,-4.2
2026-07-25 01:00,-4.3
2026-07-25 02:00,-4.31
2026-07-25 03:00,-4.35
2026-07-25 04:00,-4.29
2026-07-25 05:00,-4.15
2026-07-25 06:00,-4.38
2026-07-25 07:00,-4.39
2026-07-25 08:00,-4.41
2026-07-25 09:00,-4.6
2026-07-25 10:00,-4.41
2026-07-25 11:00,-4.31
2026-07-25 12:00,-4.32
2026-07-25 13:00,-4.24
2026-07-25 14:00,-4.16
2026-07-25 15:00,-4.1
2026-07-25 16:00,-4.15
2026-07-25 17:00,-4.1
2026-07-25 18:00,-4.02
2026-07-25 19:00,-3.78
2026-07-25 20:00,-3.83
2026-07-25 21:00,-3.92
2026-07-25 22:00,-3.89
2026-07-25 23:00,-3.81
2026-07-26 00:00,-3.86
2026-07-26 01:00,-3.65
2026-07-26 02:00,-3.72
2026-07-26 03:00,-3.64
2026-07-26 04:00,-3.59
2026-07-26 05:00,-3.63
2026-07-26 06:00,-3.79
2026-07-26 07:00,-3.76
2026-07-26 08:00,-3.86
2026-07-26 09:00,-3.7
2026-07-26 10:00,-3.6
2026-07-26 11:00,-3.64
2026-07-26 12:00,-3.65
2026-07-26 13:00,-3.72
2026-07-26 14:00,-3.63
2026-07-26 15:00,-3.34
2026-07-26 16:00,-3.27
2026-07-26 17:00,-3.32
2026-07-26 18:00,-3.38
2026-07-26 19:00,-3.31
2026-07-26 20:00,-3.37
2026-07-26 21:00,-3.44
2026-07-26 22:00,-3.14
2026-07-26 23:00,-2.3
2026-07-27 00:00,-2.31
2026-07-27 01:00,-2.72
2026-07-27 02:00,-2.61
2026-07-27 03:00,-2.66
2026-07-27 04:00,-2.48
2026-07-27 05:00,-2.49
2026-07-27 06:00,-2.23
2026-07-27 07:00,-2.3
2026-07-27 08:00,-2.58
2026-07-27 09:00,-2.68
2026-07-27 10:00,-2.52
2026-07-27 11:00,-2.4
2026-07-27 12:00,-2.77
2026-07-27 13:00,-2.78
2026-07-27 14:00,-2.59
2026-07-27 15:00,-3.38
2026-07-27 16:00,-3.6
2026-07-27 17:00,-3.07
2026-07-27 18:00,-2.88
2026-07-27 19:00,-3.09
2026-07-27 20:00,-2.94
2026-07-27 21:00,-2.96
2026-07-27 22:00,-3.19
2026-07-27 23:00,-4.73
2026-07-28 00:00,-4.79
2026-07-28 01:00,-5.19
2026-07-28 02:00,-5.57
2026-07-28 03:00,-5.64
2026-07-28 04:00,-5.4
2026-07-28 05:00,-5.38
2026-07-28 06:00,-5.24
2026-07-28 07:00,-4.95
2026-07-28 08:00,-5.15
2026-07-28 09:00,-5.26
2026-07-28 10:00,-5.31
2026-07-28 11:00,-5.21
2026-07-28 12:00,-5.22
2026-07-28 13:00,-5.09
2026-07-28 14:00,-5.75
2026-07-28 15:00,-5.29
2026-07-28 16:00,-4.52
2026-07-28 17:00,-4.34
2026-07-28 18:00,-4.87
2026-07-28 19:00,-4.8
2026-07-28 20:00,-4.54
2026-07-28 21:00,-4.53
2026-07-28 22:00,-4.44
2026-07-28 23:00,-4.74
2026-07-29 00:00,-4.51
2026-07-29 01:00,-4.48
2026-07-29 02:00,-4.84
2026-07-29 03:00,-4.44
2026-07-29 04:00,-4.78
2026-07-29 05:00,-4.45
2026-07-29 06:00,-4.3
2026-07-29 07:00,-3.76
2026-07-29 08:00,-3.56
2026-07-29 09:00,-3.78
2026-07-29 10:00,-3.38
2026-07-29 11:00,-3.71
2026-07-29 12:00,-3.65
2026-07-29 13:00,-4.0
2026-07-29 14:00,-3.42
2026-07-29 15:00,-4.25
2026-07-29 16:00,-4.46
2026-07-29 17:00,-4.69
2026-07-29 18:00,-4.0
2026-07-29 19:00,-3.65
2026-07-29 20:00,-5.02
2026-07-29 21:00,-5.13
2026-07-29 22:00,-4.62
2026-07-29 23:00,-4.49
2026-07-30 00:00,-4.43
2026-07-30 01:00,-4.86
2026-07-30 02:00,-4.0
2026-07-30 03:00,-4.12
2026-07-30 04:00,-4.17
2026-07-30 05:00,-4.37
2026-07-30 06:00,-4.35
2026-07-30 07:00,-4.41
2026-07-30 08:00,-4.4
2026-07-30 09:00,-3.95
2026-07-30 10:00,-3.55
2026-07-30 11:00,-3.55
2026-07-30 12:00,-3.22
2026-07-30 13:00,-3.04
2026-07-30 14:00,-2.88
2026-07-30 15:00,-3.4
2026-07-30 16:00,-3.33
2026-07-30 17:00,-3.2
2026-07-30 18:00,-3.11
2026-07-30 19:00,-3.37
2026-07-30 20:00,-3.21
2026-07-30 21:00,-3.25
2026-07-30 22:00,-3.31
2026-07-30 23:00,-3.13
2026-07-31 00:00,-3.25
2026-07-31 01:00,-3.33
2026-07-31 02:00,-3.57
2026-07-31 03:00,-3.96
2026-07-31 04:00,-3.86
2026-07-31 05:00,-3.95
2026-07-31 06:00,-3.87
2026-07-31 07:00,-4.06
2026-07-31 08:00,-4.51
2026-07-31 09:00,-4.67
2026-07-31 10:00,-4.83
2026-07-31 11:00,-4.54
2026-07-31 12:00,-4.7
2026-07-31 13:00,-4.78
2026-07-31 14:00,-5.49
2026-07-31 15:00,-6.37
2026-07-31 16:00,-6.32
2026-07-31 17:00,-6.09
2026-07-31 18:00,-5.54
2026-07-31 19:00,-5.77
2026-07-31 20:00,-5.94
2026-07-31 21:00,-5.97
2026-07-31 22:00,-5.98
2026-07-31 23:00,-5.99
2026-08-01 00:00,-6.07
2026-08-01 01:00,-6.0
2026-08-01 02:00,-5.94
2026-08-01 03:00,-5.8
2026-08-01 04:00,-5.9
2026-08-01 05:00,-5.75
2026-08-01 06:00,-5.86
2026-08-01 07:00,-5.79
2026-08-01 08:00,-5.83
2026-08-01 09:00,-5.72
2026-08-01 10:00,-5.83
2026-08-01 11:00,-5.82
2026-08-01 12:00,-5.8
2026-08-01 13:00,-5.76
2026-08-01 14:00,-5.81
2026-08-01 15:00,-5.72
2026-08-01 16:00,-5.9
2026-08-01 17:00,-6.01
2026-08-01 18:00,-6.34
2026-08-01 19:00,-6.53
2026-08-01 20:00,-6.61
2026-08-01 21:00,-6.41
2026-08-01 22:00,-6.18
2026-08-01 23:00,-6.16
2026-08-02 00:00,-6.17
2026-08-02 01:00,-6.15
2026-08-02 02:00,-5.92
2026-08-02 03:00,-5.23
2026-08-02 04:00,-5.21
2026-08-02 05:00,-5.03
2026-08-02 06:00,-5.22
2026-08-02 07:00,-5.18
2026-08-02 08:00,-5.16
2026-08-02 09:00,-5.61
2026-08-02 10:00,-5.49
2026-08-02 11:00,-5.6
2026-08-02 12:00,-5.85
2026-08-02 13:00,-5.72
2026-08-02 14:00,-5.72
2026-08-02 15:00,-5.8
2026-08-02 16:00,-5.74
2026-08-02 17:00,-5.63
2026-08-02 18:00,-5.45
2026-08-02 19:00,-5.32
2026-08-02 20:00,-5.22
2026-08-02 21:00,-5.15
2026-08-02 22:00,-5.03
2026-08-02 23:00,-5.27
2026-08-03 00:00,-5.04
2026-08-03 01:00,-5.42
2026-08-03 02:00,-5.59
2026-08-03 03:00,-5.69
2026-08-03 04:00,-6.1
2026-08-03 05:00,-6.21
2026-08-03 06:00,-6.16
2026-08-03 07:00,-6.47
2026-08-03 08:00,-6.47
2026-08-03 09:00,-6.59
2026-08-03 10:00,-6.15
2026-08-03 11:00,-6.3
2026-08-03 12:00,-6.56
2026-08-03 13:00,-6.36
2026-08-03 14:00,-5.39
2026-08-03 15:00,-4.48
2026-08-03 16:00,-4.88
2026-08-03 17:00,-4.76
2026-08-03 18:00,-4.56
2026-08-03 19:00,-4.62
2026-08-03 20:00,-4.61
2026-08-03 21:00,-4.73
2026-08-03 22:00,-5.03
2026-08-03 23:00,-4.99
2026-08-04 00:00,-5.12
2026-08-04 01:00,-5.36
2026-08-04 02:00,-4.64
2026-08-04 03:00,-4.66
2026-08-04 04:00,-4.71
2026-08-04 05:00,-4.36
2026-08-04 06:00,-4.69
2026-08-04 07:00,-4.89
2026-08-04 08:00,-4.87
2026-08-04 09:00,-5.03
2026-08-04 10:00,-5.0
2026-08-04 11:00,-4.75
2026-08-04 12:00,-4.52
2026-08-04 13:00,-4.56
2026-08-04 14:00,-4.87
2026-08-04 15:00,-4.22
2026-08-04 16:00,-4.24
2026-08-04 17:00,-4.48
2026-08-04 18:00,-4.46
2026-08-04 19:00,-3.96
2026-08-04 20:00,-4.07
2026-08-04 21:00,-3.9
2026-08-04 22:00,-4.12
2026-08-04 23:00,-4.01
2026-08-05 00:00,-4.26
2026-08-05 01:00,-4.41
2026-08-05 02:00,-3.91
2026-08-05 03:00,-3.86
2026-08-05 04:00,-4.15
2026-08-05 05:00,-4.16
2026-08-05 06:00,-3.91
2026-08-05 07:00,-4.03
2026-08-05 08:00,-4.16
2026-08-05 09:00,-4.23
2026-08-05 10:00,-4.18
2026-08-05 11:00,-4.32
2026-08-05 12:00,-4.3
2026-08-05 13:00,-3.93
2026-08-05 14:00,-3.79
2026-08-05 15:00,-3.71
2026-08-05 16:00,-3.84
2026-08-05 17:00,-3.43
2026-08-05 18:00,-3.27
2026-08-05 19:00,-3.23
2026-08-05 20:00,-3.17
2026-08-05 21:00,-3.17
2026-08-05 22:00,-3.31
2026-08-05 23:00,-3.46
2026-08-06 00:00,-3.42
2026-08-06 01:00,-3.45
2026-08-06 02:00,-3.53
2026-08-06 03:00,-3.55
2026-08-06 04:00,-3.63
2026-08-06 05:00,-3.33
2026-08-06 06:00,-3.06
2026-08-06 07:00,-3.13
2026-08-06 08:00,-3.19
2026-08-06 09:00,-3.0
2026-08-06 10:00,-3.4
2026-08-06 11:00,-3.49
2026-08-06 12:00,-3.49
2026-08-06 13:00,-3.78
2026-08-06 14:00,-3.76
2026-08-06 15:00,-3.25
2026-08-06 16:00,-3.47
2026-08-06 17:00,-3.29
2026-08-06 18:00,-3.5
2026-08-06 19:00,-3.79
2026-08-06 20:00,-3.75
2026-08-06 21:00,-3.77
2026-08-06 22:00,-3.75
2026-08-06 23:00,-3.89
2026-08-07 00:00,-3.92
2026-08-07 01:00,-3.93
2026-08-07 02:00,-3.78
2026-08-07 03:00,-3.82
2026-08-07 04:00,-3.97
2026-08-07 05:00,-4.03
2026-08-07 06:00,-3.91
2026-08-07 07:00,-3.95
2026-08-07 08:00,-3.94
2026-08-07 09:00,-3.51
2026-08-07 10:00,-3.16
2026-08-07 11:00,-3.07
2026-08-07 12:00,-2.88
2026-08-07 13:00,-2.49
2026-08-07 14:00,-2.9
2026-08-07 15:00,-2.98
2026-08-07 16:00,-3.05
2026-08-07 17:00,-3.2
2026-08-07 18:00,-3.26
2026-08-07 19:00,-3.31
2026-08-07 20:00,-2.98
2026-08-07 21:00,-2.96
2026-08-07 22:00,-3.03
2026-08-07 23:00,-3.09
2026-08-08 00:00,-3.05
2026-08-08 01:00,-3.04
2026-08-08 02:00,-3.05
2026-08-08 03:00,-3.04
2026-08-08 04:00,-2.88
2026-08-08 05:00,-2.91
2026-08-08 06:00,-2.92
2026-08-08 07:00,-2.91
2026-08-08 08:00,-2.97
2026-08-08 09:00,-2.93
2026-08-08 10:00,-2.93
2026-08-08 11:00,-2.9
2026-08-08 12:00,-2.97
2026-08-08 13:00,-2.91
2026-08-08 14:00,-2.9
2026-08-08 15:00,-2.73
2026-08-08 16:00,-2.8
2026-08-08 17:00,-2.79
2026-08-08 18:00,-2.75
2026-08-08 19:00,-2.85
2026-08-08 20:00,-2.81
2026-08-08 21:00,-2.8
2026-08-08 22:00,-2.89
2026-08-08 23:00,-3.0
2026-08-09 00:00,-2.98
2026-08-09 01:00,-2.95
2026-08-09 02:00,-3.12
2026-08-09 03:00,-3.18
2026-08-09 04:00,-3.24
2026-08-09 05:00,-3.23
2026-08-09 06:00,-3.21
2026-08-09 07:00,-3.14
2026-08-09 08:00,-3.18
2026-08-09 09:00,-3.19
2026-08-09 10:00,-3.1
2026-08-09 11:00,-2.98
2026-08-09 12:00,-2.99
2026-08-09 13:00,-2.98
2026-08-09 14:00,-2.58
2026-08-09 15:00,-2.52
2026-08-09 16:00,-2.56
2026-08-09 17:00,-2.57
2026-08-09 18:00,-2.62
2026-08-09 19:00,-2.63
2026-08-09 20:00,-2.65
2026-08-09 21:00,-2.7
2026-08-09 22:00,-2.63
2026-08-09 23:00,-2.81
2026-08-10 00:00,-3.07
2026-08-10 01:00,-2.96
2026-08-10 02:00,-2.62
2026-08-10 03:00,-2.76
2026-08-10 04:00,-2.96
2026-08-10 05:00,-2.9
2026-08-10 06:00,-2.7
2026-08-10 07:00,-2.47
2026-08-10 08:00,-2.6
2026-08-10 09:00,-2.55
2026-08-10 10:00,-2.96
2026-08-10 11:00,-2.89
2026-08-10 12:00,-2.73
2026-08-10 13:00,-3.12
2026-08-10 14:00,-3.57
2026-08-10 15:00,-3.48
2026-08-10 16:00,-3.97
2026-08-10 17:00,-4.54
2026-08-10 18:00,-4.47
2026-08-10 19:00,-4.57
2026-08-10 20:00,-4.34
2026-08-10 21:00,-4.18
2026-08-10 22:00,-4.45
2026-08-10 23:00,-4.39
2026-08-11 00:00,-4.46
2026-08-11 01:00,-4.36
2026-08-11 02:00,-4.33
2026-08-11 03:00,-4.35
2026-08-11 04:00,-4.2
2026-08-11 05:00,-4.37
2026-08-11 06:00,-4.42
2026-08-11 07:00,-4.46
2026-08-11 08:00,-4.32
2026-08-11 09:00,-4.21
2026-08-11 10:00,-3.95
2026-08-11 11:00,-4.06
2026-08-11 12:00,-3.83
2026-08-11 13:00,-3.92
2026-08-11 14:00,-4.11
2026-08-11 15:00,-4.75
2026-08-11 16:00,-4.99
2026-08-11 17:00,-5.13
2026-08-11 18:00,-5.0
2026-08-11 19:00,-5.34
2026-08-11 20:00,-5.1
2026-08-11 21:00,-4.79
2026-08-11 22:00,-4.9
2026-08-11 23:00,-4.9
2026-08-12 00:00,-5.01
2026-08-12 01:00,-4.79
2026-08-12 02:00,-4.67
2026-08-12 03:00,-4.78
2026-08-12 04:00,-4.67
2026-08-12 05:00,-4.75
2026-08-12 06:00,-4.65
2026-08-12 07:00,-4.84
2026-08-12 08:00,-4.66
2026-08-12 09:00,-4.71
2026-08-12 10:00,-4.25
2026-08-12 11:00,-4.2
2026-08-12 12:00,-4.06
2026-08-12 13:00,-4.23
2026-08-12 14:00,-4.66
2026-08-12 15:00,-5.35
2026-08-12 16:00,-5.23
2026-08-12 17:00,-5.17
2026-08-12 18:00,-5.19
2026-08-12 19:00,-5.33
2026-08-12 20:00,-5.27
2026-08-12 21:00,-5.01
2026-08-12 22:00,-5.2
2026-08-12 23:00,-5.26
2026-08-13 00:00,-5.18
2026-08-13 01:00,-5.07
2026-08-13 02:00,-5.22
2026-08-13 03:00,-5.08
2026-08-13 04:00,-4.93
2026-08-13 05:00,-4.86
2026-08-13 06:00,-4.6
2026-08-13 07:00,-4.5
2026-08-13 08:00,-4.62
2026-08-13 09:00,-4.75
2026-08-13 10:00,-4.73
2026-08-13 11:00,-4.92
2026-08-13 12:00,-5.18
2026-08-13 13:00,-4.86
2026-08-13 14:00,-4.82
2026-08-13 15:00,-4.61
2026-08-13 16:00,-5.29
2026-08-13 17:00,-5.66
2026-08-13 18:00,-5.68
2026-08-13 19:00,-5.44
2026-08-13 20:00,-5.28
2026-08-13 21:00,-5.29
2026-08-13 22:00,-5.2
2026-08-13 23:00,-5.12
2026-08-14 00:00,-5.18
2026-08-14 01:00,-5.09
2026-08-14 02:00,-5.05
2026-08-14 03:00,-5.21
2026-08-14 04:00,-5.43
2026-08-14 05:00,-5.34
2026-08-14 06:00,-5.33
2026-08-14 07:00,-5.95
2026-08-14 08:00,-6.03
2026-08-14 09:00,-6.01
2026-08-14 10:00,-6.22
2026-08-14 11:00,-6.18
2026-08-14 12:00,-6.11
2026-08-14 13:00,-6.3
2026-08-14 14:00,-6.4
2026-08-14 15:00,-6.49
2026-08-14 16:00,-5.93
2026-08-14 17:00,-5.71
2026-08-14 18:00,-5.88
2026-08-14 19:00,-6.01
2026-08-14 20:00,-5.96
2026-08-14 21:00,-6.05
2026-08-14 22:00,-6.02
2026-08-14 23:00,-6.08
2026-08-15 00:00,-5.84
2026-08-15 01:00,-5.88
2026-08-15 02:00,-5.85
2026-08-15 03:00,-5.69
2026-08-15 04:00,-5.82
2026-08-15 05:00,-5.73
2026-08-15 06:00,-5.78
2026-08-15 07:00,-5.73
2026-08-15 08:00,-5.79
2026-08-15 09:00,-6.0
2026-08-15 10:00,-5.86
2026-08-15 11:00,-5.84
2026-08-15 12:00,-5.87
2026-08-15 13:00,-5.82
2026-08-15 14:00,-5.82
2026-08-15 15:00,-5.85
2026-08-15 16:00,-5.76
2026-08-15 17:00,-5.76
2026-08-15 18:00,-5.8
2026-08-15 19:00,-5.82
2026-08-15 20:00,-5.72
2026-08-15 21:00,-5.75
2026-08-15 22:00,-5.68
2026-08-15 23:00,-5.71
2026-08-16 00:00,-5.78
2026-08-16 01:00,-5.79
2026-08-16 02:00,-5.79
2026-08-16 03:00,-5.73
2026-08-16 04:00,-5.72
2026-08-16 05:00,-5.78
2026-08-16 06:00,-5.82
2026-08-16 07:00,-5.81
2026-08-16 08:00,-5.81
2026-08-16 09:00,-5.8
2026-08-16 10:00,-5.93
2026-08-16 11:00,-5.89
2026-08-16 12:00,-5.89
2026-08-16 13:00,-5.88
2026-08-16 14:00,-5.81
2026-08-16 15:00,-5.75
2026-08-16 16:00,-5.69
2026-08-16 17:00,-5.52
2026-08-16 18:00,-5.67
2026-08-16 19:00,-5.7
2026-08-16 20:00,-5.74
2026-08-16 21:00,-5.8
2026-08-16 22:00,-6.01
2026-08-16 23:00,-6.04
2026-08-17 00:00,-6.05
2026-08-17 01:00,-6.03
2026-08-17 02:00,-5.74
2026-08-17 03:00,-5.29
2026-08-17 04:00,-5.25
2026-08-17 05:00,-5.1
2026-08-17 06:00,-5.13
2026-08-17 07:00,-4.92
2026-08-17 08:00,-5.13
2026-08-17 09:00,-5.34
2026-08-17 10:00,-5.43
2026-08-17 11:00,-4.87
2026-08-17 12:00,-4.97
2026-08-17 13:00,-5.08
2026-08-17 14:00,-4.9
2026-08-17 15:00,-4.56
2026-08-17 16:00,-4.12
2026-08-17 17:00,-4.25
2026-08-17 18:00,-3.93
2026-08-17 19:00,-3.77
2026-08-17 20:00,-3.95
2026-08-17 21:00,-3.83
2026-08-17 22:00,-3.85
2026-08-17 23:00,-3.97
2026-08-18 00:00,-3.62
2026-08-18 01:00,-3.84
2026-08-18 02:00,-4.11
2026-08-18 03:00,-4.26
2026-08-18 04:00,-4.15
2026-08-18 05:00,-4.09
2026-08-18 06:00,-4.07
2026-08-18 07:00,-3.92
2026-08-18 08:00,-4.11
2026-08-18 09:00,-3.97
2026-08-18 10:00,-4.16
2026-08-18 11:00,-4.11
2026-08-18 12:00,-3.88
2026-08-18 13:00,-4.08
2026-08-18 14:00,-4.09
2026-08-18 15:00,-3.35
2026-08-18 16:00,-3.14
2026-08-18 17:00,-3.17
2026-08-18 18:00,-3.42
2026-08-18 19:00,-3.26
2026-08-18 20:00,-3.44
2026-08-18 21:00,-3.55
2026-08-18 22:00,-3.51
2026-08-18 23:00,-3.46
2026-08-19 00:00,-3.33
2026-08-19 01:00,-3.68
2026-08-19 02:00,-3.81
2026-08-19 03:00,-3.89
2026-08-19 04:00,-3.93
2026-08-19 05:00,-3.94
2026-08-19 06:00,-4.06
2026-08-19 07:00,-3.9
2026-08-19 08:00,-3.97
2026-08-19 09:00,-3.79
2026-08-19 10:00,-3.78
2026-08-19 11:00,-3.74
2026-08-19 12:00,-3.65
2026-08-19 13:00,-3.09
2026-08-19 14:00,-2.9
2026-08-19 15:00,-1.54
2026-08-19 16:00,-2.73
2026-08-19 17:00,-2.87
2026-08-19 18:00,-3.24
2026-08-19 19:00,-2.97
2026-08-19 20:00,-2.9
2026-08-19 21:00,-2.04
2026-08-19 22:00,-1.09
2026-08-19 23:00,-1.74
2026-08-20 00:00,-1.62
2026-08-20 01:00,-1.51
2026-08-20 02:00,-1.08
2026-08-20 03:00,-1.65
2026-08-20 04:00,-1.8
2026-08-20 05:00,-1.38
2026-08-20 06:00,-1.48
2026-08-20 07:00,-0.87
2026-08-20 08:00,-0.9
2026-08-20 09:00,-0.33
2026-08-20 10:00,-0.42
2026-08-20 11:00,-0.7
2026-08-20 12:00,-0.82
2026-08-20 13:00,-0.77
2026-08-20 14:00,-1.14
2026-08-20 15:00,-0.96
2026-08-20 16:00,-0.58
2026-08-20 17:00,-0.11
2026-08-20 18:00,-0.34
2026-08-20 19:00,-0.75
2026-08-20 20:00,-0.41
2026-08-20 21:00,-0.64
2026-08-20 22:00,-0.55
2026-08-20 23:00,-0.63
2026-08-21 00:00,-0.55
2026-08-21 01:00,-0.41
2026-08-21 02:00,-0.88
2026-08-21 03:00,-1.79
2026-08-21 04:00,-1.7
2026-08-21 05:00,-1.03
2026-08-21 06:00,-0.44
2026-08-21 07:00,-0.2
2026-08-21 08:00,-0.77
2026-08-21 09:00,-0.36
2026-08-21 10:00,-2.08
2026-08-21 11:00,-2.2
2026-08-21 12:00,-3.53
2026-08-21 13:00,-2.93
2026-08-21 14:00,-2.91
2026-08-21 15:00,-2.72
2026-08-21 16:00,-2.94
2026-08-21 17:00,-2.63
2026-08-21 18:00,-2.73
2026-08-21 19:00,-3.07
2026-08-21 20:00,-3.22
2026-08-21 21:00,-2.61
2026-08-21 22:00,-1.34
2026-08-21 23:00,-1.41
2026-08-22 00:00,-1.57
2026-08-22 01:00,-2.05
2026-08-22 02:00,-2.2
2026-08-22 03:00,-1.37
2026-08-22 04:00,-1.46
2026-08-22 05:00,-1.39
2026-08-22 06:00,-2.75
2026-08-22 07:00,-2.61
2026-08-22 08:00,-2.85
2026-08-22 09:00,-2.97
2026-08-22 10:00,-3.15
2026-08-22 11:00,-3.24
2026-08-22 12:00,-3.04
2026-08-22 13:00,-2.84
2026-08-22 14:00,-2.85
2026-08-22 15:00,-3.19
2026-08-22 16:00,-3.22
2026-08-22 17:00,-2.84
2026-08-22 18:00,-2.85
2026-08-22 19:00,-2.86
2026-08-22 20:00,-2.68
2026-08-22 21:00,-2.8
2026-08-22 22:00,-3.38
2026-08-22 23:00,-3.21
2026-08-23 00:00,-3.11
2026-08-23 01:00,-2.83
2026-08-23 02:00,-2.96
2026-08-23 03:00,-3.11
2026-08-23 04:00,-3.29
2026-08-23 05:00,-3.7
2026-08-23 06:00,-4.39
2026-08-23 07:00,-4.33
2026-08-23 08:00,-4.44
2026-08-23 09:00,-3.86
2026-08-23 10:00,-3.79
2026-08-23 11:00,-3.48
2026-08-23 12:00,-2.84
2026-08-23 13:00,-2.96
2026-08-23 14:00,-2.62
2026-08-23 15:00,-2.99
2026-08-23 16:00,-3.06
2026-08-23 17:00,-2.72
2026-08-23 18:00,-3.01
2026-08-23 19:00,-2.81
2026-08-23 20:00,-2.83
2026-08-23 21:00,-2.74
2026-08-23 22:00,-2.2
2026-08-23 23:00,-2.49
2026-08-24 00:00,-2.31
2026-08-24 01:00,-2.36
2026-08-24 02:00,-3.35
2026-08-24 03:00,-2.63
2026-08-24 04:00,-3.31
2026-08-24 05:00,-3.35
2026-08-24 06:00,-3.04
2026-08-24 07:00,-2.64
2026-08-24 08:00,-2.83
2026-08-24 09:00,-3.17
2026-08-24 10:00,-2.53
2026-08-24 11:00,-2.44
2026-08-24 12:00,-1.42
2026-08-24 13:00,-0.51
2026-08-24 14:00,-1.24
2026-08-24 15:00,-0.41
2026-08-24 16:00,-1.13
2026-08-24 17:00,-1.19
2026-08-24 18:00,-1.56
2026-08-24 19:00,-1.34
2026-08-24 20:00,-1.58
2026-08-24 21:00,-1.34
2026-08-24 22:00,-1.29
2026-08-24 23:00,-1.59
2026-08-25 00:00,-1.28
2026-08-25 01:00,-0.34
2026-08-25 02:00,-0.21
2026-08-25 03:00,-0.79
2026-08-25 04:00,-1.0
2026-08-25 05:00,-1.13
2026-08-25 06:00,-0.69
2026-08-25 07:00,-0.89
2026-08-25 08:00,-1.98
2026-08-25 09:00,-1.69
2026-08-25 10:00,-2.6
2026-08-25 11:00,-2.45
2026-08-25 12:00,-2.67
2026-08-25 13:00,-2.86
2026-08-25 14:00,-3.25
2026-08-25 15:00,-2.53
2026-08-25 16:00,-2.22
2026-08-25 17:00,-2.64
2026-08-25 18:00,-2.54
2026-08-25 19:00,-2.68
2026-08-25 20:00,-2.93
2026-08-25 21:00,-3.82
2026-08-25 22:00,-3.36
2026-08-25 23:00,-2.98
2026-08-26 00:00,-3.4
2026-08-26 01:00,-3.29
2026-08-26 02:00,-3.06
2026-08-26 03:00,-2.71
2026-08-26 04:00,-2.73
2026-08-26 05:00,-3.05
2026-08-26 06:00,-2.73
2026-08-26 07:00,-2.91
2026-08-26 08:00,-2.93
2026-08-26 09:00,-3.19
2026-08-26 10:00,-3.51
2026-08-26 11:00,-3.18
2026-08-26 12:00,-3.48
2026-08-26 13:00,-3.68
2026-08-26 14:00,-3.52
2026-08-26 15:00,-4.31
2026-08-26 16:00,-4.05
2026-08-26 17:00,-4.07
2026-08-26 18:00,-3.53
2026-08-26 19:00,-3.48
2026-08-26 20:00,-3.49
2026-08-26 21:00,-3.51
2026-08-26 22:00,-3.18
2026-08-26 23:00,-3.22
2026-08-27 00:00,-2.81
2026-08-27 01:00,-3.22
2026-08-27 02:00,-2.96
2026-08-27 03:00,-3.17
2026-08-27 04:00,-3.04
2026-08-27 05:00,-3.11
2026-08-27 06:00,-2.93
2026-08-27 07:00,-3.05
2026-08-27 08:00,-2.73
2026-08-27 09:00,-1.9
2026-08-27 10:00,-1.62
2026-08-27 11:00,-2.06
2026-08-27 12:00,-2.25
2026-08-27 13:00,-2.49
2026-08-27 14:00,-2.19
2026-08-27 15:00,-1.36
2026-08-27 16:00,-1.23
2026-08-27 17:00,-1.15
2026-08-27 18:00,-1.05
2026-08-27 19:00,-1.42
2026-08-27 20:00,-1.71
2026-08-27 21:00,-1.48
2026-08-27 22:00,-1.38
2026-08-27 23:00,-1.24
2026-08-28 00:00,-1.31
2026-08-28 01:00,-0.9
2026-08-28 02:00,-1.27
2026-08-28 03:00,-1.98
2026-08-28 04:00,-2.11
2026-08-28 05:00,-2.31
2026-08-28 06:00,-2.26
2026-08-28 07:00,-2.01
2026-08-28 08:00,-2.28
2026-08-28 09:00,-2.47
2026-08-28 10:00,-2.76
2026-08-28 11:00,-2.42
2026-08-28 12:00,-2.38
2026-08-28 13:00,-2.6
2026-08-28 14:00,-2.72
2026-08-28 15:00,-2.44
2026-08-28 16:00,-3.92
2026-08-28 17:00,-4.59
2026-08-28 18:00,-4.45
2026-08-28 19:00,-4.87
2026-08-28 20:00,-4.85
2026-08-28 21:00,-5.06
2026-08-28 22:00,-5.1
2026-08-28 23:00,-4.63
2026-08-29 00:00,-4.53
2026-08-29 01:00,-4.66
2026-08-29 02:00,-4.59
2026-08-29 03:00,-4.73
2026-08-29 04:00,-4.93
2026-08-29 05:00,-4.76
2026-08-29 06:00,-4.78
2026-08-29 07:00,-4.98
2026-08-29 08:00,-4.8
2026-08-29 09:00,-4.78
2026-08-29 10:00,-4.76
2026-08-29 11:00,-4.78
2026-08-29 12:00,-4.83
2026-08-29 13:00,-4.84
2026-08-29 14:00,-4.7
2026-08-29 15:00,-4.32
2026-08-29 16:00,-4.51
2026-08-29 17:00,-4.31
2026-08-29 18:00,-4.2
2026-08-29 19:00,-4.14
2026-08-29 20:00,-4.1
2026-08-29 21:00,-4.18
2026-08-29 22:00,-4.13
2026-08-29 23:00,-4.06
2026-08-30 00:00,-4.05
2026-08-30 01:00,-4.12
2026-08-30 02:00,-4.23
2026-08-30 03:00,-4.21
2026-08-30 04:00,-4.17
2026-08-30 05:00,-4.19
2026-08-30 06:00,-4.16
2026-08-30 07:00,-3.98
2026-08-30 08:00,-4.19
2026-08-30 09:00,-4.23
2026-08-30 10:00,-4.33
2026-08-30 11:00,-4.15
2026-08-30 12:00,-4.12
2026-08-30 13:00,-3.37
2026-08-30 14:00,-3.29
2026-08-30 15:00,-3.38
2026-08-30 16:00,-3.32
2026-08-30 17:00,-2.69
2026-08-30 18:00,-3.09
2026-08-30 19:00,-3.06
2026-08-30 20:00,-3.28
2026-08-30 21:00,-3.61
2026-08-30 22:00,-3.53
2026-08-30 23:00,-3.82
2026-08-31 00:00,-4.74
2026-08-31 01:00,-4.41
2026-08-31 02:00,-4.77
2026-08-31 03:00,-4.98
2026-08-31 04:00,-4.63
2026-08-31 05:00,-4.8
2026-08-31 06:00,-4.31
2026-08-31 07:00,-4.23
2026-08-31 08:00,-4.09
2026-08-31 09:00,-3.76
2026-08-31 10:00,-3.7
2026-08-31 11:00,-3.46
2026-08-31 12:00,-3.95
2026-08-31 13:00,-4.42
2026-08-31 14:00,-4.5
2026-08-31 15:00,-3.52
2026-08-31 16:00,-3.63
2026-08-31 17:00,-3.56
2026-08-31 18:00,-3.23
2026-08-31 19:00,-3.09
2026-08-31 20:00,-3.23
2026-08-31 21:00,-3.27
2026-08-31 22:00,-3.15
2026-08-31 23:00,-3.61
2026-09-01 00:00,-3.62
2026-09-01 01:00,-3.54
2026-09-01 02:00,-3.83
2026-09-01 03:00,-3.78
2026-09-01 04:00,-3.49
2026-09-01 05:00,-3.44
2026-09-01 06:00,-2.88
2026-09-01 07:00,-3.43
2026-09-01 08:00,-3.56
2026-09-01 09:00,-4.48
2026-09-01 10:00,-4.45
2026-09-01 11:00,-4.31
2026-09-01 12:00,-4.23
2026-09-01 13:00,-4.34
2026-09-01 14:00,-4.25
2026-09-01 15:00,-4.13
2026-09-01 16:00,-4.45
2026-09-01 17:00,-4.84
2026-09-01 18:00,-5.23
2026-09-01 19:00,-5.37
2026-09-01 20:00,-5.17
2026-09-01 21:00,-5.01
2026-09-01 22:00,-5.3
2026-09-01 23:00,-5.23
2026-09-02 00:00,-5.03
2026-09-02 01:00,-5.3
2026-09-02 02:00,-5.54
2026-09-02 03:00,-5.15
2026-09-02 04:00,-4.87
2026-09-02 05:00,-4.88
2026-09-02 06:00,-4.76
2026-09-02 07:00,-4.81
2026-09-02 08:00,-4.98
2026-09-02 09:00,-5.74
2026-09-02 10:00,-5.87
2026-09-02 11:00,-5.96
2026-09-02 12:00,-5.78
2026-09-02 13:00,-6.05
2026-09-02 14:00,-5.38
2026-09-02 15:00,-5.49
2026-09-02 16:00,-5.21
2026-09-02 17:00,-5.36
2026-09-02 18:00,-5.09
2026-09-02 19:00,-5.1
2026-09-02 20:00,-5.15
2026-09-02 21:00,-5.07
2026-09-02 22:00,-5.21
2026-09-02 23:00,-5.53
2026-09-03 00:00,-5.15
2026-09-03 01:00,-5.49
2026-09-03 02:00,-5.13
2026-09-03 03:00,-4.56
2026-09-03 04:00,-4.71
2026-09-03 05:00,-4.6
2026-09-03 06:00,-4.57
2026-09-03 07:00,-4.55
2026-09-03 08:00,-4.75
2026-09-03 09:00,-4.53
2026-09-03 10:00,-4.81
2026-09-03 11:00,-4.65
2026-09-03 12:00,-4.41
2026-09-03 13:00,-3.54
2026-09-03 14:00,-3.31
2026-09-03 15:00,-1.22
2026-09-03 16:00,-0.22
2026-09-03 17:00,-0.69
2026-09-03 18:00,-0.61
2026-09-03 19:00,-0.34
2026-09-03 20:00,-0.06
2026-09-03 21:00,-0.43
2026-09-03 22:00,-0.89
2026-09-03 23:00,-1.43
2026-09-04 00:00,-1.28
2026-09-04 01:00,-1.64
2026-09-04 02:00,-1.64
2026-09-04 03:00,-1.8
2026-09-04 04:00,-1.79
2026-09-04 05:00,-1.51
2026-09-04 06:00,-1.62
2026-09-04 07:00,-1.85
2026-09-04 08:00,-2.01
2026-09-04 09:00,-1.42
2026-09-04 10:00,-1.54
2026-09-04 11:00,-1.38
2026-09-04 12:00,-1.33
2026-09-04 13:00,-3.47
2026-09-04 14:00,-3.57
2026-09-04 15:00,-4.14
2026-09-04 16:00,-3.52
2026-09-04 17:00,-3.13
2026-09-04 18:00,-3.47
2026-09-04 19:00,-3.29
2026-09-04 20:00,-3.07
2026-09-04 21:00,-3.19
2026-09-04 22:00,-3.28
2026-09-04 23:00,-3.26
2026-09-05 00:00,-3.24
2026-09-05 01:00,-3.33
2026-09-05 02:00,-3.39
2026-09-05 03:00,-3.35
2026-09-05 04:00,-3.33
2026-09-05 05:00,-3.43
2026-09-05 06:00,-3.33
2026-09-05 07:00,-3.26
2026-09-05 08:00,-3.17
2026-09-05 09:00,-3.24
2026-09-05 10:00,-3.27
2026-09-05 11:00,-3.28
2026-09-05 12:00,-3.29
2026-09-05 13:00,-3.18
2026-09-05 14:00,-3.29
2026-09-05 15:00,-3.17
2026-09-05 16:00,-3.07
2026-09-05 17:00,-2.77
2026-09-05 18:00,-2.74
2026-09-05 19:00,-2.82
2026-09-05 20:00,-3.11
2026-09-05 21:00,-3.14
2026-09-05 22:00,-2.93
2026-09-05 23:00,-3.07
2026-09-06 00:00,-3.02
2026-09-06 01:00,-2.98
2026-09-06 02:00,-2.88
2026-09-06 03:00,-2.93
2026-09-06 04:00,-2.79
2026-09-06 05:00,-2.99
2026-09-06 06:00,-2.82
2026-09-06 07:00,-3.09
2026-09-06 08:00,-3.06
2026-09-06 09:00,-3.01
2026-09-06 10:00,-2.95
2026-09-06 11:00,-2.82
2026-09-06 12:00,-2.92
2026-09-06 13:00,-2.92
2026-09-06 14:00,-3.02
2026-09-06 15:00,-3.37
2026-09-06 16:00,-3.17
2026-09-06 17:00,-3.2
2026-09-06 18:00,-3.13
2026-09-06 19:00,-2.88
2026-09-06 20:00,-3.01
2026-09-06 21:00,-2.93
2026-09-06 22:00,-2.89
2026-09-06 23:00,-2.77
2026-09-07 00:00,-2.41
2026-09-07 01:00,-2.63
2026-09-07 02:00,-2.91
2026-09-07 03:00,-2.97
2026-09-07 04:00,-3.31
2026-09-07 05:00,-3.16
2026-09-07 06:00,-3.12
2026-09-07 07:00,-3.24
2026-09-07 08:00,-3.55
2026-09-07 09:00,-3.51
2026-09-07 10:00,-3.65
2026-09-07 11:00,-3.59
2026-09-07 12:00,-3.53
2026-09-07 13:00,-3.3
2026-09-07 14:00,-3.61
2026-09-07 15:00,-3.8
2026-09-07 16:00,-4.25
2026-09-07 17:00,-4.0
2026-09-07 18:00,-3.8
2026-09-07 19:00,-3.8
2026-09-07 20:00,-3.59
2026-09-07 21:00,-3.74
2026-09-07 22:00,-3.83
2026-09-07 23:00,-4.09
2026-09-08 00:00,-3.9
2026-09-08 01:00,-3.64
2026-09-08 02:00,-3.49
2026-09-08 03:00,-4.11
2026-09-08 04:00,-4.14
2026-09-08 05:00,-4.42
2026-09-08 06:00,-4.53
2026-09-08 07:00,-4.85
2026-09-08 08:00,-4.66
2026-09-08 09:00,-4.72
2026-09-08 10:00,-4.32
2026-09-08 11:00,-4.56
2026-09-08 12:00,-4.72
2026-09-08 13:00,-4.69
2026-09-08 14:00,-5.28
2026-09-08 15:00,-4.57
2026-09-08 16:00,-4.15
2026-09-08 17:00,-4.35
2026-09-08 18:00,-4.64
2026-09-08 19:00,-4.72
2026-09-08 20:00,-4.71
2026-09-08 21:00,-4.66
2026-09-08 22:00,-4.65
2026-09-08 23:00,-4.57
2026-09-09 00:00,-4.69
2026-09-09 01:00,-4.3
2026-09-09 02:00,-4.17
2026-09-09 03:00,-4.37
2026-09-09 04:00,-4.48
2026-09-09 05:00,-3.82
2026-09-09 06:00,-4.1
2026-09-09 07:00,-3.84
2026-09-09 08:00,-3.69
2026-09-09 09:00,-3.19
2026-09-09 10:00,-4.1
2026-09-09 11:00,-4.13
2026-09-09 12:00,-3.65
2026-09-09 13:00,-3.3
2026-09-09 14:00,-3.86
2026-09-09 15:00,-4.07
2026-09-09 16:00,-4.51
2026-09-09 17:00,-4.27
2026-09-09 18:00,-4.31
2026-09-09 19:00,-4.74
2026-09-09 20:00,-4.97
2026-09-09 21:00,-4.86
2026-09-09 22:00,-5.07
2026-09-09 23:00,-5.34
2026-09-10 00:00,-4.88
2026-09-10 01:00,-5.04
2026-09-10 02:00,-5.13
2026-09-10 03:00,-4.81
2026-09-10 04:00,-4.84
2026-09-10 05:00,-4.75
2026-09-10 06:00,-4.59
2026-09-10 07:00,-4.73
2026-09-10 08:00,-5.12
2026-09-10 09:00,-5.12
2026-09-10 10:00,-5.25
2026-09-10 11:00,-5.4
2026-09-10 12:00,-5.43
2026-09-10 13:00,-6.59
2026-09-10 14:00,-6.25
2026-09-10 15:00,-5.96
2026-09-10 16:00,-6.15
2026-09-10 17:00,-6.21
2026-09-10 18:00,-6.06
2026-09-10 19:00,-6.15
2026-09-10 20:00,-6.26
2026-09-10 21:00,-6.14
2026-09-10 22:00,-6.28
2026-09-10 23:00,-6.67
2026-09-11 00:00,-6.98
2026-09-11 01:00,-6.56
2026-09-11 02:00,-6.48
2026-09-11 03:00,-6.65
2026-09-11 04:00,-6.59
2026-09-11 05:00,-6.33
2026-09-11 06:00,-6.15
2026-09-11 07:00,-6.1
2026-09-11 08:00,-6.19
2026-09-11 09:00,-6.03
2026-09-11 10:00,-6.42
2026-09-11 11:00,-6.47
2026-09-11 12:00,-6.42
2026-09-11 13:00,-5.21
2026-09-11 14:00,-3.74
2026-09-11 15:00,-4.28
2026-09-11 16:00,-5.59
2026-09-11 17:00,-5.36
2026-09-11 18:00,-5.82
2026-09-11 19:00,-6.4
2026-09-11 20:00,-6.12
2026-09-11 21:00,-6.06
2026-09-11 22:00,-6.32
2026-09-11 23:00,-6.29
2026-09-12 00:00,-6.19
2026-09-12 01:00,-6.11
2026-09-12 02:00,-6.13
2026-09-12 03:00,-6.12
2026-09-12 04:00,-6.13
2026-09-12 05:00,-6.19
2026-09-12 06:00,-6.2
2026-09-12 07:00,-6.1
2026-09-12 08:00,-6.13
2026-09-12 09:00,-6.03
2026-09-12 10:00,-6.03
2026-09-12 11:00,-6.06
2026-09-12 12:00,-6.02
2026-09-12 13:00,-6.06
2026-09-12 14:00,-6.02
2026-09-12 15:00,-5.9
2026-09-12 16:00,-6.0
2026-09-12 17:00,-6.02
2026-09-12 18:00,-6.21
2026-09-12 19:00,-6.29
2026-09-12 20:00,-6.32
2026-09-12 21:00,-6.26
2026-09-12 22:00,-6.15
2026-09-12 23:00,-6.18
2026-09-13 00:00,-6.13
2026-09-13 01:00,-6.13
2026-09-13 02:00,-6.07
2026-09-13 03:00,-6.1
2026-09-13 04:00,-6.22
2026-09-13 05:00,-6.2
2026-09-13 06:00,-6.08
2026-09-13 07:00,-6.32
2026-09-13 08:00,-6.31
2026-09-13 09:00,-6.7
2026-09-13 10:00,-6.7
2026-09-13 11:00,-6.85
2026-09-13 12:00,-6.72
2026-09-13 13:00,-6.75
2026-09-13 14:00,-6.65
2026-09-13 15:00,-6.21
2026-09-13 16:00,-6.3
2026-09-13 17:00,-6.11
2026-09-13 18:00,-6.06
2026-09-13 19:00,-6.04
2026-09-13 20:00,-6.11
2026-09-13 21:00,-6.04
2026-09-13 22:00,-6.08
2026-09-13 23:00,-6.8
2026-09-14 00:00,-6.66
2026-09-14 01:00,-6.7
2026-09-14 02:00,-6.31
2026-09-14 03:00,-5.71
2026-09-14 04:00,-5.74
2026-09-14 05:00,-5.64
2026-09-14 06:00,-5.72
2026-09-14 07:00,-5.75
2026-09-14 08:00,-5.38
2026-09-14 09:00,-5.57
2026-09-14 10:00,-5.07
2026-09-14 11:00,-5.37
2026-09-14 12:00,-5.51
2026-09-14 13:00,-5.61
2026-09-14 14:00,-5.04
2026-09-14 15:00,-4.62
2026-09-14 16:00,-4.54
2026-09-14 17:00,-4.32
2026-09-14 18:00,-4.1
2026-09-14 19:00,-3.77
2026-09-14 20:00,-4.05
2026-09-14 21:00,-3.91
2026-09-14 22:00,-4.32
2026-09-14 23:00,-4.58
2026-09-15 00:00,-5.02
2026-09-15 01:00,-5.29
2026-09-15 02:00,-5.34
2026-09-15 03:00,-5.35
2026-09-15 04:00,-5.62
2026-09-15 05:00,-5.77
2026-09-15 06:00,-5.7
2026-09-15 07:00,-6.11
2026-09-15 08:00,-6.55
2026-09-15 09:00,-6.46
2026-09-15 10:00,-6.48
2026-09-15 11:00,-6.39
2026-09-15 12:00,-6.54
2026-09-15 13:00,-6.52
2026-09-15 14:00,-6.92
2026-09-15 15:00,-7.75
2026-09-15 16:00,-7.06
2026-09-15 17:00,-7.21
2026-09-15 18:00,-6.5
2026-09-15 19:00,-7.69
2026-09-15 20:00,-7.45
2026-09-15 21:00,-7.76
2026-09-15 22:00,-8.35
2026-09-15 23:00,-8.08
2026-09-16 00:00,-8.12
2026-09-16 01:00,-7.96
2026-09-16 02:00,-8.29
2026-09-16 03:00,-7.81
2026-09-16 04:00,-7.89
2026-09-16 05:00,-7.85
2026-09-16 06:00,-7.73
2026-09-16 07:00,-7.63
2026-09-16 08:00,-7.97
2026-09-16 09:00,-8.0
2026-09-16 10:00,-7.68
2026-09-16 11:00,-7.68
2026-09-16 12:00,-7.38
2026-09-16 13:00,-7.72
2026-09-16 14:00,-8.1
2026-09-16 15:00,-8.05
2026-09-16 16:00,-7.93
2026-09-16 17:00,-7.96
2026-09-16 18:00,-7.94
2026-09-16 19:00,-8.12
2026-09-16 20:00,-7.58
2026-09-16 21:00,-7.46
2026-09-16 22:00,-7.71
2026-09-16 23:00,-8.06
2026-09-17 00:00,-7.42
2026-09-17 01:00,-7.27
2026-09-17 02:00,-7.23
2026-09-17 03:00,-7.22
2026-09-17 04:00,-7.15
2026-09-17 05:00,-7.02
2026-09-17 06:00,-7.28
2026-09-17 07:00,-7.09
2026-09-17 08:00,-7.11
2026-09-17 09:00,-6.98
2026-09-17 10:00,-7.1
2026-09-17 11:00,-7.18
2026-09-17 12:00,-7.09
2026-09-17 13:00,-6.79
2026-09-17 14:00,-6.82
2026-09-17 15:00,-7.07
2026-09-17 16:00,-6.72
2026-09-17 17:00,-6.75
2026-09-17 18:00,-6.86
2026-09-17 19:00,-6.98
2026-09-17 20:00,-6.95
2026-09-17 21:00,-6.99
2026-09-17 22:00,-7.18
2026-09-17 23:00,-7.17
2026-09-18 00:00,-7.17
2026-09-18 01:00,-6.96
2026-09-18 02:00,-6.78
2026-09-18 03:00,-6.48
2026-09-18 04:00,-6.0
2026-09-18 05:00,-5.76
2026-09-18 06:00,-5.86
2026-09-18 07:00,-5.74
2026-09-18 08:00,-5.48
2026-09-18 09:00,-4.93
2026-09-18 10:00,-5.0
2026-09-18 11:00,-4.91
2026-09-18 12:00,-5.17
2026-09-18 13:00,-5.2
2026-09-18 14:00,-2.72
