gate,n,priced,tick,n_all,kind
ADX_DELTA_BTC_ADX_CROSS,8000,1.0,0.996375,11486,BLOCK(chain)
BTC_ACCEL_CHASE_LONG,4838,1.0,0.9979330301777594,4838,BLOCK(chain)
BTC_GAP_BTC_ADX_CROSS,2607,1.0,0.998849252013809,2607,BLOCK(chain)
BTC_RSI_ATR_COND,6037,1.0,0.9968527414278615,6037,BLOCK(chain)
BTC_SLOPE_MAX_GATE,48,1.0,1.0,48,BLOCK(chain)
CALM3D_BTC_ATR_MIN,24,1.0,1.0,24,BLOCK(chain)
CALM3D_DMI,768,1.0,0.9947916666666666,768,BLOCK(chain)
CALM3D_REENTRY,63,1.0,1.0,63,BLOCK(chain)
EMA5_STRETCH[>max],8000,1.0,0.99825,12353,FAILS(sole)
ENTRY_QUALITY_SCORE,2366,1.0,0.9983093829247676,2366,BLOCK(chain)
FAN_RATIO_GATE,8000,1.0,0.997125,42109,BLOCK(chain)
LONG_BTC1H_DEADBAND,3361,1.0,0.9973222255281167,3361,BLOCK(chain)
LONG_HEAT_BLOCK,153,1.0,1.0,153,BLOCK(chain)
LONG_MEGACAP_BLOCK,182,1.0,1.0,182,BLOCK(chain)
LONG_UNMATCHED_ONLY,4128,1.0,0.9992732558139535,4128,BLOCK(chain)
MACRO:BTC_ADX_GATE_HIGH,8000,1.0,0.99675,10291,FAILS(sole)
MACRO:BTC_ADX_GATE_LOW,8000,1.0,0.996875,38116,FAILS(sole)
MACRO:BTC_RSI_ADX_CROSS,8000,1.0,0.99725,62792,FAILS(sole)
MACRO:BTC_SLOPE_GATE,8000,1.0,0.997125,38252,FAILS(sole)
MACRO:BTC_SLOPE_MAX_GATE,137,1.0,1.0,137,FAILS(sole)
PAIR_ADX_CONFIDENCE,8000,1.0,0.9995,10346,FAILS(sole)
PAIR_ADX_MAX,8000,0.999875,0.996625,30216,FAILS(sole)
PAIR_ATR_MAX,98,1.0,1.0,98,BLOCK(chain)
PAIR_ATR_MIN,8000,1.0,0.998,11243,BLOCK(chain)
PAIR_EMA20_FILTER,5419,1.0,0.9976010334009965,5419,FAILS(sole)
PAIR_EMA20_SLOPE,3680,1.0,0.9983695652173913,3680,FAILS(sole)
PAIR_EMA_GAP_5_20[<min],7451,1.0,0.9977184270567709,7451,FAILS(sole)
PAIR_EMA_GAP_5_20[>max],8000,1.0,0.998625,10308,FAILS(sole)
PAIR_EMA_GAP_MAX,3822,1.0,0.9986917844060701,3822,FAILS(sole)
PAIR_EMA_GAP_MIN,8000,1.0,0.99825,46466,FAILS(sole)
PAIR_EMA_GAP_NOT_EXPANDING,8000,1.0,0.998875,14357,BLOCK(chain)
PAIR_NO_TRADE,3908,1.0,0.9992323439099283,3908,BLOCK(chain)
PAIR_RANGE_POSITION_MAX,8000,1.0,0.998125,13277,FAILS(sole)
PAIR_RSI_ADX_CROSS,1287,1.0,1.0,1287,BLOCK(chain)
PAIR_RSI_MOMENTUM_LOADX,8000,1.0,0.997625,32288,FAILS(sole)
PAIR_RSI_RANGE[>70],8000,1.0,0.999125,11961,FAILS(sole)
RNGPOS_ADX_DELTA_CROSS,3666,1.0,0.9991816693944353,3666,BLOCK(chain)
RSICEIL_DOOR_ADXMIN,8000,1.0,0.998875,28420,FAILS(sole)
RSI_SPIKE_GUARD,1707,1.0,0.9953134153485648,1707,BLOCK(chain)
VOL_GATE,7265,1.0,0.9972470750172058,7265,BLOCK(chain)
