gate,kind,n_all,n_priced,days,wr,avg,lo,hi
CALM3D_BTC_ATR_MIN,BLOCK(chain),24,24,12,41.17647058823529,-0.2803706321534274,-0.4742724086485183,0.106894475027189
LONG_MEGACAP_BLOCK,BLOCK(chain),182,182,108,48.49498327759198,-0.22632159169134283,-0.3372219400571988,-0.10638311745747074
BTC_SLOPE_MAX_GATE,BLOCK(chain),48,48,13,57.79816513761469,-0.19304584267280597,-0.534777814776929,0.09521978994032601
CALM3D_DMI,BLOCK(chain),768,768,122,55.038759689922486,-0.16879345728050332,-0.23890800171825052,-0.09637449390340716
BTC_ACCEL_CHASE_LONG,BLOCK(chain),4838,4838,232,54.142163129634355,-0.1665860975774259,-0.20448527298936786,-0.12410862636577917
PAIR_EMA20_SLOPE,FAILS(sole),3680,3680,270,63.27591327591329,-0.15599336955474322,-0.19138184162017183,-0.12300118609782175
PAIR_EMA20_FILTER,FAILS(sole),5419,5419,273,57.498193828052436,-0.1448665380211941,-0.17773463448806928,-0.11448423433053385
RSI_SPIKE_GUARD,BLOCK(chain),1707,1707,271,56.543837357052105,-0.13860372144784228,-0.1798795206683812,-0.09790575772402901
ADX_DELTA_BTC_ADX_CROSS,BLOCK(chain),11486,8000,273,53.79799935463052,-0.136313425488375,-0.16295259499841105,-0.1095079815053355
PAIR_EMA_GAP_5_20[<min],FAILS(sole),7451,7451,273,59.011411979201846,-0.13504890966262081,-0.16503973205802022,-0.10668360578188416
VOL_GATE,BLOCK(chain),7265,7265,258,56.024390243902445,-0.1313553346872659,-0.16604268745499207,-0.0975056567299245
LONG_UNMATCHED_ONLY,BLOCK(chain),4128,4128,263,57.64587525150906,-0.13118068019931214,-0.16736024591466778,-0.09664648373422612
PAIR_EMA_GAP_NOT_EXPANDING,BLOCK(chain),14357,8000,270,55.87131367292224,-0.13076238071893254,-0.15850088974649648,-0.10273614559392003
MACRO:BTC_ADX_GATE_HIGH,FAILS(sole),10291,8000,240,57.988546049555865,-0.12761495167210968,-0.15486930694958073,-0.10452988281429312
MACRO:BTC_ADX_GATE_LOW,FAILS(sole),38116,8000,272,55.93371347113328,-0.12613031071135336,-0.14814445992090047,-0.1041872820246046
PAIR_EMA_GAP_MAX,FAILS(sole),3822,3822,271,67.20566617666712,-0.1254279552889673,-0.16382237538431133,-0.08965092690503652
ENTRY_QUALITY_SCORE,BLOCK(chain),2366,2366,259,54.913441955193484,-0.12430071920831949,-0.1611239914609859,-0.0851603884325129
MACRO:BTC_RSI_ADX_CROSS,FAILS(sole),62792,8000,273,55.720801110450125,-0.12178908466375928,-0.1440196797853549,-0.10000591611393406
PAIR_ATR_MIN,BLOCK(chain),11243,8000,273,48.1371087928465,-0.12104381294984627,-0.1434420655350593,-0.09802808985883457
PAIR_RSI_ADX_CROSS,BLOCK(chain),1287,1287,215,56.66049953746531,-0.1203096193911582,-0.17105283774010424,-0.0674051011156523
PAIR_RANGE_POSITION_MAX,FAILS(sole),13277,8000,272,57.28089378727259,-0.12019973937587021,-0.14759462013288396,-0.09248494061422981
FAN_RATIO_GATE,BLOCK(chain),42109,8000,273,57.89773446399188,-0.12008140152227674,-0.13998762824150462,-0.09981261602696674
MACRO:BTC_SLOPE_GATE,FAILS(sole),38252,8000,273,57.20365502566027,-0.11889423732640743,-0.13962602056381623,-0.09858945894812082
LONG_BTC1H_DEADBAND,BLOCK(chain),3361,3361,187,57.40176667681999,-0.11417423257734297,-0.16348160905031206,-0.06612514250537838
PAIR_EMA_GAP_MIN,FAILS(sole),46466,8000,273,53.00293731641773,-0.11375590031807813,-0.13372448098363515,-0.09417498064033575
RNGPOS_ADX_DELTA_CROSS,BLOCK(chain),3666,3666,273,54.91513437057992,-0.11341182621275545,-0.14287506180332477,-0.08312826282246615
PAIR_RSI_MOMENTUM_LOADX,FAILS(sole),32288,8000,273,56.893060923983064,-0.11286116121460514,-0.13975833254736456,-0.08673494562040851
MACRO:BTC_SLOPE_MAX_GATE,FAILS(sole),137,137,16,66.90391459074732,-0.1097437536135624,-0.32300476826951946,0.07388154240121635
PAIR_ADX_CONFIDENCE,FAILS(sole),10346,8000,272,60.42843837317603,-0.10592717751592563,-0.12986153804253606,-0.08186403884435528
PAIR_NO_TRADE,BLOCK(chain),3908,3908,273,48.46445613605776,-0.10239025429450245,-0.12412598431119751,-0.08144480286309892
BTC_GAP_BTC_ADX_CROSS,BLOCK(chain),2607,2607,200,58.109906826392844,-0.09953809205630856,-0.14885040159107035,-0.047051873727493455
PAIR_ADX_MAX,FAILS(sole),30216,7999,273,58.477554538823696,-0.09758837472145539,-0.12319034526110866,-0.07266829813721634
EMA5_STRETCH[>max],FAILS(sole),12353,8000,273,65.05365593547955,-0.09402808871737722,-0.12562857900460447,-0.06503752731782277
BTC_RSI_ATR_COND,BLOCK(chain),6037,6037,143,55.69631958572221,-0.0929429440122329,-0.12760241921134668,-0.0605577527354333
RSICEIL_DOOR_ADXMIN,FAILS(sole),28420,8000,272,57.89586000853606,-0.09286981925434516,-0.11562303041572429,-0.069658247344436
PAIR_EMA_GAP_5_20[>max],FAILS(sole),10308,8000,272,67.13447307986732,-0.09263556689728279,-0.11977992963987244,-0.06464571775215425
PAIR_RSI_RANGE[>70],FAILS(sole),11961,8000,273,59.342915811088304,-0.08508219338089,-0.11122643292716862,-0.0567956927517996
PAIR_ATR_MAX,BLOCK(chain),98,98,68,75.30120481927712,-0.06161334814699824,-0.20645283616792093,0.08704878010470021
CALM3D_REENTRY,BLOCK(chain),63,63,34,64.44444444444446,-0.0393875331941182,-0.16239376808007716,0.09970547771899206
LONG_HEAT_BLOCK,BLOCK(chain),153,153,47,67.21311475409836,-0.012434794491924557,-0.20843412003296605,0.17058266580118256
