round,n_pass,n_strong,n_gap
0,0,0,31
1,2,0,37
2,3,0,38
3,5,0,60
4,0,0,28
5,2,0,49
6,0,0,37
7,2,0,48
8,0,0,40
9,0,0,45
10,4,0,38
11,3,0,36
12,3,0,36
13,2,0,53
14,2,0,36
15,2,0,48
16,4,1,39
17,2,0,63
18,3,0,40
19,2,0,55
20,1,0,44
21,4,0,37
22,1,0,54
23,2,0,31
24,3,0,54
25,2,0,26
26,3,1,45
27,2,0,45
28,2,0,50
29,2,0,31
30,4,0,42
31,0,0,48
32,3,0,67
33,4,0,45
34,1,0,53
35,0,0,26
36,3,0,47
37,3,0,43
38,2,0,35
39,1,0,41
40,4,0,36
41,5,0,44
42,1,0,50
43,3,0,42
44,2,0,28
45,4,0,40
46,1,1,52
47,3,0,50
48,0,0,47
49,0,0,42
50,1,0,35
51,1,0,70
52,1,0,52
53,3,1,47
54,2,0,39
55,5,1,44
56,1,0,59
57,2,1,48
58,8,3,72
59,3,0,34
60,5,0,45
61,1,0,38
62,0,0,29
63,2,0,41
64,6,0,43
65,1,0,47
66,4,0,39
67,4,0,54
68,3,1,36
69,0,0,45
70,3,0,32
71,0,0,41
72,1,0,43
73,4,0,45
74,4,0,43
75,1,0,31
76,1,0,41
77,6,1,50
78,4,1,34
79,0,0,33
80,3,0,41
81,3,0,43
82,3,0,60
83,4,0,54
84,2,0,42
85,0,0,27
86,3,0,51
87,3,0,64
88,4,0,37
89,3,0,42
90,0,0,51
91,2,0,45
92,0,0,40
93,1,0,37
94,7,1,72
95,2,0,29
96,1,0,40
97,2,0,39
98,3,0,35
99,0,0,34
100,0,0,50
101,1,0,52
102,6,0,58
103,1,0,33
104,3,0,37
105,2,1,45
106,2,0,43
107,2,0,38
108,2,0,48
109,5,1,64
110,1,0,33
111,4,0,51
112,0,0,45
113,2,0,42
114,1,0,38
115,0,0,37
116,2,0,53
117,2,0,36
118,5,0,54
119,4,1,35
120,1,0,40
121,2,0,40
122,1,0,37
123,0,0,42
124,1,0,41
125,2,0,68
126,2,0,36
127,2,1,39
128,1,1,40
129,0,0,39
130,5,0,62
131,1,0,26
132,3,0,54
133,5,0,65
134,3,0,50
135,0,0,32
136,5,0,58
137,1,0,35
138,1,0,31
139,0,0,33
140,1,0,63
141,1,0,35
142,1,0,25
143,4,0,42
144,1,0,44
145,4,1,47
146,0,0,43
147,2,0,49
148,1,0,50
149,4,0,42
150,5,0,37
151,4,0,51
152,6,1,62
153,0,0,57
154,4,0,35
155,1,0,55
156,1,0,39
157,4,0,47
158,3,0,65
159,1,0,31
160,2,0,51
161,0,0,29
162,6,0,62
163,3,0,52
164,0,0,26
165,0,0,46
166,3,1,40
167,0,0,50
168,3,0,40
169,0,0,41
170,1,0,69
171,1,0,44
172,2,0,56
173,3,0,37
174,0,0,34
175,1,0,48
176,2,1,39
177,8,0,47
178,4,0,33
179,1,0,24
180,3,0,53
181,2,0,64
182,2,0,68
183,4,0,40
184,2,0,50
185,0,0,30
186,2,0,33
187,4,0,45
188,1,0,43
189,4,1,40
190,0,0,44
191,0,0,38
192,3,0,58
193,3,0,37
194,3,0,40
195,6,0,54
196,2,1,44
197,3,0,40
198,1,0,45
199,5,0,38
200,1,0,37
201,1,0,30
202,3,0,32
203,2,0,39
204,4,1,58
205,2,0,45
206,2,0,39
207,2,0,49
208,3,0,39
209,4,0,80
210,4,0,53
211,6,1,46
212,2,0,56
213,4,0,47
214,2,0,38
215,3,0,37
216,3,0,47
217,0,0,49
218,1,0,48
219,3,0,54
220,2,0,47
221,0,0,49
222,0,0,58
223,4,1,47
224,2,0,43
225,3,0,40
226,1,0,44
227,2,0,43
228,0,0,47
229,3,0,36
230,2,0,29
231,3,0,41
232,2,0,41
233,5,0,59
234,2,0,37
235,4,0,51
236,3,1,42
237,3,1,68
238,1,0,49
239,4,0,67
240,3,1,46
241,2,0,52
242,1,0,46
243,6,1,46
244,0,0,40
245,2,0,42
246,2,0,41
247,1,0,49
248,0,0,48
249,0,0,51
250,0,0,47
251,2,0,45
252,6,0,41
253,0,0,46
254,1,0,51
255,2,1,75
256,3,0,49
257,3,0,29
258,4,0,34
259,5,0,49
260,0,0,37
261,2,0,34
262,2,0,53
263,1,0,40
264,0,0,42
265,2,0,38
266,2,0,33
267,2,0,41
268,1,0,60
269,3,0,51
270,2,0,38
271,1,0,52
272,3,0,30
273,1,0,36
274,8,0,55
275,3,0,41
276,4,0,42
277,1,0,53
278,3,0,59
279,1,0,41
280,4,1,39
281,2,0,41
282,0,0,48
283,1,0,54
284,1,0,79
285,0,0,33
286,6,1,39
287,0,0,34
288,1,0,46
289,2,0,45
290,1,0,42
291,1,0,52
292,1,0,28
293,2,0,29
294,3,0,31
295,2,1,40
296,2,0,47
297,2,0,55
298,1,0,43
299,4,0,41
300,3,0,44
301,3,0,50
302,1,0,51
303,0,0,39
304,1,0,35
305,0,0,42
306,0,0,43
307,0,0,43
308,1,0,21
309,1,0,42
310,0,0,49
311,4,0,49
312,1,0,44
313,3,0,47
314,4,0,39
315,7,1,55
316,5,0,44
317,5,0,52
318,2,1,49
319,4,0,85
320,0,0,44
321,6,1,42
322,1,0,69
323,1,0,37
324,0,0,42
325,3,0,35
326,0,0,31
327,3,0,43
328,0,0,38
329,3,0,53
330,0,0,47
331,3,2,56
332,3,0,48
333,6,1,38
334,0,0,30
335,0,0,57
336,0,0,38
337,2,0,42
338,7,0,43
339,1,0,39
340,6,2,38
341,2,1,38
342,2,0,43
343,4,0,30
344,0,0,32
345,0,0,48
346,0,0,39
347,3,0,48
348,0,0,48
349,3,0,33
350,0,0,25
351,0,0,47
352,1,0,53
353,1,0,38
354,1,0,51
355,1,0,39
356,2,0,52
357,3,0,42
358,5,0,47
359,7,1,53
360,4,0,44
361,2,0,52
362,1,1,41
363,2,0,32
364,2,0,51
365,1,0,62
366,4,0,44
367,6,0,51
368,2,0,30
369,2,1,57
370,2,0,41
371,1,0,34
372,4,0,42
373,5,0,45
374,1,0,41
375,2,0,54
376,4,0,59
377,4,0,59
378,1,0,46
379,2,0,56
380,2,0,75
381,4,0,62
382,2,0,35
383,3,0,39
384,4,1,59
385,1,0,39
386,3,0,37
387,1,0,56
388,3,0,45
389,5,2,46
390,3,1,49
391,8,1,39
392,2,0,27
393,0,0,45
394,0,0,61
395,5,1,66
396,2,0,54
397,2,0,42
398,5,0,39
399,0,0,50
400,3,0,44
401,1,0,29
402,0,0,52
403,2,0,40
404,0,0,38
405,0,0,46
406,0,0,40
407,0,0,34
408,3,1,43
409,1,0,43
410,4,1,40
411,2,0,41
412,2,0,57
413,3,0,41
414,1,0,44
415,1,0,56
416,1,0,48
417,4,2,38
418,1,0,38
419,0,0,57
420,2,1,57
421,1,0,47
422,3,0,31
423,1,0,45
424,4,0,72
425,2,0,37
426,1,0,35
427,1,0,38
428,4,0,43
429,6,0,61
430,4,0,58
431,3,0,41
432,3,1,40
433,1,0,49
434,3,0,44
435,3,0,49
436,2,0,52
437,2,0,47
438,3,2,53
439,2,0,46
440,1,0,38
441,0,0,23
442,1,0,39
443,1,0,31
444,1,0,53
445,0,0,47
446,2,0,34
447,4,0,43
448,1,0,30
449,2,0,46
450,1,0,35
451,3,0,31
452,5,2,44
453,1,0,36
454,2,0,29
455,1,0,39
456,4,0,49
457,2,0,73
458,3,0,41
459,1,0,38
460,5,1,51
461,3,0,51
462,1,0,40
463,1,0,54
464,2,0,44
465,4,0,39
466,3,0,34
467,1,0,44
468,3,1,46
469,1,0,39
470,1,0,43
471,3,0,32
472,1,0,49
473,1,0,36
474,3,1,38
475,1,0,41
476,1,0,57
477,8,2,57
478,2,0,30
479,2,0,63
480,3,0,52
481,6,0,51
482,2,0,48
483,4,0,36
484,3,0,43
485,2,0,26
486,3,0,53
487,1,1,32
488,5,1,41
489,1,0,41
490,0,0,47
491,3,0,59
492,2,0,60
493,1,0,45
494,3,0,44
495,2,1,52
496,3,0,58
497,1,1,44
498,1,0,47
499,1,0,33
