pair,sig,live_open,era,af_fix3,af_fix3_how,af_fix3_xms,af_fix4,af_fix4_how,af_fix4_xms,af_fix5,af_fix5_how,af_fix5_xms,af_fix6,af_fix6_how,af_fix6_xms,af_lock,af_lock_how,af_lock_xms,af_trail5,af_trail5_how,af_trail5_xms,af_complete,st,fix3,fix3_how,fix4,fix4_how,fix5,fix5_how,fix6,fix6_how,lock,lock_how,trail5,trail5_how,ruler_entry_lag_s,ruler_E_vs_live,live_pct,live_reason,sleeve,af_era,af_era_how
ENJUSDT,1790998500000,1790998579000,trail5,-3.018582103607713,SL,1790998679971,-3.018582103607713,SL,1790998679971,-3.018582103607713,SL,1790998679971,-3.018582103607713,SL,1790998679971,-3.018582103607713,SL,1790998679971,-3.018582103607713,SL,1790998679971,True,ok,-3.003835363803767,SL,-3.003835363803767,SL,-3.003835363803767,SL,-3.003835363803767,SL,-3.003835363803767,SL,-3.003835363803767,SL,8.788,0.18222976520838596,-3.0185829682365677,STOP_LOSS,FRENZY_LONG,-3.018582103607713,SL
UMAUSDT,1791281400000,1791281408000,lock,-3.000026245940139,SL,1791288000282,-3.000026245940139,SL,1791288000282,-3.000026245940139,SL,1791288000282,-3.000026245940139,SL,1791288000282,-3.000026245940139,SL,1791288000282,-3.000026245940139,SL,1791288000282,True,ok,-3.009503635886562,SL,-3.009503635886562,SL,-3.009503635886562,SL,-3.009503635886562,SL,-3.009503635886562,SL,-3.009503635886562,SL,8.097,0.07792219591917782,-3.000026466696084,STOP_LOSS,FRENZY_LONG,-3.000026245940139,SL
ORCAUSDT,1791279600000,1791279608000,lock,-3.000570117723889,SL,1791281044716,-3.000570117723889,SL,1791281044716,-3.000570117723889,SL,1791281044716,-3.000570117723889,SL,1791281044716,-3.000570117723889,SL,1791281044716,-3.000570117723889,SL,1791281044716,True,ok,-3.023172861375178,SL,-3.023172861375178,SL,-3.023172861375178,SL,-3.023172861375178,SL,-3.023172861375178,SL,-3.023172861375178,SL,8.064,0.0232965553400577,-3.0005670498084323,STOP_LOSS,FRENZY_LONG,-3.000570117723889,SL
FLUIDUSDT,1791253800000,1791253808000,lock,-3.036618494567968,SL,1791254493638,-3.036618494567968,SL,1791254493638,-3.036618494567968,SL,1791254493638,-3.036618494567968,SL,1791254493638,-3.036618494567968,SL,1791254493638,-3.036618494567968,SL,1791254493638,True,ok,-3.0428608508757846,SL,-3.0428608508757846,SL,-3.0428608508757846,SL,-3.0428608508757846,SL,-3.0428608508757846,SL,-3.0428608508757846,SL,9.056,0.05389573331364694,-3.0366236757254543,STOP_LOSS,FRENZY_WIDE,-3.036618494567968,SL
AINUSDT,1791216900000,1791216911000,lock,-3.016838418601082,SL,1791218778068,-3.016838418601082,SL,1791218778068,-3.016838418601082,SL,1791218778068,-3.016838418601082,SL,1791218778068,-3.016838418601082,SL,1791218778068,-3.016838418601082,SL,1791218778068,True,ok,-3.012736504185582,SL,-3.012736504185582,SL,-3.012736504185582,SL,-3.012736504185582,SL,-3.012736504185582,SL,-3.012736504185582,SL,8.368,0.06591775332496219,-3.0168403132448063,STOP_LOSS,FRENZY_WIDE,-3.016838418601082,SL
RLCUSDT,1791201600000,1791201611000,fix3,3.006044811008068,TP,1791201780674,4.016561062287763,TP,1791201964048,5.005573423168285,TP,1791202020476,6.016089674448002,TP,1791202097430,5.349584408791572,TRAIL,1791202137834,5.758087842826012,TRAIL,1791202127494,True,ok,3.0043088511567415,TP,4.0118650948538495,TP,5.019421338550957,TP,6.0055430699428705,TP,5.0408622396824745,TRAIL,5.448169084091823,TRAIL,8.067,0.2937808783497031,3.0060464616046514,FRENZY_TP,FRENZY_WIDE,3.006044811008068,TP
MOVRUSDT,1791191700000,1791191712000,fix3,3.0035176519178495,TP,1791191986182,4.0010055097777,TP,1791193607285,-3.003357978738134,SL,1791197471464,-3.003357978738134,SL,1791197471464,1.9972504006592606,TRAIL,1791192044834,-3.003357978738134,SL,1791197471464,True,ok,3.0002316299863234,TP,4.002077236569079,TP,-3.002062896069703,SL,-3.002062896069703,SL,1.9983860234035675,TRAIL,-3.002062896069703,SL,8.001,0.003188912169482805,3.003520903855444,FRENZY_TP,FRENZY_WIDE,3.0035176519178495,TP
SANDUSDT,1791122700000,1791122712000,fix4,-3.0055609141420807,SL,1791125290908,-3.0055609141420807,SL,1791125290908,-3.0055609141420807,SL,1791125290908,-3.0055609141420807,SL,1791125290908,-3.0055609141420807,SL,1791125290908,-3.0055609141420807,SL,1791125290908,True,ok,-3.0053207192808955,SL,-3.0053207192808955,SL,-3.0053207192808955,SL,-3.0053207192808955,SL,-3.0053207192808955,SL,-3.0053207192808955,SL,8.0,-0.00024752231557734206,-3.005562719078634,STOP_LOSS,FRENZY_LONG,-3.0055609141420807,SL
AINUSDT,1791112500000,1791112511000,trail5,3.00120922441553,TP,1791115213675,4.001832282305265,TP,1791115213681,5.002448683752525,TP,1791115213686,6.00307174164226,TP,1791115213688,2.6974491287305957,TRAIL,1791115213683,3.4657823137379054,TRAIL,1791115213686,True,ok,3.0076499667731214,TP,4.007988694638106,TP,5.008327422503114,TP,6.008666150368099,TP,2.6682545555375707,TRAIL,3.436369416379973,TRAIL,8.011,0.028423374684560798,3.465782087951387,RUNNER_TRAIL,FRENZY_LONG,3.4657823137379054,TRAIL
SANDUSDT,1791090300000,1791090316000,trail5,3.0047044484721575,TP,1791091560500,-3.0049233077722364,SL,1791098415282,-3.0049233077722364,SL,1791098415282,-3.0049233077722364,SL,1791098415282,1.9902588396974896,TRAIL,1791091633879,-3.0049233077722364,SL,1791098415282,True,ok,3.0076653450434145,TP,-3.0021350840515377,SL,-3.0021350840515377,SL,-3.0021350840515377,SL,1.9931905885041963,TRAIL,-3.0021350840515377,SL,8.087,-0.0028731877640963965,-3.0049261305241624,STOP_LOSS,FRENZY_LONG,-3.0049233077722364,SL
AINUSDT,1791069900000,1791069912000,trail5,-3.005866599627567,SL,1791070100614,-3.005866599627567,SL,1791070100614,-3.005866599627567,SL,1791070100614,-3.005866599627567,SL,1791070100614,-3.005866599627567,SL,1791070100614,-3.005866599627567,SL,1791070100614,True,ok,-3.017292766675177,SL,-3.017292766675177,SL,-3.017292766675177,SL,-3.017292766675177,SL,-3.017292766675177,SL,-3.017292766675177,SL,8.016,0.24294519347833887,-3.0058639330885364,STOP_LOSS,FRENZY_WIDE,-3.005866599627567,SL
ERAUSDT,1791459000000,1791459008000,lock,-3.013806158152542,SL,1791459465273,-3.013806158152542,SL,1791459465273,-3.013806158152542,SL,1791459465273,-3.013806158152542,SL,1791459465273,-3.013806158152542,SL,1791459465273,-3.013806158152542,SL,1791459465273,False,ok,-3.013306889079565,SL,-3.013306889079565,SL,-3.013306889079565,SL,-3.013306889079565,SL,-3.013306889079565,SL,-3.013306889079565,SL,8.084,0.08599020293911241,-3.0138061581525473,STOP_LOSS,FRENZY_LONG,-3.013806158152542,SL
METUSDT,1791442200000,1791442210000,lock,3.0166823741728455,TP,1791442778309,,OPEN(no ticks yet),1791443685071,,OPEN(no ticks yet),1791443685071,,OPEN(no ticks yet),1791443685071,1.9944836575095393,TRAIL,1791442784991,,OPEN(no ticks yet),1791443685071,False,ok,3.0170543647440655,TP,,CAP,,CAP,,CAP,1.9948519585593203,TRAIL,,CAP,8.039,-0.00036093843995832486,1.994483657509529,RUNNER_TRAIL,FRENZY_WIDE,1.9944836575095393,TRAIL
WUSDT,1791438600000,1791438609000,lock,-3.002705833563728,SL,1791441571190,-3.002705833563728,SL,1791441571190,-3.002705833563728,SL,1791441571190,-3.002705833563728,SL,1791441571190,-3.002705833563728,SL,1791441571190,-3.002705833563728,SL,1791441571190,False,ok,-3.000265359467721,SL,-3.000265359467721,SL,-3.000265359467721,SL,-3.000265359467721,SL,-3.000265359467721,SL,-3.000265359467721,SL,8.019,0.09999999999998899,-3.0027058335637253,STOP_LOSS,FRENZY_LONG,-3.002705833563728,SL
MOVRUSDT,1791410400000,1791410413000,lock,-3.0045530019236604,SL,1791432162146,-3.0045530019236604,SL,1791432162146,-3.0045530019236604,SL,1791432162146,-3.0045530019236604,SL,1791432162146,-3.0045530019236604,SL,1791432162146,-3.0045530019236604,SL,1791432162146,False,ok,-3.0002549680938144,SL,-3.0002549680938144,SL,-3.0002549680938144,SL,-3.0002549680938144,SL,-3.0002549680938144,SL,-3.0002549680938144,SL,8.148,0.10506669990058004,-3.0045530019236653,STOP_LOSS,FRENZY_LITE,-3.0045530019236604,SL
METUSDT,1791402900000,1791402908000,lock,3.0177657419550217,TP,1791407204789,4.007646737846027,TP,1791407208683,5.020552051209583,TP,1791407218098,6.010433047100566,TP,1791409298680,3.0407900594275725,TRAIL,1791407265601,3.455159167504867,TRAIL,1791407225425,False,ok,3.0104854239159526,TP,4.000517603159746,TP,5.01357075466219,TP,6.0036029339059835,TP,3.0565342301238707,TRAIL,3.4709666243045643,TRAIL,8.114,-0.01527054938014194,3.040787655458314,RUNNER_TRAIL,FRENZY_LITE,3.0407900594275725,TRAIL
HEMIUSDT,1791400200000,1791400208000,lock,3.005747957777935,TP,1791402165329,4.00242928242927,TP,1791402314804,,OPEN(no ticks yet),1791403062540,,OPEN(no ticks yet),1791403062540,1.7221447131326306,TRAIL,1791402165331,,OPEN(no ticks yet),1791403062540,False,ok,,,,,,,,,,,,,,,1.722146849977343,RUNNER_TRAIL,FRENZY_LITE,1.7221447131326306,TRAIL
SANDUSDT,1791351900000,1791351912000,lock,3.004793100855755,TP,1791353811867,-3.0059816200396527,SL,1791366071188,-3.0059816200396527,SL,1791366071188,-3.0059816200396527,SL,1791366071188,1.9869506406037705,TRAIL,1791353995998,-3.0059816200396527,SL,1791366071188,True,ok,3.000667449687188,TP,-3.0090645794712554,SL,-3.0090645794712554,SL,-3.0090645794712554,SL,1.9967519968212468,TRAIL,-3.0090645794712554,SL,8.263,0.017350053744569216,1.986951286638224,RUNNER_TRAIL,FRENZY_LITE,1.9869506406037705,TRAIL
ORCAUSDT,1791309900000,1791309908000,lock,-3.007225771929066,SL,1791310632182,-3.007225771929066,SL,1791310632182,-3.007225771929066,SL,1791310632182,-3.007225771929066,SL,1791310632182,-3.007225771929066,SL,1791310632182,-3.007225771929066,SL,1791310632182,True,ok,-3.0089948179722636,SL,-3.0089948179722636,SL,-3.0089948179722636,SL,-3.0089948179722636,SL,-3.0089948179722636,SL,-3.0089948179722636,SL,8.048,0.06789939383651244,-3.0072241821680485,STOP_LOSS,FRENZY_LONG,-3.007225771929066,SL
