ts,pair,ms,gate,covered
2026-08-19 23:01:04,HEMIUSDT,1787180464000,DEADBAND5M,True
2026-08-19 23:09:32,BCHUSDT,1787180972000,DEADBAND5M,True
2026-08-19 23:17:55,INJUSDT,1787181475000,1H_SLOPEMAX,True
2026-08-19 23:21:14,KAITOUSDT,1787181674000,1H_SLOPEMAX,True
2026-08-19 23:25:45,WLDUSDT,1787181945000,1H_SLOPEMAX,True
2026-08-19 23:35:47,1000PEPEUSDT,1787182547000,DEADBAND5M,False
2026-08-19 23:40:51,LITUSDT,1787182851000,DEADBAND5M,True
2026-08-19 23:45:30,DOGEUSDT,1787183130000,DEADBAND5M,False
2026-08-19 23:52:32,ASTERUSDT,1787183552000,DEADBAND5M,False
2026-08-19 23:55:41,BCHUSDT,1787183741000,DEADBAND5M,False
2026-08-20 00:00:36,TAOUSDT,1787184036000,1H_SLOPEMAX,False
2026-08-20 00:03:54,ONDOUSDT,1787184234000,1H_SLOPEMAX,False
2026-08-20 00:05:34,LTCUSDT,1787184334000,1H_SLOPEMAX,False
2026-08-20 00:05:35,XLMUSDT,1787184335000,1H_SLOPEMAX,False
2026-08-20 00:05:42,PENGUUSDT,1787184342000,1H_SLOPEMAX,False
2026-08-20 00:10:13,BTCUSDT,1787184613000,1H_SLOPEMAX,False
2026-08-20 00:10:23,ADAUSDT,1787184623000,1H_SLOPEMAX,False
2026-08-20 00:10:24,UNIUSDT,1787184624000,1H_SLOPEMAX,False
2026-08-20 00:11:55,WLDUSDT,1787184715000,1H_SLOPEMAX,False
2026-08-20 00:13:34,HEMIUSDT,1787184814000,1H_SLOPEMAX,False
2026-08-20 00:13:57,1000SHIBUSDT,1787184837000,1H_SLOPEMAX,False
2026-08-20 00:15:12,ACEUSDT,1787184912000,1H_SLOPEMAX,False
2026-08-20 00:17:22,ETCUSDT,1787185042000,1H_SLOPEMAX,False
2026-08-20 00:18:29,XRPUSDT,1787185109000,1H_SLOPEMAX,False
2026-08-20 00:18:38,NEARUSDT,1787185118000,1H_SLOPEMAX,False
2026-08-20 00:20:16,SUIUSDT,1787185216000,1H_SLOPEMAX,True
2026-08-20 00:21:55,1000PEPEUSDT,1787185315000,1H_SLOPEMAX,True
2026-08-20 00:22:14,KAITOUSDT,1787185334000,1H_SLOPEMAX,True
2026-08-20 00:26:54,AVAXUSDT,1787185614000,1H_SLOPEMAX,True
2026-08-20 00:28:40,AAVEUSDT,1787185720000,1H_SLOPEMAX,True
2026-08-20 00:30:05,LINKUSDT,1787185805000,1H_SLOPEMAX,True
2026-08-20 00:35:02,DOGEUSDT,1787186102000,1H_SLOPEMAX,True
2026-08-20 00:35:26,INJUSDT,1787186126000,1H_SLOPEMAX,True
2026-08-20 00:35:28,EDENUSDT,1787186128000,1H_SLOPEMAX,True
2026-08-20 00:36:41,HYPEUSDT,1787186201000,1H_SLOPEMAX,True
2026-08-20 00:40:18,LITUSDT,1787186418000,1H_SLOPEMAX,True
2026-08-20 00:42:04,DOTUSDT,1787186524000,1H_SLOPEMAX,True
2026-08-20 00:45:31,XMRUSDT,1787186731000,1H_SLOPEMAX,True
2026-08-20 00:50:11,TAOUSDT,1787187011000,1H_SLOPEMAX,True
2026-08-20 00:50:12,ONDOUSDT,1787187012000,1H_SLOPEMAX,True
2026-08-20 00:51:53,LTCUSDT,1787187113000,1H_SLOPEMAX,True
2026-08-20 00:51:54,XLMUSDT,1787187114000,1H_SLOPEMAX,True
2026-08-20 00:52:00,ASTERUSDT,1787187120000,1H_SLOPEMAX,True
2026-08-20 00:52:01,PENGUUSDT,1787187121000,1H_SLOPEMAX,True
2026-08-20 00:58:15,WLDUSDT,1787187495000,DEADBAND5M,False
2026-08-20 00:58:23,UNIUSDT,1787187503000,DEADBAND5M,False
2026-08-20 01:08:11,ACEUSDT,1787188091000,DEADBAND5M,False
2026-08-20 01:11:38,PUMPUSDT,1787188298000,DEADBAND5M,False
2026-08-20 01:21:52,EDENUSDT,1787188912000,DEADBAND5M,False
2026-08-20 01:23:29,INJUSDT,1787189009000,DEADBAND5M,False
2026-08-20 01:24:44,XRPUSDT,1787189084000,DEADBAND5M,False
2026-08-20 01:36:36,TAOUSDT,1787189796000,1H_SLOPEMAX,False
2026-08-20 01:36:37,ONDOUSDT,1787189797000,1H_SLOPEMAX,False
2026-08-20 01:36:52,XMRUSDT,1787189812000,1H_SLOPEMAX,False
2026-08-20 01:38:17,TREEUSDT,1787189897000,1H_SLOPEMAX,False
2026-08-20 01:38:18,XLMUSDT,1787189898000,1H_SLOPEMAX,False
2026-08-20 01:41:44,PENGUUSDT,1787190104000,1H_SLOPEMAX,False
2026-08-20 01:43:22,ASTERUSDT,1787190202000,1H_SLOPEMAX,False
2026-08-20 01:45:03,KAITOUSDT,1787190303000,1H_SLOPEMAX,False
2026-08-20 01:46:25,ADAUSDT,1787190385000,1H_SLOPEMAX,False
2026-08-20 01:46:26,NEARUSDT,1787190386000,1H_SLOPEMAX,False
2026-08-20 01:47:55,BTCUSDT,1787190475000,1H_SLOPEMAX,False
2026-08-20 01:49:59,DOTUSDT,1787190599000,1H_SLOPEMAX,False
2026-08-20 01:51:14,ETHUSDT,1787190674000,1H_SLOPEMAX,False
2026-08-20 01:52:56,1000PEPEUSDT,1787190776000,1H_SLOPEMAX,False
2026-08-20 01:56:23,UNIUSDT,1787190983000,1H_SLOPEMAX,False
2026-08-20 01:56:39,1000SHIBUSDT,1787190999000,1H_SLOPEMAX,False
2026-08-20 01:58:09,AAVEUSDT,1787191089000,1H_SLOPEMAX,False
2026-08-20 02:01:12,SOLUSDT,1787191272000,1H_SLOPEMAX,True
2026-08-20 02:01:38,FARTCOINUSDT,1787191298000,1H_SLOPEMAX,True
2026-08-20 02:03:11,TUTUSDT,1787191391000,1H_SLOPEMAX,True
2026-08-20 02:06:13,DOGEUSDT,1787191573000,1H_SLOPEMAX,True
2026-08-20 02:06:30,LTCUSDT,1787191590000,1H_SLOPEMAX,True
2026-08-20 02:08:02,MUBARAKUSDT,1787191682000,1H_SLOPEMAX,True
2026-08-20 02:09:56,INJUSDT,1787191796000,1H_SLOPEMAX,True
2026-08-20 02:24:49,TREEUSDT,1787192689000,DEADBAND5M,False
2026-08-20 02:24:58,XMRUSDT,1787192698000,DEADBAND5M,False
2026-08-20 02:26:11,HYPEUSDT,1787192771000,DEADBAND5M,False
2026-08-20 02:33:16,ASTERUSDT,1787193196000,DEADBAND5M,False
2026-08-20 02:35:04,EDENUSDT,1787193304000,DEADBAND5M,False
2026-08-20 02:45:03,WLFIUSDT,1787193903000,DEADBAND5M,False
2026-08-20 02:54:32,HEMIUSDT,1787194472000,DEADBAND5M,False
2026-08-20 03:01:21,GPSUSDT,1787194881000,DEADBAND5M,False
2026-08-20 03:06:29,LITUSDT,1787195189000,DEADBAND5M,False
2026-08-20 03:16:13,ACEUSDT,1787195773000,DEADBAND5M,False
2026-08-20 03:34:48,TREEUSDT,1787196888000,DEADBAND5M,False
2026-08-20 03:36:27,MUBARAKUSDT,1787196987000,DEADBAND5M,False
2026-08-20 03:36:43,KAITOUSDT,1787197003000,DEADBAND5M,False
2026-08-20 03:49:39,GPSUSDT,1787197779000,DEADBAND5M,False
2026-08-20 03:51:12,1000PEPEUSDT,1787197872000,DEADBAND5M,False
2026-08-20 03:56:35,INJUSDT,1787198195000,DEADBAND5M,False
2026-08-20 03:57:49,ETHUSDT,1787198269000,DEADBAND5M,False
2026-08-20 03:58:06,LITUSDT,1787198286000,DEADBAND5M,False
2026-08-20 04:01:27,XAUTUSDT,1787198487000,DEADBAND5M,False
2026-08-20 04:11:20,BCHUSDT,1787199080000,1H_SLOPEMAX,False
2026-08-20 04:11:29,ASTERUSDT,1787199089000,1H_SLOPEMAX,False
2026-08-20 04:16:11,HYPEUSDT,1787199371000,1H_SLOPEMAX,False
2026-08-20 04:18:09,LTCUSDT,1787199489000,1H_SLOPEMAX,False
2026-08-20 04:18:18,PENGUUSDT,1787199498000,1H_SLOPEMAX,False
2026-08-20 04:21:19,WLDUSDT,1787199679000,1H_SLOPEMAX,False
2026-08-20 04:21:27,MUBARAKUSDT,1787199687000,1H_SLOPEMAX,False
2026-08-20 04:22:52,BTCUSDT,1787199772000,1H_SLOPEMAX,False
2026-08-20 04:23:18,1000SHIBUSDT,1787199798000,1H_SLOPEMAX,False
2026-08-20 04:26:38,TUTUSDT,1787199998000,1H_SLOPEMAX,False
2026-08-20 04:36:17,1000PEPEUSDT,1787200577000,DEADBAND5M,False
2026-08-20 04:46:42,INJUSDT,1787201202000,1H_SLOPEMAX,False
2026-08-20 04:54:38,XRPUSDT,1787201678000,1H_SLOPEMAX,False
2026-08-20 04:56:19,ACEUSDT,1787201779000,1H_SLOPEMAX,False
2026-08-20 04:57:58,SOLUSDT,1787201878000,1H_SLOPEMAX,False
2026-08-20 05:03:09,AVAXUSDT,1787202189000,1H_SLOPEMAX,False
2026-08-20 05:03:32,WLFIUSDT,1787202212000,1H_SLOPEMAX,False
2026-08-20 05:03:32,ETCUSDT,1787202212000,1H_SLOPEMAX,False
2026-08-20 05:04:49,ADAUSDT,1787202289000,1H_SLOPEMAX,False
2026-08-20 05:04:57,ONDOUSDT,1787202297000,1H_SLOPEMAX,False
2026-08-20 05:04:58,LTCUSDT,1787202298000,1H_SLOPEMAX,False
2026-08-20 05:06:31,BCHUSDT,1787202391000,1H_SLOPEMAX,False
2026-08-20 05:06:37,AAVEUSDT,1787202397000,1H_SLOPEMAX,False
2026-08-20 05:08:27,1000SHIBUSDT,1787202507000,1H_SLOPEMAX,False
2026-08-20 05:11:20,BTCUSDT,1787202680000,1H_SLOPEMAX,False
2026-08-20 05:13:28,PENGUUSDT,1787202808000,1H_SLOPEMAX,False
2026-08-20 05:14:57,TAOUSDT,1787202897000,1H_SLOPEMAX,False
2026-08-20 05:16:31,UNIUSDT,1787202991000,1H_SLOPEMAX,False
2026-08-20 05:23:21,XLMUSDT,1787203401000,1H_SLOPEMAX,False
2026-08-20 05:23:27,DOTUSDT,1787203407000,1H_SLOPEMAX,False
2026-08-20 05:29:51,WLDUSDT,1787203791000,1H_SLOPEMAX,True
2026-08-20 05:29:52,NEARUSDT,1787203792000,1H_SLOPEMAX,True
2026-08-20 05:31:41,TREEUSDT,1787203901000,1H_SLOPEMAX,True
2026-08-20 05:31:49,INJUSDT,1787203909000,1H_SLOPEMAX,True
2026-08-20 05:43:05,SOLUSDT,1787204585000,1H_SLOPEMAX,True
2026-08-20 05:43:07,ACEUSDT,1787204587000,1H_SLOPEMAX,True
2026-08-20 05:49:54,ADAUSDT,1787204994000,DEADBAND5M,False
2026-08-20 05:50:03,ONDOUSDT,1787205003000,DEADBAND5M,False
2026-08-20 06:00:02,TAOUSDT,1787205602000,DEADBAND5M,False
2026-08-20 06:20:14,FARTCOINUSDT,1787206814000,1H_SLOPEMAX,False
2026-08-20 06:26:30,LINKUSDT,1787207190000,1H_SLOPEMAX,True
2026-08-20 06:26:36,WLDUSDT,1787207196000,1H_SLOPEMAX,True
2026-08-20 06:26:39,MUBARAKUSDT,1787207199000,1H_SLOPEMAX,True
2026-08-20 06:26:55,1000SHIBUSDT,1787207215000,1H_SLOPEMAX,True
2026-08-20 06:27:01,PENGUUSDT,1787207221000,1H_SLOPEMAX,True
2026-08-20 06:30:07,TREEUSDT,1787207407000,1H_SLOPEMAX,True
2026-08-20 06:30:07,XAUTUSDT,1787207407000,1H_SLOPEMAX,True
2026-08-20 06:31:30,XRPUSDT,1787207490000,1H_SLOPEMAX,True
2026-08-20 06:31:31,1000PEPEUSDT,1787207491000,1H_SLOPEMAX,True
2026-08-20 06:33:18,PUMPUSDT,1787207598000,1H_SLOPEMAX,True
2026-08-20 06:34:49,SOLUSDT,1787207689000,1H_SLOPEMAX,True
2026-08-20 06:35:07,ONDOUSDT,1787207707000,1H_SLOPEMAX,False
2026-08-20 06:35:08,LTCUSDT,1787207708000,1H_SLOPEMAX,False
2026-08-20 06:36:30,DOGEUSDT,1787207790000,1H_SLOPEMAX,False
2026-08-20 06:36:39,AVAXUSDT,1787207799000,1H_SLOPEMAX,False
2026-08-20 06:36:48,XLMUSDT,1787207808000,1H_SLOPEMAX,False
2026-08-20 06:38:18,PAXGUSDT,1787207898000,1H_SLOPEMAX,False
2026-08-20 06:40:13,ARBUSDT,1787208013000,1H_SLOPEMAX,True
2026-08-20 06:41:37,SUIUSDT,1787208097000,1H_SLOPEMAX,True
2026-08-20 06:41:38,ADAUSDT,1787208098000,1H_SLOPEMAX,True
2026-08-20 06:43:10,ETHUSDT,1787208190000,1H_SLOPEMAX,True
2026-08-20 06:43:20,UNIUSDT,1787208200000,1H_SLOPEMAX,True
2026-08-20 06:45:06,TAOUSDT,1787208306000,CROSS70,True
2026-08-20 06:53:25,NEARUSDT,1787208805000,1H_SLOPEMAX,True
2026-08-20 07:02:01,DOTUSDT,1787209321000,1H_SLOPEMAX,True
2026-08-20 07:11:46,WLDUSDT,1787209906000,CROSS,True
2026-08-20 07:16:44,1000PEPEUSDT,1787210204000,1H_SLOPEMAX,False
2026-08-20 07:18:32,BCHUSDT,1787210312000,1H_SLOPEMAX,False
2026-08-20 07:21:44,DOGEUSDT,1787210504000,DEADBAND5M,False
2026-08-20 07:21:44,LINKUSDT,1787210504000,DEADBAND5M,False
2026-08-20 07:25:28,ARBUSDT,1787210728000,DEADBAND5M,True
2026-08-20 07:35:22,AAVEUSDT,1787211322000,DEADBAND5M,False
2026-08-20 07:40:15,PUMPUSDT,1787211615000,DEADBAND5M,False
2026-08-20 07:57:00,WLDUSDT,1787212620000,1H_SLOPEMAX,True
2026-08-20 08:05:25,NEARUSDT,1787213125000,CROSS70,False
2026-08-20 08:10:16,ETHUSDT,1787213416000,CROSS70,True
2026-08-20 08:15:20,HYPEUSDT,1787213720000,CROSS70,True
2026-08-20 08:20:40,ONDOUSDT,1787214040000,CROSS70,True
2026-08-20 08:22:14,TAOUSDT,1787214134000,CROSS70,True
2026-08-20 08:22:20,MUBARAKUSDT,1787214140000,CROSS70,True
2026-08-20 08:25:28,HEMIUSDT,1787214328000,ADX>40,True
2026-08-20 08:25:35,PAXGUSDT,1787214335000,ADX>40,True
2026-08-20 08:25:58,SKYAIUSDT,1787214358000,ADX>40,True
2026-08-20 08:27:25,XAUTUSDT,1787214445000,ADX>40,True
2026-08-20 09:07:59,MUBARAKUSDT,1787216879000,ADX>40,True
2026-08-20 09:18:25,SKYAIUSDT,1787217505000,ADX>40,True
2026-08-20 09:50:14,HYPEUSDT,1787219414000,ADX>40,True
2026-08-20 10:00:43,MUBARAKUSDT,1787220043000,ADX>40,True
2026-08-20 10:14:26,TUTUSDT,1787220866000,ADX>40,True
2026-08-20 10:15:45,SUIUSDT,1787220945000,ADX>40,True
2026-08-20 10:17:35,NEARUSDT,1787221055000,ADX>40,True
2026-08-20 10:17:43,ONDOUSDT,1787221063000,ADX>40,True
2026-08-20 10:17:50,DOTUSDT,1787221070000,ADX>40,True
2026-08-20 10:20:57,WLDUSDT,1787221257000,ADX>40,True
2026-08-20 10:25:55,ETHUSDT,1787221555000,ADX>40,True
2026-08-20 10:26:05,BCHUSDT,1787221565000,ADX>40,True
2026-08-20 10:31:19,LTCUSDT,1787221879000,ADX>40,True
2026-08-20 10:31:27,FARTCOINUSDT,1787221887000,ADX>40,True
2026-08-20 10:32:44,LINKUSDT,1787221964000,ADX>40,True
2026-08-20 10:38:09,TREEUSDT,1787222289000,ADX>40,True
2026-08-20 10:50:11,REDUSDT,1787223011000,ADX>40,True
2026-08-20 10:51:45,TAOUSDT,1787223105000,ADX>40,True
2026-08-20 10:51:45,MUBARAKUSDT,1787223105000,ADX>40,True
2026-08-20 11:01:44,1000PEPEUSDT,1787223704000,ADX>40,True
2026-08-20 11:03:43,ONDOUSDT,1787223823000,ADX>40,True
2026-08-20 11:05:40,XMRUSDT,1787223940000,ADX>40,True
2026-08-20 11:11:57,ETHUSDT,1787224317000,ADX>40,True
2026-08-20 11:15:30,ADAUSDT,1787224530000,ADX>40,True
2026-08-20 11:15:49,WLFIUSDT,1787224549000,ADX>40,True
2026-08-20 11:17:22,ASTERUSDT,1787224642000,ADX>40,True
2026-08-20 11:17:32,FARTCOINUSDT,1787224652000,ADX>40,True
2026-08-20 11:18:49,LINKUSDT,1787224729000,ADX>40,True
2026-08-20 11:26:05,BIOUSDT,1787225165000,ADX>40,True
2026-08-20 11:35:56,SOLUSDT,1787225756000,ADX>40,True
2026-08-20 11:36:21,ARBUSDT,1787225781000,ADX>40,True
2026-08-20 11:37:48,TAOUSDT,1787225868000,ADX>40,True
2026-08-20 11:39:31,AVAXUSDT,1787225971000,ADX>40,True
2026-08-20 11:41:20,MUBARAKUSDT,1787226080000,ADX>40,True
2026-08-20 11:41:22,LTCUSDT,1787226082000,ADX>40,True
2026-08-20 11:41:29,1000SHIBUSDT,1787226089000,ADX>40,True
2026-08-20 11:46:12,HYPEUSDT,1787226372000,ADX>40,True
2026-08-20 11:46:28,NEARUSDT,1787226388000,ADX>40,True
2026-08-20 11:48:21,TUTUSDT,1787226501000,ADX>40,True
2026-08-20 11:49:47,UNIUSDT,1787226587000,ADX>40,True
2026-08-20 11:51:23,1000PEPEUSDT,1787226683000,ADX>40,True
2026-08-20 11:51:40,ONDOUSDT,1787226700000,ADX>40,True
2026-08-20 11:51:40,AAVEUSDT,1787226700000,ADX>40,True
2026-08-20 11:51:56,XMRUSDT,1787226716000,ADX>40,True
2026-08-20 12:02:12,WLFIUSDT,1787227332000,ADX>40,False
2026-08-20 12:03:24,SUIUSDT,1787227404000,ADX>40,False
2026-08-20 12:48:50,WLFIUSDT,1787230130000,DEADBAND5M,False
2026-08-20 12:53:44,BCHUSDT,1787230424000,DEADBAND5M,True
2026-08-20 12:55:15,DOGEUSDT,1787230515000,DEADBAND5M,True
2026-08-20 13:02:25,LTCUSDT,1787230945000,1H_SLOPEMAX,True
2026-08-20 13:05:35,ETHUSDT,1787231135000,1H_SLOPEMAX,True
2026-08-20 13:05:45,AVAXUSDT,1787231145000,1H_SLOPEMAX,True
2026-08-20 13:05:52,ONDOUSDT,1787231152000,1H_SLOPEMAX,True
2026-08-20 13:10:49,SOLUSDT,1787231449000,1H_SLOPEMAX,False
2026-08-20 13:10:49,HYPEUSDT,1787231449000,1H_SLOPEMAX,False
2026-08-20 13:11:17,XAUTUSDT,1787231477000,1H_SLOPEMAX,False
2026-08-20 13:12:43,ADAUSDT,1787231563000,1H_SLOPEMAX,False
2026-08-20 13:16:10,PUMPUSDT,1787231770000,1H_SLOPEMAX,False
2026-08-20 13:16:19,UNIUSDT,1787231779000,1H_SLOPEMAX,False
2026-08-20 13:16:29,FARTCOINUSDT,1787231789000,1H_SLOPEMAX,False
2026-08-20 13:20:19,BTCUSDT,1787232019000,1H_SLOPEMAX,False
2026-08-20 13:25:40,LITUSDT,1787232340000,1H_SLOPEMAX,False
2026-08-20 13:27:31,ASTERUSDT,1787232451000,1H_SLOPEMAX,False
2026-08-20 13:29:00,SUIUSDT,1787232540000,1H_SLOPEMAX,False
2026-08-20 13:30:43,1000PEPEUSDT,1787232643000,DEADBAND5M,False
2026-08-20 13:39:36,BCHUSDT,1787233176000,DEADBAND5M,False
2026-08-20 13:44:32,DOGEUSDT,1787233472000,DEADBAND5M,False
2026-08-20 13:51:37,AVAXUSDT,1787233897000,DEADBAND5M,False
2026-08-20 13:51:38,PAXGUSDT,1787233898000,DEADBAND5M,False
2026-08-20 13:57:07,XAUTUSDT,1787234227000,DEADBAND5M,False
2026-08-20 14:14:02,LINKUSDT,1787235242000,DEADBAND5M,False
2026-08-20 14:14:08,SUIUSDT,1787235248000,DEADBAND5M,False
2026-08-20 14:14:16,ASTERUSDT,1787235256000,DEADBAND5M,False
2026-08-20 14:15:44,HYPEUSDT,1787235344000,DEADBAND5M,False
2026-08-20 14:16:01,ONDOUSDT,1787235361000,DEADBAND5M,False
2026-08-20 14:16:02,XLMUSDT,1787235362000,DEADBAND5M,False
2026-08-20 14:16:10,DOTUSDT,1787235370000,DEADBAND5M,False
2026-08-20 14:16:16,WLFIUSDT,1787235376000,DEADBAND5M,False
2026-08-20 14:17:52,TRXUSDT,1787235472000,DEADBAND5M,False
2026-08-20 14:21:21,LTCUSDT,1787235681000,DEADBAND5M,False
2026-08-20 14:30:55,DOGEUSDT,1787236255000,DEADBAND5M,False
2026-08-20 14:41:46,ORDIUSDT,1787236906000,DEADBAND5M,False
2026-08-20 14:43:14,LITUSDT,1787236994000,DEADBAND5M,False
2026-08-20 14:50:53,BCHUSDT,1787237453000,DEADBAND5M,False
2026-08-20 14:56:22,FARTCOINUSDT,1787237782000,DEADBAND5M,False
2026-08-20 15:01:20,ASTERUSDT,1787238080000,1H_SLOPEMAX,False
2026-08-20 15:01:27,GPSUSDT,1787238087000,1H_SLOPEMAX,False
2026-08-20 15:01:28,ARBUSDT,1787238088000,1H_SLOPEMAX,False
2026-08-20 15:01:30,WLFIUSDT,1787238090000,1H_SLOPEMAX,False
2026-08-20 15:01:36,TUTUSDT,1787238096000,1H_SLOPEMAX,False
2026-08-20 15:06:17,BTCUSDT,1787238377000,1H_SLOPEMAX,True
2026-08-20 15:06:17,ETHUSDT,1787238377000,1H_SLOPEMAX,True
2026-08-20 15:06:18,SOLUSDT,1787238378000,1H_SLOPEMAX,True
2026-08-20 15:06:18,HYPEUSDT,1787238378000,1H_SLOPEMAX,True
2026-08-20 15:06:26,WLDUSDT,1787238386000,1H_SLOPEMAX,True
2026-08-20 15:06:28,TAOUSDT,1787238388000,1H_SLOPEMAX,True
2026-08-20 15:06:36,MUBARAKUSDT,1787238396000,1H_SLOPEMAX,True
2026-08-20 15:06:36,XLMUSDT,1787238396000,1H_SLOPEMAX,True
2026-08-20 15:06:44,1000SHIBUSDT,1787238404000,1H_SLOPEMAX,True
2026-08-20 15:06:45,BIOUSDT,1787238405000,1H_SLOPEMAX,True
2026-08-20 15:08:04,1000PEPEUSDT,1787238484000,1H_SLOPEMAX,True
2026-08-20 15:08:19,ONDOUSDT,1787238499000,1H_SLOPEMAX,True
2026-08-20 15:08:28,DOTUSDT,1787238508000,1H_SLOPEMAX,True
2026-08-20 15:09:55,ADAUSDT,1787238595000,1H_SLOPEMAX,True
2026-08-20 15:10:05,LTCUSDT,1787238605000,1H_SLOPEMAX,True
2026-08-20 15:11:47,UNIUSDT,1787238707000,1H_SLOPEMAX,True
2026-08-20 17:01:29,SOLUSDT,1787245289000,1H_SLOPEMAX,True
2026-08-20 17:01:46,ASTERUSDT,1787245306000,1H_SLOPEMAX,True
2026-08-20 17:01:48,REDUSDT,1787245308000,1H_SLOPEMAX,True
2026-08-20 17:01:56,INJUSDT,1787245316000,1H_SLOPEMAX,True
2026-08-20 17:03:29,ONDOUSDT,1787245409000,1H_SLOPEMAX,True
2026-08-20 17:03:29,AAVEUSDT,1787245409000,1H_SLOPEMAX,True
2026-08-20 17:12:03,TRXUSDT,1787245923000,1H_SLOPEMAX,True
2026-08-20 17:22:03,BTCUSDT,1787246523000,1H_SLOPEMAX,True
2026-08-20 17:22:28,ORDIUSDT,1787246548000,1H_SLOPEMAX,True
2026-08-20 17:25:30,PUMPUSDT,1787246730000,1H_SLOPEMAX,True
2026-08-20 17:31:03,1000SHIBUSDT,1787247063000,1H_SLOPEMAX,True
2026-08-20 17:31:04,GPSUSDT,1787247064000,1H_SLOPEMAX,True
2026-08-20 17:36:09,PENGUUSDT,1787247369000,1H_SLOPEMAX,True
2026-08-20 17:37:51,LTCUSDT,1787247471000,1H_SLOPEMAX,True
2026-08-20 17:44:25,HYPEUSDT,1787247865000,1H_SLOPEMAX,True
2026-08-20 17:47:50,SOLUSDT,1787248070000,1H_SLOPEMAX,True
2026-08-20 17:48:17,AVAAIUSDT,1787248097000,1H_SLOPEMAX,True
2026-08-20 17:49:49,AAVEUSDT,1787248189000,1H_SLOPEMAX,True
2026-08-20 17:56:31,PAXGUSDT,1787248591000,1H_SLOPEMAX,True
2026-08-20 17:56:38,ASTERUSDT,1787248598000,1H_SLOPEMAX,True
2026-08-20 18:02:03,XAUTUSDT,1787248923000,1H_SLOPEMAX,False
2026-08-20 19:02:12,SKYAIUSDT,1787252532000,DEADBAND5M,False
2026-08-20 19:05:07,PUMPUSDT,1787252707000,DEADBAND5M,False
2026-08-20 19:10:37,REDUSDT,1787253037000,DEADBAND5M,False
2026-08-20 19:15:48,INJUSDT,1787253348000,DEADBAND5M,False
2026-08-20 19:20:39,PAXGUSDT,1787253639000,ADX<15,False
2026-08-20 19:23:54,SOLUSDT,1787253834000,ADX<15,False
2026-08-20 19:25:38,HYPEUSDT,1787253938000,ADX<15,False
2026-08-20 19:36:27,WLFIUSDT,1787254587000,ADX<15,False
2026-08-20 19:41:34,XMRUSDT,1787254894000,ADX<15,False
2026-08-20 19:42:44,ETHUSDT,1787254964000,ADX<15,False
2026-08-20 19:55:12,ARBUSDT,1787255712000,ADX<15,False
2026-08-20 20:06:55,1000PEPEUSDT,1787256415000,ADX<15,False
2026-08-20 20:12:04,HYPEUSDT,1787256724000,ADX<15,False
2026-08-20 20:12:22,PENGUUSDT,1787256742000,ADX<15,False
2026-08-20 20:14:13,FARTCOINUSDT,1787256853000,ADX<15,False
2026-08-20 20:14:13,INJUSDT,1787256853000,ADX<15,False
2026-08-20 20:15:45,ASTERUSDT,1787256945000,ADX<15,False
2026-08-20 20:15:46,HEMIUSDT,1787256946000,ADX<15,False
2026-08-20 20:15:48,TRXUSDT,1787256948000,ADX<15,False
2026-08-20 20:17:38,DOTUSDT,1787257058000,ADX<15,False
2026-08-20 20:19:13,AAVEUSDT,1787257153000,ADX<15,False
2026-08-20 20:19:19,REDUSDT,1787257159000,ADX<15,False
2026-08-20 20:20:45,ADAUSDT,1787257245000,ADX<15,False
2026-08-20 20:20:47,NEARUSDT,1787257247000,ADX<15,False
2026-08-20 20:31:04,LITUSDT,1787257864000,1H_SLOPEMAX,False
2026-08-20 20:31:19,NEIROUSDT,1787257879000,1H_SLOPEMAX,False
2026-08-20 20:33:04,WLFIUSDT,1787257984000,1H_SLOPEMAX,False
2026-08-20 20:36:13,TAOUSDT,1787258173000,1H_SLOPEMAX,False
2026-08-20 20:38:02,XLMUSDT,1787258282000,1H_SLOPEMAX,False
2026-08-20 20:39:28,BTCUSDT,1787258368000,1H_SLOPEMAX,False
2026-08-20 20:41:39,ARBUSDT,1787258499000,1H_SLOPEMAX,False
2026-08-20 20:46:29,SUIUSDT,1787258789000,DEADBAND5M,False
2026-08-20 20:51:29,XRPUSDT,1787259089000,DEADBAND5M,False
2026-08-20 20:56:47,AVAXUSDT,1787259407000,DEADBAND5M,False
2026-08-20 21:00:36,INJUSDT,1787259636000,DEADBAND5M,False
2026-08-20 21:03:44,ASTERUSDT,1787259824000,DEADBAND5M,False
2026-08-20 21:03:53,1000SHIBUSDT,1787259833000,DEADBAND5M,False
2026-08-20 21:03:54,DOTUSDT,1787259834000,DEADBAND5M,False
2026-08-20 21:05:12,DOGEUSDT,1787259912000,DEADBAND5M,False
2026-08-20 21:05:29,AAVEUSDT,1787259929000,DEADBAND5M,False
2026-08-20 21:07:01,ADAUSDT,1787260021000,DEADBAND5M,False
2026-08-20 21:07:09,NEARUSDT,1787260029000,DEADBAND5M,False
2026-08-20 21:15:21,SOLUSDT,1787260521000,DEADBAND5M,True
2026-08-20 21:15:38,ONDOUSDT,1787260538000,DEADBAND5M,True
2026-08-20 21:17:12,LITUSDT,1787260632000,DEADBAND5M,True
2026-08-20 21:23:59,XLMUSDT,1787261039000,DEADBAND5M,True
2026-08-20 21:27:40,ARBUSDT,1787261260000,DEADBAND5M,False
2026-08-20 21:35:48,SUIUSDT,1787261748000,1H_SLOPEMAX,True
2026-08-20 21:35:57,HEMIUSDT,1787261757000,1H_SLOPEMAX,True
2026-08-20 21:42:36,AVAXUSDT,1787262156000,1H_SLOPEMAX,True
2026-08-20 21:46:23,XMRUSDT,1787262383000,DEADBAND5M,True
2026-08-20 21:50:55,DOGEUSDT,1787262655000,DEADBAND5M,True
2026-08-20 21:51:18,AAVEUSDT,1787262678000,DEADBAND5M,True
2026-08-20 21:51:19,ORDIUSDT,1787262679000,DEADBAND5M,True
2026-08-20 21:52:43,ADAUSDT,1787262763000,DEADBAND5M,True
2026-08-20 21:52:51,NEARUSDT,1787262771000,DEADBAND5M,True
2026-08-20 21:55:58,XRPUSDT,1787262958000,DEADBAND5M,True
2026-08-20 21:56:00,PUMPUSDT,1787262960000,DEADBAND5M,True
2026-08-20 21:57:50,TAOUSDT,1787263070000,DEADBAND5M,True
2026-08-20 21:58:05,1000SHIBUSDT,1787263085000,DEADBAND5M,True
2026-08-20 22:03:04,ONDOUSDT,1787263384000,DEADBAND5M,False
2026-08-20 22:03:12,DOTUSDT,1787263392000,DEADBAND5M,False
2026-08-20 22:06:19,WLDUSDT,1787263579000,DEADBAND5M,False
2026-08-20 22:11:27,LITUSDT,1787263887000,DEADBAND5M,False
2026-08-20 22:18:22,ASTERUSDT,1787264302000,DEADBAND5M,False
2026-08-20 22:19:57,BCHUSDT,1787264397000,DEADBAND5M,False
2026-08-20 22:21:45,HEMIUSDT,1787264505000,DEADBAND5M,False
2026-08-20 22:26:38,ACEUSDT,1787264798000,DEADBAND5M,False
2026-08-20 22:37:14,ORDIUSDT,1787265434000,1H_SLOPEMAX,False
2026-08-20 22:37:22,GPSUSDT,1787265442000,1H_SLOPEMAX,False
2026-08-20 22:40:22,LINKUSDT,1787265622000,DEADBAND5M,False
2026-08-20 22:40:38,AAVEUSDT,1787265638000,DEADBAND5M,False
2026-08-20 22:43:37,XRPUSDT,1787265817000,DEADBAND5M,False
2026-08-20 22:44:02,REDUSDT,1787265842000,DEADBAND5M,False
2026-08-20 22:47:12,TAOUSDT,1787266032000,ADX<15,False
2026-08-20 22:49:01,ONDOUSDT,1787266141000,ADX<15,False
2026-08-20 22:55:36,1000PEPEUSDT,1787266536000,ADX<15,False
2026-08-20 23:00:45,PUMPUSDT,1787266845000,ADX<15,False
2026-08-20 23:04:26,NEIROUSDT,1787267066000,ADX<15,False
2026-08-20 23:11:09,AVAXUSDT,1787267469000,1H_SLOPEMAX,False
2026-08-20 23:16:13,ACEUSDT,1787267773000,1H_SLOPEMAX,False
2026-08-20 23:21:18,ETHUSDT,1787268078000,1H_SLOPEMAX,False
2026-08-20 23:21:26,ADAUSDT,1787268086000,1H_SLOPEMAX,False
2026-08-20 23:23:02,DOGEUSDT,1787268182000,1H_SLOPEMAX,False
2026-08-20 23:23:18,PAXGUSDT,1787268198000,1H_SLOPEMAX,False
2026-08-20 23:31:37,HYPEUSDT,1787268697000,CROSS70,False
2026-08-20 23:31:46,XLMUSDT,1787268706000,CROSS70,False
2026-08-20 23:33:44,TUTUSDT,1787268824000,CROSS70,False
2026-08-20 23:35:01,XRPUSDT,1787268901000,1H_SLOPEMAX,True
2026-08-20 23:35:02,SOLUSDT,1787268902000,1H_SLOPEMAX,True
2026-08-20 23:35:11,LITUSDT,1787268911000,1H_SLOPEMAX,True
2026-08-20 23:35:28,1000SHIBUSDT,1787268928000,1H_SLOPEMAX,True
2026-08-20 23:35:29,FARTCOINUSDT,1787268929000,1H_SLOPEMAX,True
2026-08-20 23:36:52,SUIUSDT,1787269012000,1H_SLOPEMAX,True
2026-08-20 23:36:53,LINKUSDT,1787269013000,1H_SLOPEMAX,True
2026-08-20 23:36:53,WLDUSDT,1787269013000,1H_SLOPEMAX,True
2026-08-20 23:37:00,UNIUSDT,1787269020000,1H_SLOPEMAX,True
2026-08-20 23:37:02,ONDOUSDT,1787269022000,1H_SLOPEMAX,True
2026-08-20 23:37:03,PENGUUSDT,1787269023000,1H_SLOPEMAX,True
2026-08-20 23:37:09,ORDIUSDT,1787269029000,1H_SLOPEMAX,True
2026-08-20 23:37:11,DOTUSDT,1787269031000,1H_SLOPEMAX,True
2026-08-20 23:38:26,BTCUSDT,1787269106000,1H_SLOPEMAX,True
2026-08-20 23:40:43,GPSUSDT,1787269243000,1H_SLOPEMAX,True
2026-08-20 23:45:20,1000PEPEUSDT,1787269520000,1H_SLOPEMAX,True
2026-08-20 23:51:00,BIOUSDT,1787269860000,1H_SLOPEMAX,True
2026-08-20 23:55:54,BCHUSDT,1787270154000,1H_SLOPEMAX,True
2026-08-21 00:04:13,BOMEUSDT,1787270653000,1H_SLOPEMAX,True
2026-08-21 00:07:45,ADAUSDT,1787270865000,1H_SLOPEMAX,True
2026-08-21 00:09:19,ETHUSDT,1787270959000,1H_SLOPEMAX,True
2026-08-21 00:09:20,DOGEUSDT,1787270960000,1H_SLOPEMAX,True
2026-08-21 00:19:49,TAOUSDT,1787271589000,CROSS70,True
2026-08-21 00:20:03,LTCUSDT,1787271603000,CROSS70,True
2026-08-21 00:21:22,HYPEUSDT,1787271682000,CROSS70,True
2026-08-21 00:21:31,LITUSDT,1787271691000,CROSS70,True
2026-08-21 00:21:47,1000SHIBUSDT,1787271707000,CROSS70,True
2026-08-21 00:23:19,UNIUSDT,1787271799000,CROSS70,True
2026-08-21 00:23:30,DOTUSDT,1787271810000,CROSS70,True
2026-08-21 00:26:29,XRPUSDT,1787271989000,CROSS70,True
2026-08-21 00:28:22,XLMUSDT,1787272102000,CROSS70,True
2026-08-21 00:28:37,PEOPLEUSDT,1787272117000,CROSS70,True
2026-08-21 00:30:04,WLDUSDT,1787272204000,CROSS70,True
2026-08-21 00:30:12,ONDOUSDT,1787272212000,CROSS70,True
2026-08-21 00:32:03,ORDIUSDT,1787272323000,CROSS70,True
2026-08-21 00:32:10,FARTCOINUSDT,1787272330000,CROSS70,True
2026-08-21 00:40:41,XMRUSDT,1787272841000,ADX>40,True
2026-08-21 00:54:29,TUTUSDT,1787273669000,ADX>40,True
2026-08-21 00:57:53,AAVEUSDT,1787273873000,ADX>40,True
2026-08-21 01:00:56,BOMEUSDT,1787274056000,ADX>40,True
2026-08-21 01:08:10,REDUSDT,1787274490000,ADX>40,True
2026-08-21 01:12:56,XRPUSDT,1787274776000,ADX>40,True
2026-08-21 01:14:48,XLMUSDT,1787274888000,ADX>40,True
2026-08-21 01:16:21,HYPEUSDT,1787274981000,ADX>40,True
2026-08-21 01:16:45,PEOPLEUSDT,1787275005000,ADX>40,True
2026-08-21 01:16:46,DOTUSDT,1787275006000,ADX>40,True
2026-08-21 01:19:55,SUIUSDT,1787275195000,ADX>40,True
2026-08-21 01:20:13,1000SHIBUSDT,1787275213000,ADX>40,True
2026-08-21 01:20:14,WLFIUSDT,1787275214000,ADX>40,True
2026-08-21 01:21:47,ONDOUSDT,1787275307000,ADX>40,True
2026-08-21 01:23:32,BCHUSDT,1787275412000,ADX>40,True
2026-08-21 01:27:07,XMRUSDT,1787275627000,ADX>40,True
2026-08-21 01:28:38,NEARUSDT,1787275718000,ADX>40,True
2026-08-21 01:28:47,LTCUSDT,1787275727000,ADX>40,True
2026-08-21 01:30:25,PENGUUSDT,1787275825000,ADX>40,True
2026-08-21 01:30:32,ORDIUSDT,1787275832000,ADX>40,True
2026-08-21 01:35:48,SKYAIUSDT,1787276148000,ADX>40,True
2026-08-21 01:40:24,1000PEPEUSDT,1787276424000,ADX>40,True
2026-08-21 01:50:48,WLDUSDT,1787277048000,ADX>40,True
2026-08-21 01:50:50,TAOUSDT,1787277050000,ADX>40,True
2026-08-21 01:52:31,AVAXUSDT,1787277151000,ADX>40,True
2026-08-21 01:52:46,AAVEUSDT,1787277166000,ADX>40,True
2026-08-21 01:52:54,FARTCOINUSDT,1787277174000,ADX>40,True
2026-08-21 02:02:40,HYPEUSDT,1787277760000,ADX>40,True
2026-08-21 02:06:06,BOMEUSDT,1787277966000,ADX>40,True
2026-08-21 02:11:53,FETUSDT,1787278313000,ADX>40,True
2026-08-21 02:13:11,SUIUSDT,1787278391000,ADX>40,True
2026-08-21 02:15:02,NEARUSDT,1787278502000,ADX>40,True
2026-08-21 02:15:10,LTCUSDT,1787278510000,ADX>40,True
2026-08-21 02:27:24,WLFIUSDT,1787279244000,ADX>40,True
2026-08-21 02:30:17,XRPUSDT,1787279417000,ADX>40,True
2026-08-21 02:35:52,ORDIUSDT,1787279752000,ADX>40,True
2026-08-21 02:37:22,TAOUSDT,1787279842000,ADX>40,True
2026-08-21 02:39:12,ONDOUSDT,1787279952000,ADX>40,True
2026-08-21 02:39:27,FARTCOINUSDT,1787279967000,ADX>40,True
2026-08-21 02:42:37,UNIUSDT,1787280157000,ADX>40,True
2026-08-21 02:46:11,AAVEUSDT,1787280371000,ADX>40,False
2026-08-21 02:50:57,HYPEUSDT,1787280657000,ADX>40,False
2026-08-21 02:56:14,PUMPUSDT,1787280974000,ADX>40,False
2026-08-21 03:01:26,NEARUSDT,1787281286000,DEADBAND5M,False
2026-08-21 03:05:15,FETUSDT,1787281515000,DEADBAND5M,False
2026-08-21 03:10:14,PEOPLEUSDT,1787281814000,DEADBAND5M,False
2026-08-21 03:15:32,BIOUSDT,1787282132000,DEADBAND5M,False
2026-08-21 03:18:56,XMRUSDT,1787282336000,DEADBAND5M,False
2026-08-21 03:21:53,BOMEUSDT,1787282513000,DEADBAND5M,True
2026-08-21 03:22:17,ORDIUSDT,1787282537000,DEADBAND5M,True
2026-08-21 03:23:35,XRPUSDT,1787282615000,DEADBAND5M,True
2026-08-21 03:30:43,UNIUSDT,1787283043000,DEADBAND5M,True
2026-08-21 03:32:37,TUTUSDT,1787283157000,DEADBAND5M,True
2026-08-21 03:32:38,DOTUSDT,1787283158000,DEADBAND5M,True
2026-08-21 03:34:19,LTCUSDT,1787283259000,DEADBAND5M,True
2026-08-21 03:35:47,WLDUSDT,1787283347000,DEADBAND5M,False
2026-08-21 03:35:48,TAOUSDT,1787283348000,DEADBAND5M,False
2026-08-21 03:36:05,1000SHIBUSDT,1787283365000,DEADBAND5M,False
2026-08-21 03:36:11,FARTCOINUSDT,1787283371000,DEADBAND5M,False
2026-08-21 03:37:22,DOGEUSDT,1787283442000,DEADBAND5M,False
2026-08-21 03:40:55,SUIUSDT,1787283655000,DEADBAND5M,True
2026-08-21 03:41:04,ONDOUSDT,1787283664000,DEADBAND5M,True
2026-08-21 03:44:15,ACEUSDT,1787283855000,DEADBAND5M,True
2026-08-21 03:45:58,1000PEPEUSDT,1787283958000,1H_SLOPEMAX,True
2026-08-21 03:49:40,AAVEUSDT,1787284180000,1H_SLOPEMAX,True
2026-08-21 03:51:04,BTCUSDT,1787284264000,1H_SLOPEMAX,True
2026-08-21 03:56:13,SOLUSDT,1787284573000,1H_SLOPEMAX,False
2026-08-21 03:59:48,XLMUSDT,1787284788000,1H_SLOPEMAX,False
2026-08-21 04:01:55,BIOUSDT,1787284915000,1H_SLOPEMAX,True
2026-08-21 04:04:57,NEARUSDT,1787285097000,1H_SLOPEMAX,True
2026-08-21 04:06:40,LITUSDT,1787285200000,1H_SLOPEMAX,True
2026-08-21 04:10:05,AVAXUSDT,1787285405000,1H_SLOPEMAX,True
2026-08-21 04:18:58,DOTUSDT,1787285938000,1H_SLOPEMAX,True
2026-08-21 04:20:38,LTCUSDT,1787286038000,1H_SLOPEMAX,True
2026-08-21 04:23:40,DOGEUSDT,1787286220000,1H_SLOPEMAX,True
2026-08-21 04:25:24,BOMEUSDT,1787286324000,1H_SLOPEMAX,True
2026-08-21 04:27:16,TAOUSDT,1787286436000,1H_SLOPEMAX,True
2026-08-21 04:32:16,1000PEPEUSDT,1787286736000,1H_SLOPEMAX,True
2026-08-21 04:34:13,ASTERUSDT,1787286853000,1H_SLOPEMAX,True
2026-08-21 04:37:55,XMRUSDT,1787287075000,1H_SLOPEMAX,True
2026-08-21 04:40:47,BTCUSDT,1787287247000,1H_SLOPEMAX,True
2026-08-21 04:40:56,SUIUSDT,1787287256000,1H_SLOPEMAX,True
2026-08-21 04:41:05,ONDOUSDT,1787287265000,1H_SLOPEMAX,True
2026-08-21 04:41:14,1000SHIBUSDT,1787287274000,1H_SLOPEMAX,True
2026-08-21 04:42:32,ACEUSDT,1787287352000,1H_SLOPEMAX,True
2026-08-21 04:47:54,XLMUSDT,1787287674000,1H_SLOPEMAX,True
2026-08-21 04:51:25,UNIUSDT,1787287885000,1H_SLOPEMAX,True
2026-08-21 04:52:52,XRPUSDT,1787287972000,1H_SLOPEMAX,True
2026-08-21 04:54:45,LITUSDT,1787288085000,1H_SLOPEMAX,True
2026-08-21 04:56:37,PENGUUSDT,1787288197000,1H_SLOPEMAX,True
2026-08-21 05:00:11,ORDIUSDT,1787288411000,1H_SLOPEMAX,True
2026-08-21 05:01:38,AVAXUSDT,1787288498000,1H_SLOPEMAX,True
2026-08-21 05:05:28,BIOUSDT,1787288728000,1H_SLOPEMAX,False
2026-08-21 05:06:37,SOLUSDT,1787288797000,1H_SLOPEMAX,False
2026-08-21 05:07:01,PEOPLEUSDT,1787288821000,1H_SLOPEMAX,False
2026-08-21 05:07:01,LTCUSDT,1787288821000,1H_SLOPEMAX,False
2026-08-21 05:18:48,TAOUSDT,1787289528000,CROSS70,False
2026-08-21 05:20:21,HYPEUSDT,1787289621000,1H_SLOPEMAX,True
2026-08-21 05:27:12,BTCUSDT,1787290032000,1H_SLOPEMAX,True
2026-08-21 05:27:21,SUIUSDT,1787290041000,1H_SLOPEMAX,True
2026-08-21 05:42:59,ASTERUSDT,1787290979000,1H_SLOPEMAX,True
2026-08-21 05:46:33,ORDIUSDT,1787291193000,1H_SLOPEMAX,True
2026-08-21 05:46:34,1000SHIBUSDT,1787291194000,1H_SLOPEMAX,True
2026-08-21 05:49:53,PENGUUSDT,1787291393000,1H_SLOPEMAX,True
2026-08-21 05:53:09,ADAUSDT,1787291589000,1H_SLOPEMAX,True
2026-08-21 05:53:26,LTCUSDT,1787291606000,1H_SLOPEMAX,True
2026-08-21 05:58:20,LINKUSDT,1787291900000,1H_SLOPEMAX,True
2026-08-21 06:00:22,REDUSDT,1787292022000,1H_SLOPEMAX,True
2026-08-21 06:02:05,DOTUSDT,1787292125000,1H_SLOPEMAX,True
2026-08-21 06:03:38,HEMIUSDT,1787292218000,1H_SLOPEMAX,True
2026-08-21 06:05:38,FARTCOINUSDT,1787292338000,1H_SLOPEMAX,True
2026-08-21 06:06:59,XLMUSDT,1787292419000,1H_SLOPEMAX,True
2026-08-21 06:10:25,WLDUSDT,1787292625000,CROSS,True
2026-08-21 06:11:59,ETHUSDT,1787292719000,CROSS,True
2026-08-21 06:12:00,DOGEUSDT,1787292720000,CROSS,True
2026-08-21 06:12:18,AAVEUSDT,1787292738000,CROSS,True
2026-08-21 06:13:52,AVAXUSDT,1787292832000,CROSS,True
2026-08-21 06:15:26,XRPUSDT,1787292926000,CROSS,True
2026-08-21 06:17:21,TAOUSDT,1787293041000,CROSS,True
2026-08-21 06:20:38,HYPEUSDT,1787293238000,1H_SLOPEMAX,True
2026-08-21 06:21:11,INJUSDT,1787293271000,1H_SLOPEMAX,True
2026-08-21 06:22:22,SOLUSDT,1787293342000,1H_SLOPEMAX,True
2026-08-21 06:24:30,PEOPLEUSDT,1787293470000,1H_SLOPEMAX,True
2026-08-21 06:27:34,BTCUSDT,1787293654000,1H_SLOPEMAX,True
2026-08-21 06:29:52,FETUSDT,1787293792000,1H_SLOPEMAX,True
2026-08-21 06:38:12,ADAUSDT,1787294292000,CROSS70,True
2026-08-21 06:43:24,LINKUSDT,1787294604000,1H_SLOPEMAX,True
2026-08-21 06:43:40,LTCUSDT,1787294620000,1H_SLOPEMAX,True
2026-08-21 06:43:42,1000SHIBUSDT,1787294622000,1H_SLOPEMAX,True
2026-08-21 06:50:37,CRVUSDT,1787295037000,1H_SLOPEMAX,True
2026-08-21 06:50:39,FARTCOINUSDT,1787295039000,1H_SLOPEMAX,True
2026-08-21 06:52:14,ASTERUSDT,1787295134000,1H_SLOPEMAX,True
2026-08-21 06:57:09,ETHUSDT,1787295429000,1H_SLOPEMAX,True
2026-08-21 07:01:11,XMRUSDT,1787295671000,1H_SLOPEMAX,True
2026-08-21 07:06:24,INJUSDT,1787295984000,1H_SLOPEMAX,False
2026-08-21 07:08:09,WIFUSDT,1787296089000,1H_SLOPEMAX,False
2026-08-21 07:11:05,SOLUSDT,1787296265000,CROSS70,False
2026-08-21 07:12:58,AVAXUSDT,1787296378000,CROSS70,False
2026-08-21 07:13:08,PENGUUSDT,1787296388000,CROSS70,False
2026-08-21 07:16:29,WLDUSDT,1787296589000,CROSS70,True
2026-08-21 07:16:30,TAOUSDT,1787296590000,CROSS70,True
2026-08-21 07:16:46,TUTUSDT,1787296606000,CROSS70,True
2026-08-21 07:18:05,HYPEUSDT,1787296685000,CROSS70,True
2026-08-21 07:18:21,HEMIUSDT,1787296701000,CROSS70,True
2026-08-21 07:18:21,AVAAIUSDT,1787296701000,CROSS70,True
2026-08-21 07:23:29,ADAUSDT,1787297009000,1H_SLOPEMAX,True
2026-08-21 07:23:40,AAVEUSDT,1787297020000,1H_SLOPEMAX,True
2026-08-21 07:25:06,XRPUSDT,1787297106000,CROSS70,True
2026-08-21 07:25:39,FETUSDT,1787297139000,CROSS70,True
2026-08-21 07:27:17,TRXUSDT,1787297237000,CROSS70,True
2026-08-21 07:32:23,XLMUSDT,1787297543000,CROSS70,True
2026-08-21 07:36:10,WLFIUSDT,1787297770000,ADX>40,True
2026-08-21 07:41:10,LITUSDT,1787298070000,ADX>40,True
2026-08-21 07:42:38,ETHUSDT,1787298158000,ADX>40,True
2026-08-21 07:50:09,CRVUSDT,1787298609000,ADX>40,True
2026-08-21 07:52:02,INJUSDT,1787298722000,ADX>40,True
2026-08-21 08:04:15,TUTUSDT,1787299455000,ADX>40,True
2026-08-21 08:05:34,HYPEUSDT,1787299534000,ADX>40,True
2026-08-21 08:10:51,SOLUSDT,1787299851000,ADX>40,True
2026-08-21 08:28:25,ETHUSDT,1787300905000,ADX>40,True
2026-08-21 08:30:28,LITUSDT,1787301028000,ADX>40,True
2026-08-21 08:30:36,PENGUUSDT,1787301036000,ADX>40,True
2026-08-21 08:35:54,CRVUSDT,1787301354000,ADX>40,True
2026-08-21 09:08:03,TUTUSDT,1787303283000,ADX>40,True
2026-08-21 09:36:43,PUMPUSDT,1787305003000,ADX>40,True
2026-08-21 09:42:11,ADAUSDT,1787305331000,ADX>40,True
2026-08-21 09:42:20,XLMUSDT,1787305340000,ADX>40,True
2026-08-21 09:47:30,SOLUSDT,1787305650000,ADX>40,True
2026-08-21 09:49:52,WLFIUSDT,1787305792000,ADX>40,True
2026-08-21 09:51:09,DOGEUSDT,1787305869000,ADX>40,True
2026-08-21 09:51:16,LINKUSDT,1787305876000,ADX>40,True
2026-08-21 09:51:16,BCHUSDT,1787305876000,ADX>40,True
2026-08-21 09:51:25,LITUSDT,1787305885000,ADX>40,True
2026-08-21 09:51:32,CRVUSDT,1787305892000,ADX>40,True
2026-08-21 09:51:33,1000SHIBUSDT,1787305893000,ADX>40,True
2026-08-21 09:51:40,FARTCOINUSDT,1787305900000,ADX>40,True
2026-08-21 09:51:41,XMRUSDT,1787305901000,ADX>40,True
2026-08-21 09:52:56,ETHUSDT,1787305976000,ADX>40,True
2026-08-21 09:53:05,AVAXUSDT,1787305985000,ADX>40,True
2026-08-21 09:53:14,ONDOUSDT,1787305994000,ADX>40,True
2026-08-21 09:55:09,PENGUUSDT,1787306109000,ADX>40,True
2026-08-21 09:55:11,ONTUSDT,1787306111000,ADX>40,True
2026-08-21 10:00:19,SUIUSDT,1787306419000,1H_SLOPEMAX,True
2026-08-21 10:00:21,NEIROUSDT,1787306421000,1H_SLOPEMAX,True
2026-08-21 10:00:26,TAOUSDT,1787306426000,1H_SLOPEMAX,True
2026-08-21 10:00:27,UNIUSDT,1787306427000,1H_SLOPEMAX,True
2026-08-21 10:05:56,LTCUSDT,1787306756000,1H_SLOPEMAX,True
2026-08-21 10:07:28,HYPEUSDT,1787306848000,1H_SLOPEMAX,True
2026-08-21 10:07:37,ASTERUSDT,1787306857000,1H_SLOPEMAX,True
2026-08-21 10:08:01,HBARUSDT,1787306881000,1H_SLOPEMAX,True
2026-08-21 10:24:06,PUMPUSDT,1787307846000,CROSS,True
2026-08-21 10:31:34,HEMIUSDT,1787308294000,DEADBAND5M,False
2026-08-21 10:36:52,BCHUSDT,1787308612000,DEADBAND5M,False
2026-08-21 10:38:42,AVAXUSDT,1787308722000,DEADBAND5M,False
2026-08-21 10:46:20,ORDIUSDT,1787309180000,DEADBAND5M,True
2026-08-21 10:51:33,NEARUSDT,1787309493000,DEADBAND5M,True
2026-08-21 10:53:21,SUIUSDT,1787309601000,DEADBAND5M,True
2026-08-21 10:53:23,ASTERUSDT,1787309603000,DEADBAND5M,True
2026-08-21 10:53:30,TAOUSDT,1787309610000,DEADBAND5M,True
2026-08-21 10:55:20,XLMUSDT,1787309720000,DEADBAND5M,True
2026-08-21 10:55:36,FARTCOINUSDT,1787309736000,DEADBAND5M,True
2026-08-21 10:59:01,ONDOUSDT,1787309941000,DEADBAND5M,True
2026-08-21 11:00:34,DOGEUSDT,1787310034000,DEADBAND5M,True
2026-08-21 11:00:51,LTCUSDT,1787310051000,DEADBAND5M,True
2026-08-21 11:02:24,ONGUSDT,1787310144000,DEADBAND5M,True
2026-08-21 11:02:49,1000SHIBUSDT,1787310169000,DEADBAND5M,True
2026-08-21 11:11:33,XRPUSDT,1787310693000,DEADBAND5M,False
2026-08-21 11:21:09,CRVUSDT,1787311269000,DEADBAND5M,False
2026-08-21 11:23:00,DOTUSDT,1787311380000,DEADBAND5M,False
2026-08-21 11:26:29,PEOPLEUSDT,1787311589000,DEADBAND5M,False
2026-08-21 11:41:14,HEMIUSDT,1787312474000,DEADBAND5M,False
2026-08-21 11:46:41,ASTERUSDT,1787312801000,DEADBAND5M,False
2026-08-21 12:21:17,PUMPUSDT,1787314877000,DEADBAND5M,False
2026-08-21 12:21:33,ONDOUSDT,1787314893000,DEADBAND5M,False
2026-08-21 12:21:41,DOTUSDT,1787314901000,DEADBAND5M,False
2026-08-21 12:21:47,GALAUSDT,1787314907000,DEADBAND5M,False
2026-08-21 12:33:08,1000SHIBUSDT,1787315588000,DEADBAND5M,False
2026-08-21 12:40:25,UNIUSDT,1787316025000,1H_SLOPEMAX,False
2026-08-21 12:40:26,XLMUSDT,1787316026000,1H_SLOPEMAX,False
2026-08-21 12:40:26,LTCUSDT,1787316026000,1H_SLOPEMAX,False
2026-08-21 12:42:06,LINKUSDT,1787316126000,1H_SLOPEMAX,False
