src,pair,t,pct,n,zone,D1,P200,H4,R30,R7,gap_d,day
yr5 block (bull ≥85),1000BONKUSDT,1787367791322,0.094,0.3333333333333333,,False,True,True,True,True,-8.71,2026-08-22
yr5 block (bull ≥85),1000BONKUSDT,1787368212839,2.945,0.6666666666666666,,False,True,True,True,True,-8.71,2026-08-22
yr5 block (bull ≥85),1000PEPEUSDT,1767662503627,-0.933,0.6666666666666666,,False,False,True,True,True,-9.0,2026-01-06
yr5 block (bull ≥85),1000PEPEUSDT,1769453972762,-0.76,0.6666666666666666,,False,False,False,False,False,-7.56,2026-01-26
yr5 block (bull ≥85),1000PEPEUSDT,1769594778443,0.392,1.0,,False,False,False,True,True,-7.58,2026-01-28
yr5 block (bull ≥85),1000PEPEUSDT,1774270146413,0.999,0.3333333333333333,,False,False,False,False,False,-16.8,2026-03-23
yr5 block (bull ≥85),1000PEPEUSDT,1774270221899,0.098,0.6666666666666666,,False,False,False,False,False,-16.8,2026-03-23
yr5 block (bull ≥85),1000PEPEUSDT,1778177862241,0.099,0.3333333333333333,,False,False,True,True,True,-8.85,2026-05-07
yr5 block (bull ≥85),1000PEPEUSDT,1789603677293,0.13,0.3333333333333333,,True,True,True,True,False,0.59,2026-09-17
yr5 block (bull ≥85),1000SHIBUSDT,1785284191631,-0.693,0.6666666666666666,,False,False,True,True,False,-11.47,2026-07-29
yr5 block (bull ≥85),AAVEUSDT,1769453984762,-0.692,0.3333333333333333,,False,False,False,False,False,-7.56,2026-01-26
yr5 block (bull ≥85),AAVEUSDT,1769454010751,-0.691,0.3333333333333333,,False,False,False,False,False,-7.56,2026-01-26
yr5 block (bull ≥85),ADAUSDT,1774270032985,0.37,0.3333333333333333,,False,False,False,False,False,-16.8,2026-03-23
yr5 block (bull ≥85),ADAUSDT,1788737221116,0.09,0.6666666666666666,,False,True,True,True,True,-1.68,2026-09-06
yr5 block (bull ≥85),ARBUSDT,1769454331193,-0.733,0.6666666666666666,,False,False,False,False,False,-7.56,2026-01-26
yr5 block (bull ≥85),ARBUSDT,1790655693405,-0.992,0.3333333333333333,,True,True,True,True,False,4.07,2026-09-29
yr5 block (bull ≥85),ASTERUSDT,1767629048126,-1.0,0.3333333333333333,,False,False,False,True,True,-9.16,2026-01-05
yr5 block (bull ≥85),ASTERUSDT,1767835533958,0.245,0.3333333333333333,,False,False,True,True,True,-8.79,2026-01-08
yr5 block (bull ≥85),ASTERUSDT,1767887754278,0.259,0.6666666666666666,,False,False,True,True,True,-8.79,2026-01-08
yr5 block (bull ≥85),ASTERUSDT,1768470561693,-0.702,0.3333333333333333,,False,False,True,True,True,-8.08,2026-01-15
yr5 block (bull ≥85),ASTERUSDT,1772651745859,-0.692,0.6666666666666666,,False,False,False,False,True,-17.56,2026-03-04
yr5 block (bull ≥85),ASTERUSDT,1773856002227,0.426,0.3333333333333333,,False,False,True,True,True,-16.95,2026-03-18
yr5 block (bull ≥85),ASTERUSDT,1773856204963,0.384,0.3333333333333333,,False,False,True,True,True,-16.95,2026-03-18
yr5 block (bull ≥85),ASTERUSDT,1788930447855,-0.697,0.6666666666666666,,False,True,True,True,True,-0.72,2026-09-09
yr5 block (bull ≥85),AVAXUSDT,1767639622602,0.099,0.3333333333333333,,False,False,False,True,True,-9.16,2026-01-05
yr5 block (bull ≥85),AVAXUSDT,1769454455695,-0.693,0.3333333333333333,,False,False,False,False,False,-7.56,2026-01-26
yr5 block (bull ≥85),AVAXUSDT,1778177868241,-0.699,0.6666666666666666,,False,False,True,True,True,-8.85,2026-05-07
yr5 block (bull ≥85),AVAXUSDT,1783348026593,0.189,0.6666666666666666,,False,False,False,True,True,-13.07,2026-07-06
yr5 block (bull ≥85),AVAXUSDT,1783531595031,0.158,0.6666666666666666,,False,False,False,True,True,-13.02,2026-07-08
yr5 block (bull ≥85),AVAXUSDT,1790535679560,0.118,0.3333333333333333,,True,True,True,True,True,3.6,2026-09-27
yr5 block (bull ≥85),AVNTUSDT,1769454479695,0.234,0.6666666666666666,,False,False,False,False,False,-7.56,2026-01-26
yr5 block (bull ≥85),BBUSDT,1787366026232,0.091,0.3333333333333333,,False,True,True,True,True,-8.71,2026-08-22
yr5 block (bull ≥85),BCHUSDT,1787369240743,0.097,0.6666666666666666,,False,True,True,True,True,-8.71,2026-08-22
yr5 block (bull ≥85),BCHUSDT,1788658960532,0.323,1.0,,False,True,True,True,True,-1.68,2026-09-06
yr5 block (bull ≥85),BCHUSDT,1790595338770,0.783,0.6666666666666666,,True,True,True,True,True,3.86,2026-09-28
yr5 block (bull ≥85),BERAUSDT,1768546168052,0.377,0.3333333333333333,,False,False,True,True,True,-7.9,2026-01-16
yr5 block (bull ≥85),COSUSDT,1773084831418,-1.245,0.6666666666666666,,False,False,False,False,True,-17.75,2026-03-09
yr5 block (bull ≥85),DASHUSDT,1787474299563,0.084,1.0,,False,True,True,True,True,-8.14,2026-08-23
yr5 block (bull ≥85),DASHUSDT,1787712523005,-0.71,1.0,,False,True,True,True,True,-6.42,2026-08-26
yr5 block (bull ≥85),DASHUSDT,1790666863765,0.735,0.6666666666666666,,True,True,True,True,False,4.07,2026-09-29
yr5 block (bull ≥85),DOGEUSDT,1774270026985,0.993,0.3333333333333333,,False,False,False,False,False,-16.8,2026-03-23
yr5 block (bull ≥85),DOGEUSDT,1774270215899,0.994,0.6666666666666666,,False,False,False,False,False,-16.8,2026-03-23
yr5 block (bull ≥85),DOGEUSDT,1787712517005,-0.7,0.3333333333333333,,False,True,True,True,True,-6.42,2026-08-26
yr5 block (bull ≥85),DOGEUSDT,1790663836450,0.154,1.0,,True,True,True,True,False,4.07,2026-09-29
yr5 block (bull ≥85),DOGEUSDT,1790707674676,-0.696,0.6666666666666666,,True,True,True,True,False,4.07,2026-09-29
yr5 block (bull ≥85),DOTUSDT,1767885675591,0.334,0.6666666666666666,,False,False,True,True,True,-8.79,2026-01-08
yr5 block (bull ≥85),DOTUSDT,1769454313193,-0.728,0.3333333333333333,,False,False,False,False,False,-7.56,2026-01-26
yr5 block (bull ≥85),DOTUSDT,1783348108885,0.026,0.3333333333333333,,False,False,False,True,True,-13.07,2026-07-06
yr5 block (bull ≥85),DOTUSDT,1783348386946,0.026,0.3333333333333333,,False,False,False,True,True,-13.07,2026-07-06
yr5 block (bull ≥85),DOTUSDT,1788927995500,0.1,0.6666666666666666,,False,True,True,True,True,-0.72,2026-09-09
yr5 block (bull ≥85),DOTUSDT,1789655034158,-0.772,0.6666666666666666,,True,True,True,True,False,0.59,2026-09-17
yr5 block (bull ≥85),DOTUSDT,1789655119243,-0.736,0.3333333333333333,,True,True,True,True,False,0.59,2026-09-17
yr5 block (bull ≥85),EDENUSDT,1779770350206,0.099,0.6666666666666666,,False,False,False,False,True,-5.91,2026-05-26
yr5 block (bull ≥85),ENAUSDT,1767835527958,-0.718,0.3333333333333333,,False,False,True,True,True,-8.79,2026-01-08
yr5 block (bull ≥85),ENAUSDT,1777510610281,0.303,0.6666666666666666,,False,False,True,True,False,-10.79,2026-04-30
yr5 block (bull ≥85),ENAUSDT,1778866726240,-0.88,0.3333333333333333,,False,False,True,True,True,-6.8,2026-05-15
yr5 block (bull ≥85),ENJUSDT,1773857572770,0.077,0.3333333333333333,,False,False,True,True,True,-16.95,2026-03-18
yr5 block (bull ≥85),FARTCOINUSDT,1767636944180,0.087,0.3333333333333333,,False,False,False,True,True,-9.16,2026-01-05
yr5 block (bull ≥85),FARTCOINUSDT,1769453978762,0.082,0.3333333333333333,,False,False,False,False,False,-7.56,2026-01-26
yr5 block (bull ≥85),FARTCOINUSDT,1769454004751,-1.017,0.3333333333333333,,False,False,False,False,False,-7.56,2026-01-26
yr5 block (bull ≥85),FARTCOINUSDT,1787915718792,-1.01,0.6666666666666666,,False,True,True,True,True,-5.3,2026-08-28
yr5 block (bull ≥85),FETUSDT,1767835557958,-0.705,0.6666666666666666,,False,False,True,True,True,-8.79,2026-01-08
yr5 block (bull ≥85),FETUSDT,1783348120885,0.97,0.6666666666666666,,False,False,False,True,True,-13.07,2026-07-06
yr5 block (bull ≥85),FETUSDT,1783348398946,0.086,0.3333333333333333,,False,False,False,True,True,-13.07,2026-07-06
yr5 block (bull ≥85),FIDAUSDT,1779770356206,0.998,0.6666666666666666,,False,False,False,False,True,-5.91,2026-05-26
yr5 block (bull ≥85),FORMUSDT,1790119049777,-0.881,1.0,,True,True,True,True,True,1.98,2026-09-22
yr5 block (bull ≥85),GIGGLEUSDT,1767835545958,0.192,0.3333333333333333,,False,False,True,True,True,-8.79,2026-01-08
yr5 block (bull ≥85),HBARUSDT,1783076172249,0.301,1.0,,False,False,False,False,True,-13.06,2026-07-03
yr5 block (bull ≥85),HUMAUSDT,1772997920099,0.099,0.3333333333333333,,False,False,False,True,True,-17.62,2026-03-08
yr5 block (bull ≥85),HYPEUSDT,1787706605661,0.166,0.3333333333333333,,False,True,True,True,True,-6.42,2026-08-26
yr5 block (bull ≥85),HYPEUSDT,1790615754239,-0.709,0.3333333333333333,,True,True,True,True,True,3.86,2026-09-28
yr5 block (bull ≥85),ICPUSDT,1767730667324,0.725,0.6666666666666666,,False,False,True,True,True,-9.0,2026-01-06
yr5 block (bull ≥85),ICPUSDT,1778522814964,-0.998,0.3333333333333333,,False,True,True,True,True,-7.74,2026-05-11
yr5 block (bull ≥85),INJUSDT,1779133665296,0.079,0.3333333333333333,,False,False,True,True,False,-6.44,2026-05-18
yr5 block (bull ≥85),KAITOUSDT,1784107639911,0.405,0.3333333333333333,,False,False,False,False,True,-12.77,2026-07-15
yr5 block (bull ≥85),LAUSDT,1785362924150,0.082,1.0,,False,False,True,True,False,-11.47,2026-07-29
yr5 block (bull ≥85),LDOUSDT,1783679420720,0.558,0.3333333333333333,,False,False,False,True,True,-13.02,2026-07-10
yr5 block (bull ≥85),LINKUSDT,1767887894645,-0.744,0.3333333333333333,,False,False,True,True,True,-8.79,2026-01-08
yr5 block (bull ≥85),LINKUSDT,1774269888586,0.993,0.3333333333333333,,False,False,False,False,False,-16.8,2026-03-23
yr5 block (bull ≥85),LINKUSDT,1774270038985,0.993,0.3333333333333333,,False,False,False,False,False,-16.8,2026-03-23
yr5 block (bull ≥85),LINKUSDT,1774270233899,0.993,0.3333333333333333,,False,False,False,False,False,-16.8,2026-03-23
yr5 block (bull ≥85),LINKUSDT,1774289246887,0.097,0.3333333333333333,,False,False,False,False,False,-16.8,2026-03-23
yr5 block (bull ≥85),LITUSDT,1783042901987,0.098,0.3333333333333333,,False,False,False,False,True,-13.06,2026-07-03
yr5 block (bull ≥85),LITUSDT,1789758962887,1.302,0.3333333333333333,,True,True,True,True,False,0.7,2026-09-18
yr5 block (bull ≥85),LITUSDT,1790597142475,-0.994,0.3333333333333333,,True,True,True,True,True,3.86,2026-09-28
yr5 block (bull ≥85),LITUSDT,1790668686008,0.285,0.3333333333333333,,True,True,True,True,False,4.07,2026-09-29
yr5 block (bull ≥85),LTCUSDT,1767888229278,0.095,0.3333333333333333,,False,False,True,True,True,-8.79,2026-01-08
yr5 block (bull ≥85),LTCUSDT,1774270346287,0.506,1.0,,False,False,False,False,False,-16.8,2026-03-23
yr5 block (bull ≥85),NEARUSDT,1769454325193,-0.702,0.6666666666666666,,False,False,False,False,False,-7.56,2026-01-26
yr5 block (bull ≥85),NEARUSDT,1787915725256,0.07,0.3333333333333333,,False,True,True,True,True,-5.3,2026-08-28
yr5 block (bull ≥85),NEARUSDT,1790666204338,1.195,0.6666666666666666,,True,True,True,True,False,4.07,2026-09-29
yr5 block (bull ≥85),NEARUSDT,1790666857765,0.079,0.3333333333333333,,True,True,True,True,False,4.07,2026-09-29
yr5 block (bull ≥85),ONDOUSDT,1783348102885,0.575,0.6666666666666666,,False,False,False,True,True,-13.07,2026-07-06
yr5 block (bull ≥85),ONDOUSDT,1783348380946,0.606,0.3333333333333333,,False,False,False,True,True,-13.07,2026-07-06
yr5 block (bull ≥85),ONDOUSDT,1787474364687,0.077,1.0,,False,True,True,True,True,-8.14,2026-08-23
yr5 block (bull ≥85),ONDOUSDT,1788541163655,-0.708,0.6666666666666666,,False,True,True,True,True,-2.44,2026-09-04
yr5 block (bull ≥85),ONDOUSDT,1790535753401,0.091,0.3333333333333333,,True,True,True,True,True,3.6,2026-09-27
yr5 block (bull ≥85),ONGUSDT,1787474033916,0.095,1.0,,False,True,True,True,True,-8.14,2026-08-23
yr5 block (bull ≥85),OPUSDT,1789605119293,-0.748,0.3333333333333333,,True,True,True,True,False,0.59,2026-09-17
yr5 block (bull ≥85),ORCAUSDT,1778178651859,-0.909,0.3333333333333333,,False,False,True,True,True,-8.85,2026-05-07
yr5 block (bull ≥85),PENGUUSDT,1773205044867,-0.704,0.3333333333333333,,False,False,False,False,True,-17.75,2026-03-11
yr5 block (bull ≥85),PENGUUSDT,1788928878319,0.094,1.0,,False,True,True,True,True,-0.72,2026-09-09
yr5 block (bull ≥85),PLAYUSDT,1768280453531,0.088,0.3333333333333333,,False,False,True,True,False,-8.51,2026-01-13
yr5 block (bull ≥85),PUMPUSDT,1767835539958,-0.808,0.6666666666666666,,False,False,True,True,True,-8.79,2026-01-08
yr5 block (bull ≥85),PUMPUSDT,1768280702092,0.973,0.3333333333333333,,False,False,True,True,False,-8.51,2026-01-13
yr5 block (bull ≥85),PUMPUSDT,1783348090885,0.098,0.6666666666666666,,False,False,False,True,True,-13.07,2026-07-06
yr5 block (bull ≥85),PUMPUSDT,1783531589477,0.645,0.6666666666666666,,False,False,False,True,True,-13.02,2026-07-08
yr5 block (bull ≥85),PUMPUSDT,1788928554518,0.088,0.3333333333333333,,False,True,True,True,True,-0.72,2026-09-09
yr5 block (bull ≥85),PUMPUSDT,1790135514345,-0.699,0.6666666666666666,,True,True,True,True,True,2.4,2026-09-23
yr5 block (bull ≥85),RENDERUSDT,1767730770678,0.157,0.3333333333333333,,False,False,True,True,True,-9.0,2026-01-06
yr5 block (bull ≥85),REZUSDT,1789101327317,0.073,0.3333333333333333,,False,True,True,True,False,-0.31,2026-09-11
yr5 block (bull ≥85),SAHARAUSDT,1773857175534,-1.221,1.0,,False,False,True,True,True,-16.95,2026-03-18
yr5 block (bull ≥85),SOLUSDT,1772782573250,-0.7,0.3333333333333333,,False,False,False,False,True,-17.46,2026-03-06
yr5 block (bull ≥85),SOLUSDT,1783348020593,1.785,0.6666666666666666,,False,False,False,True,True,-13.07,2026-07-06
yr5 block (bull ≥85),STXUSDT,1787475257968,0.091,0.3333333333333333,,False,True,True,True,True,-8.14,2026-08-23
yr5 block (bull ≥85),STXUSDT,1787476236823,0.089,0.6666666666666666,,False,True,True,True,True,-8.14,2026-08-23
yr5 block (bull ≥85),SUIUSDT,1769594885650,-0.697,0.6666666666666666,,False,False,False,True,True,-7.58,2026-01-28
yr5 block (bull ≥85),SUIUSDT,1790707764387,0.407,0.3333333333333333,,True,True,True,True,False,4.07,2026-09-29
yr5 block (bull ≥85),TAOUSDT,1767627487465,0.319,0.6666666666666666,,False,False,False,True,True,-9.16,2026-01-05
yr5 block (bull ≥85),TAOUSDT,1772702386979,0.61,0.3333333333333333,,False,False,False,False,True,-17.48,2026-03-05
yr5 block (bull ≥85),TAOUSDT,1774292794132,0.099,0.6666666666666666,,False,False,False,False,False,-16.8,2026-03-23
yr5 block (bull ≥85),TAOUSDT,1776354125499,-1.038,0.3333333333333333,,False,False,True,False,True,-14.6,2026-04-16
yr5 block (bull ≥85),TAOUSDT,1783531583477,-0.69,0.3333333333333333,,False,False,False,True,True,-13.02,2026-07-08
yr5 block (bull ≥85),UNIUSDT,1767887760278,0.093,0.6666666666666666,,False,False,True,True,True,-8.79,2026-01-08
yr5 block (bull ≥85),UNIUSDT,1774270170413,0.077,0.3333333333333333,,False,False,False,False,False,-16.8,2026-03-23
yr5 block (bull ≥85),UNIUSDT,1783348114885,0.324,0.6666666666666666,,False,False,False,True,True,-13.07,2026-07-06
yr5 block (bull ≥85),UNIUSDT,1783348392946,0.292,0.3333333333333333,,False,False,False,True,True,-13.07,2026-07-06
yr5 block (bull ≥85),UNIUSDT,1787476153290,0.993,0.6666666666666666,,False,True,True,True,True,-8.14,2026-08-23
yr5 block (bull ≥85),VIRTUALUSDT,1790662754400,0.094,0.3333333333333333,,True,True,True,True,False,4.07,2026-09-29
yr5 block (bull ≥85),WALUSDT,1767975305181,-1.023,0.6666666666666666,,False,False,True,False,True,-8.73,2026-01-09
yr5 block (bull ≥85),WIFUSDT,1778522766095,0.427,1.0,,False,True,True,True,True,-7.74,2026-05-11
yr5 block (bull ≥85),WLDUSDT,1787476684690,0.094,1.0,,False,True,True,True,True,-8.14,2026-08-23
yr5 block (bull ≥85),WLFIUSDT,1774270907530,0.929,0.3333333333333333,,False,False,False,False,False,-16.8,2026-03-23
yr5 block (bull ≥85),WLFIUSDT,1787474581478,0.598,1.0,,False,True,True,True,True,-8.14,2026-08-23
yr5 block (bull ≥85),XAIUSDT,1768707719059,-1.009,0.3333333333333333,,False,False,True,True,True,-7.56,2026-01-18
yr5 block (bull ≥85),XLMUSDT,1767663112897,-1.051,0.6666666666666666,,False,False,True,True,True,-9.0,2026-01-06
yr5 block (bull ≥85),XLMUSDT,1767835551958,-0.693,0.3333333333333333,,False,False,True,True,True,-8.79,2026-01-08
yr5 block (bull ≥85),XLMUSDT,1787477016623,0.097,1.0,,False,True,True,True,True,-8.14,2026-08-23
yr5 block (bull ≥85),XLMUSDT,1790670645136,-0.897,0.3333333333333333,,True,True,True,True,False,4.07,2026-09-29
yr5 block (bull ≥85),XMRUSDT,1788928001500,0.115,0.3333333333333333,,False,True,True,True,True,-0.72,2026-09-09
yr5 block (bull ≥85),XPLUSDT,1787787855065,-0.694,0.3333333333333333,,False,True,True,True,True,-6.42,2026-08-26
yr5 block (bull ≥85),XRPUSDT,1774270325841,0.998,1.0,,False,False,False,False,False,-16.8,2026-03-23
yr5 block (bull ≥85),XRPUSDT,1776354038327,0.1,0.6666666666666666,,False,False,True,False,True,-14.6,2026-04-16
yr5 block (bull ≥85),XRPUSDT,1787476147290,-0.834,0.6666666666666666,,False,True,True,True,True,-8.14,2026-08-23
yr5 block (bull ≥85),XRPUSDT,1789603661564,0.095,1.0,,True,True,True,True,False,0.59,2026-09-17
yr5 block (bull ≥85),XRPUSDT,1790665411143,0.242,0.3333333333333333,,True,True,True,True,False,4.07,2026-09-29
yr5 block (bull ≥85),XRPUSDT,1790665519670,0.222,0.3333333333333333,,True,True,True,True,False,4.07,2026-09-29
yr5 block (bull ≥85),XRPUSDT,1790666045291,0.249,0.3333333333333333,,True,True,True,True,False,4.07,2026-09-29
yr5 block (bull ≥85),ZECUSDT,1768314467344,-0.99,0.6666666666666666,,False,False,True,True,False,-8.51,2026-01-13
yr5 block (bull ≥85),ZECUSDT,1768314640522,-0.732,0.3333333333333333,,False,False,True,True,False,-8.51,2026-01-13
yr5 block (bull ≥85),ZECUSDT,1769454307193,-0.912,0.3333333333333333,,False,False,False,False,False,-7.56,2026-01-26
yr5 block (bull ≥85),ZECUSDT,1774456925272,-0.692,0.3333333333333333,,False,False,False,True,False,-16.63,2026-03-25
yr5 block (bull ≥85),ZECUSDT,1778866147889,0.099,1.0,,False,False,True,True,True,-6.8,2026-05-15
yr5 fill (bull 80–85 ∧ BTC hot),SEIUSDT,1767710081000,-0.7254516462156047,0.3333333333333333,,False,False,True,True,True,-9.0,2026-01-06
yr5 fill (bull 80–85 ∧ BTC hot),XPLUSDT,1769045177000,-0.755349747920277,0.3333333333333333,,False,False,True,True,False,-7.44,2026-01-22
yr5 fill (bull 80–85 ∧ BTC hot),FARTCOINUSDT,1769106204000,-1.008128188713165,0.3333333333333333,,False,False,True,True,False,-7.44,2026-01-22
yr5 fill (bull 80–85 ∧ BTC hot),HUMAUSDT,1772998223000,0.0990786157494643,0.3333333333333333,,False,False,False,True,True,-17.62,2026-03-08
yr5 fill (bull 80–85 ∧ BTC hot),FLOWUSDT,1773301410000,0.0982201720273153,0.3333333333333333,,False,False,False,True,False,-17.71,2026-03-12
yr5 fill (bull 80–85 ∧ BTC hot),WLDUSDT,1773396528000,1.3162518448119962,0.3333333333333333,,False,False,False,True,False,-17.65,2026-03-13
yr5 fill (bull 80–85 ∧ BTC hot),ORCAUSDT,1772783188000,-0.7776932727542893,0.3333333333333333,,False,False,False,False,True,-17.46,2026-03-06
yr5 fill (bull 80–85 ∧ BTC hot),PUMPUSDT,1772963202000,0.5396426049533041,0.3333333333333333,,False,False,False,True,True,-17.62,2026-03-08
yr5 fill (bull 80–85 ∧ BTC hot),FLOWUSDT,1773301476000,0.0887174903812178,0.3333333333333333,,False,False,False,True,False,-17.71,2026-03-12
yr5 fill (bull 80–85 ∧ BTC hot),FETUSDT,1773395940000,0.0464179747185546,0.3333333333333333,,False,False,False,True,False,-17.65,2026-03-13
yr5 fill (bull 80–85 ∧ BTC hot),BARDUSDT,1775626488000,0.4074423846492549,0.3333333333333333,,False,False,False,True,True,-16.3,2026-04-08
yr5 fill (bull 80–85 ∧ BTC hot),PUMPUSDT,1775626496000,-0.7234956201392088,0.3333333333333333,,False,False,False,True,True,-16.3,2026-04-08
yr5 fill (bull 80–85 ∧ BTC hot),ENAUSDT,1776108197000,0.0971217586779114,0.3333333333333333,,False,False,True,False,True,-15.38,2026-04-13
yr5 fill (bull 80–85 ∧ BTC hot),ENAUSDT,1776108209000,0.0967527258730805,0.3333333333333333,,False,False,True,False,True,-15.38,2026-04-13
yr5 fill (bull 80–85 ∧ BTC hot),ENAUSDT,1776108135000,0.0930950243435711,0.3333333333333333,,False,False,True,False,True,-15.38,2026-04-13
yr5 fill (bull 80–85 ∧ BTC hot),WLFIUSDT,1777509659000,0.9003857583485443,0.3333333333333333,,False,False,True,True,False,-10.79,2026-04-30
yr5 fill (bull 80–85 ∧ BTC hot),HYPEUSDT,1778521826000,0.2112082478071856,0.3333333333333333,,False,True,True,True,True,-7.74,2026-05-11
yr5 fill (bull 80–85 ∧ BTC hot),XMRUSDT,1778763296000,0.2004873262675643,0.3333333333333333,,False,False,True,True,False,-7.04,2026-05-14
yr5 fill (bull 80–85 ∧ BTC hot),XMRUSDT,1778763291000,0.2004873262675643,0.3333333333333333,,False,False,True,True,False,-7.04,2026-05-14
yr5 fill (bull 80–85 ∧ BTC hot),XMRUSDT,1778763308000,0.180402428487374,0.3333333333333333,,False,False,True,True,False,-7.04,2026-05-14
yr5 fill (bull 80–85 ∧ BTC hot),PYTHUSDT,1783408165000,-0.8222645986900226,0.3333333333333333,,False,False,False,True,True,-13.03,2026-07-07
yr5 fill (bull 80–85 ∧ BTC hot),ENAUSDT,1783988765000,0.2673431822846874,0.3333333333333333,,False,False,False,False,False,-12.88,2026-07-14
yr5 fill (bull 80–85 ∧ BTC hot),PYTHUSDT,1783408018000,-0.7807278661420036,0.3333333333333333,,False,False,False,True,True,-13.03,2026-07-07
yr5 fill (bull 80–85 ∧ BTC hot),ENAUSDT,1783988765000,0.2800923995720311,0.3333333333333333,,False,False,False,False,False,-12.88,2026-07-14
yr5 fill (bull 80–85 ∧ BTC hot),1000BONKUSDT,1784729323000,-0.7684252363430417,0.3333333333333333,,False,False,True,True,True,-12.07,2026-07-22
yr5 fill (bull 80–85 ∧ BTC hot),OPUSDT,1785253065000,0.0233211354718244,0.3333333333333333,,False,False,True,True,False,-11.52,2026-07-28
yr5 fill (bull 80–85 ∧ BTC hot),UNIUSDT,1785254292000,-0.8309001280409795,0.3333333333333333,,False,False,True,True,False,-11.52,2026-07-28
yr5 fill (bull 80–85 ∧ BTC hot),UNIUSDT,1785254137000,-0.8309001280409795,0.3333333333333333,,False,False,True,True,False,-11.52,2026-07-28
yr5 fill (bull 80–85 ∧ BTC hot),PENGUUSDT,1787240092000,0.09252586451173,0.3333333333333333,,False,False,True,True,True,-9.8,2026-08-20
yr5 fill (bull 80–85 ∧ BTC hot),GRASSUSDT,1787555822000,0.0990851701014762,0.3333333333333333,,False,True,True,True,True,-7.56,2026-08-24
yr5 fill (bull 80–85 ∧ BTC hot),STXUSDT,1787555932000,0.2793134189282777,0.3333333333333333,,False,True,True,True,True,-7.56,2026-08-24
yr5 fill (bull 80–85 ∧ BTC hot),WLDUSDT,1787916070000,-0.7107612017569017,0.3333333333333333,,False,True,True,True,True,-5.3,2026-08-28
yr5 fill (bull 80–85 ∧ BTC hot),FARTCOINUSDT,1787916403000,-1.0101295032874242,0.3333333333333333,,False,True,True,True,True,-5.3,2026-08-28
yr5 fill (bull 80–85 ∧ BTC hot),BEAMXUSDT,1787916429000,-0.8026901308444573,0.3333333333333333,,False,True,True,True,True,-5.3,2026-08-28
yr5 fill (bull 80–85 ∧ BTC hot),STXUSDT,1787556001000,0.2793134189282777,0.3333333333333333,,False,True,True,True,True,-7.56,2026-08-24
yr5 fill (bull 80–85 ∧ BTC hot),GRASSUSDT,1787556009000,0.0991325579402428,0.3333333333333333,,False,True,True,True,True,-7.56,2026-08-24
yr5 fill (bull 80–85 ∧ BTC hot),NEARUSDT,1787915820000,0.1236904550889367,0.3333333333333333,,False,True,True,True,True,-5.3,2026-08-28
yr5 fill (bull 80–85 ∧ BTC hot),GRASSUSDT,1787555799000,0.0988254941814362,0.3333333333333333,,False,True,True,True,True,-7.56,2026-08-24
yr5 fill (bull 80–85 ∧ BTC hot),STXUSDT,1787555913000,0.236396297225691,0.3333333333333333,,False,True,True,True,True,-7.56,2026-08-24
yr5 fill (bull 80–85 ∧ BTC hot),WLDUSDT,1787916070000,-0.7107612017569017,0.3333333333333333,,False,True,True,True,True,-5.3,2026-08-28
yr5 fill (bull 80–85 ∧ BTC hot),BEAMXUSDT,1787916414000,-0.8022669149594378,0.3333333333333333,,False,True,True,True,True,-5.3,2026-08-28
yr5 fill (bull 80–85 ∧ BTC hot),ENAUSDT,1788241928000,0.0948754977844141,0.3333333333333333,,False,True,True,True,False,-3.59,2026-09-01
yr5 fill (bull 80–85 ∧ BTC hot),SUIUSDT,1788242498000,-0.7022559994540417,0.3333333333333333,,False,True,True,True,False,-3.59,2026-09-01
yr5 fill (bull 80–85 ∧ BTC hot),ONGUSDT,1788356935000,0.5058934056912401,0.3333333333333333,,False,True,True,True,False,-3.24,2026-09-02
yr5 fill (bull 80–85 ∧ BTC hot),ENAUSDT,1788879112000,0.0978550706320514,0.3333333333333333,,False,True,True,True,True,-0.99,2026-09-08
yr5 fill (bull 80–85 ∧ BTC hot),ASTERUSDT,1788930807000,-0.6961247068628191,0.3333333333333333,,False,True,True,True,True,-0.72,2026-09-09
yr5 fill (bull 80–85 ∧ BTC hot),XLMUSDT,1789418134000,0.1007316411622138,0.3333333333333333,,True,True,True,True,False,0.21,2026-09-14
yr5 fill (bull 80–85 ∧ BTC hot),ONGUSDT,1788356906000,0.5360144284855826,0.3333333333333333,,False,True,True,True,False,-3.24,2026-09-02
yr5 fill (bull 80–85 ∧ BTC hot),LITUSDT,1788419399000,0.3194607412433431,0.3333333333333333,,False,True,True,True,False,-2.91,2026-09-03
yr5 fill (bull 80–85 ∧ BTC hot),OPUSDT,1788419407000,-0.7094990460439045,0.3333333333333333,,False,True,True,True,False,-2.91,2026-09-03
yr5 fill (bull 80–85 ∧ BTC hot),ENAUSDT,1788879062000,0.095574655151856,0.3333333333333333,,False,True,True,True,True,-0.99,2026-09-08
yr5 fill (bull 80–85 ∧ BTC hot),ASTERUSDT,1788930806000,0.7817284284375213,0.3333333333333333,,False,True,True,True,True,-0.72,2026-09-09
yr5 fill (bull 80–85 ∧ BTC hot),ENAUSDT,1788241916000,0.09494453920173,0.3333333333333333,,False,True,True,True,False,-3.59,2026-09-01
yr5 fill (bull 80–85 ∧ BTC hot),ASTERUSDT,1788930783000,-0.6960468425865263,0.3333333333333333,,False,True,True,True,True,-0.72,2026-09-09
yr5 fill (bull 80–85 ∧ BTC hot),RAYSOLUSDT,1788955016000,0.097206214857907,0.3333333333333333,,False,True,True,True,True,-0.72,2026-09-09
yr5 fill (bull 80–85 ∧ BTC hot),DOGEUSDT,1790664105000,0.1489514444012869,0.3333333333333333,,True,True,True,True,False,4.07,2026-09-29
yr5 fill (bull 80–85 ∧ BTC hot),ARBUSDT,1790664131000,0.0993437275247625,0.3333333333333333,,True,True,True,True,False,4.07,2026-09-29
yr5 fill (bull 80–85 ∧ BTC hot),DOGEUSDT,1790707738000,-0.6953443961891216,0.3333333333333333,,True,True,True,True,False,4.07,2026-09-29
yr5 fill (bull 80–85 ∧ BTC hot),SUIUSDT,1790707747000,0.2765063593204365,0.3333333333333333,,True,True,True,True,False,4.07,2026-09-29
yr5 fill (bull 80–85 ∧ BTC hot),DOGEUSDT,1790664084000,0.1489514444012869,0.3333333333333333,,True,True,True,True,False,4.07,2026-09-29
yr5 fill (bull 80–85 ∧ BTC hot),PENGUUSDT,1790664551000,0.0911589833213823,0.3333333333333333,,True,True,True,True,False,4.07,2026-09-29
yr5 fill (bull 80–85 ∧ BTC hot),ARBUSDT,1790708789000,-0.8356474915877073,0.3333333333333333,,True,True,True,True,False,4.07,2026-09-29
yr5 fill (bull 80–85 ∧ BTC hot),BCHUSDT,1790708815000,0.4353775556529209,0.3333333333333333,,True,True,True,True,False,4.07,2026-09-29
yr5 fill (bull 80–85 ∧ BTC hot),DOGEUSDT,1790664058000,0.1489514444012869,0.3333333333333333,,True,True,True,True,False,4.07,2026-09-29
yr5 fill (bull 80–85 ∧ BTC hot),PENGUUSDT,1790664493000,0.1288504373660355,0.3333333333333333,,True,True,True,True,False,4.07,2026-09-29
yr5 fill (bull 80–85 ∧ BTC hot),ICPUSDT,1790708481000,0.0864962312954906,0.3333333333333333,,True,True,True,True,False,4.07,2026-09-29
yr5 fill (bull 80–85 ∧ BTC hot),SUIUSDT,1790708710000,0.092113982113436,0.3333333333333333,,True,True,True,True,False,4.07,2026-09-29
yr5 fill (bull 80–85 ∧ BTC hot),DOGEUSDT,1790946359000,-0.69991734409652,0.3333333333333333,,True,True,True,True,True,4.69,2026-10-02
master (bull ≥85 or 80–85 hot),TAOUSDT,1782424541000,0.4167614229918641,1.0,80–85 hot,False,False,False,False,False,-11.56,2026-06-25
master (bull ≥85 or 80–85 hot),AAVEUSDT,1782872809000,0.8801005199306797,1.0,≥85,False,False,False,False,False,-12.82,2026-07-01
master (bull ≥85 or 80–85 hot),LAUSDT,1785362902000,0.2732641545524152,1.0,≥85,False,False,True,True,False,-11.47,2026-07-29
master (bull ≥85 or 80–85 hot),1000BONKUSDT,1784729348000,-0.7363304235370067,1.0,80–85 hot,False,False,True,True,True,-12.07,2026-07-22
master (bull ≥85 or 80–85 hot),STXUSDT,1787555985000,0.2793116438356143,1.0,80–85 hot,False,True,True,True,True,-7.56,2026-08-24
master (bull ≥85 or 80–85 hot),PENGUUSDT,1787475750000,-0.8104829408937926,1.0,≥85,False,True,True,True,True,-8.14,2026-08-23
master (bull ≥85 or 80–85 hot),ONDOUSDT,1787475730000,0.0760841872057726,1.0,≥85,False,True,True,True,True,-8.14,2026-08-23
master (bull ≥85 or 80–85 hot),DOTUSDT,1787473121000,0.099266540432159,1.0,≥85,False,True,True,True,True,-8.14,2026-08-23
master (bull ≥85 or 80–85 hot),WLDUSDT,1787473100000,0.0943702239789139,1.0,≥85,False,True,True,True,True,-8.14,2026-08-23
master (bull ≥85 or 80–85 hot),ADAUSDT,1787473080000,0.0920673952641217,1.0,≥85,False,True,True,True,True,-8.14,2026-08-23
master (bull ≥85 or 80–85 hot),HYPEUSDT,1787469457000,0.1666008096754919,1.0,≥85,False,True,True,True,True,-8.14,2026-08-23
master (bull ≥85 or 80–85 hot),1000SHIBUSDT,1787401296000,-0.8834367670936273,1.0,≥85,False,True,True,True,True,-8.71,2026-08-22
master (bull ≥85 or 80–85 hot),BBUSDT,1787367476000,0.0896136567834764,1.0,≥85,False,True,True,True,True,-8.71,2026-08-22
master (bull ≥85 or 80–85 hot),1000SHIBUSDT,1787636454000,-0.9206072491682642,1.0,≥85,False,True,True,True,True,-6.97,2026-08-25
master (bull ≥85 or 80–85 hot),DOTUSDT,1789655063000,-0.7339408653846085,1.0,≥85,True,True,True,True,False,0.59,2026-09-17
master (bull ≥85 or 80–85 hot),OPUSDT,1789605208000,-0.7151746064838979,1.0,≥85,True,True,True,True,False,0.59,2026-09-17
master (bull ≥85 or 80–85 hot),DASHUSDT,1790134674000,-0.7363612721290924,1.0,≥85,True,True,True,True,True,2.4,2026-09-23
master (bull ≥85 or 80–85 hot),1000PEPEUSDT,1790134672000,0.4217950362237847,1.0,≥85,True,True,True,True,True,2.4,2026-09-23
master (bull ≥85 or 80–85 hot),FORMUSDT,1790119058000,-0.8797835018963344,1.0,≥85,True,True,True,True,True,1.98,2026-09-22
master (bull ≥85 or 80–85 hot),PENGUUSDT,1790664571000,0.1074989339019231,1.0,80–85 hot,True,True,True,True,False,4.07,2026-09-29
master (bull ≥85 or 80–85 hot),DOGEUSDT,1790664033000,0.0901181895272456,1.0,80–85 hot,True,True,True,True,False,4.07,2026-09-29
fwd re-scope block,BCHUSDT,1790595300000,0.696,1.0,,True,True,True,True,True,3.86,2026-09-28
fwd re-scope block,SAGAUSDT,1790595600000,0.096,1.0,,True,True,True,True,True,3.86,2026-09-28
fwd re-scope block,ARBUSDT,1790662500000,0.095,1.0,,True,True,True,True,False,4.07,2026-09-29
fwd re-scope block,DOGEUSDT,1790662500000,0.228,1.0,,True,True,True,True,False,4.07,2026-09-29
fwd re-scope block,LINKUSDT,1790662500000,0.231,1.0,,True,True,True,True,False,4.07,2026-09-29
fwd re-scope block,DASHUSDT,1790666700000,0.337,1.0,,True,True,True,True,False,4.07,2026-09-29
fwd re-scope block,DOGEUSDT,1790707500000,-0.695,1.0,,True,True,True,True,False,4.07,2026-09-29
fwd re-scope block,SUIUSDT,1790707500000,0.092,1.0,,True,True,True,True,False,4.07,2026-09-29
fwd re-scope block,ONDOUSDT,1791184200000,0.346,1.0,,True,True,True,True,True,5.09,2026-10-05
fwd re-scope block,PENGUUSDT,1791184200000,0.951,1.0,,True,True,True,True,True,5.09,2026-10-05
