side,cell,entry,exit,hold,fills,days,per_day,per_trade,wr,scratch,n_paired,ci95,bonf_lo,train,test,paired_vs_ctrl,paired_ci95,paired_train,paired_test,top3_day_share,max_pair_share,median_peak,PASS
LONG,VOL_LEAD·TOP50,NEXT,SURGE,480,1307,239,-0.119,-0.121,47,0,1135,"[-0.24,-0.00]",-0.309,-0.099,-0.131,0.038,"[-0.10,+0.17]",0.116,-0.009,0.22,0.06,0.84,
LONG,VOL_LEAD·TOP50,NEXT,SURGE,240,1307,239,-0.12,-0.124,47,0,1135,"[-0.24,-0.00]",-0.31,-0.102,-0.131,0.041,"[-0.10,+0.18]",0.118,-0.006,0.22,0.06,0.83,
LONG,VOL_LEAD·NEXT50,NEXT,MOMENTUM,240,2579,242,-0.129,-0.121,51,0,2427,"[-0.18,-0.08]",-0.215,-0.125,-0.132,0.029,"[-0.04,+0.10]",0.071,0.003,0.3,0.09,0.41,
LONG,VOL_LEAD·NEXT50,NEXT,MOMENTUM,480,2579,242,-0.129,-0.121,51,0,2427,"[-0.18,-0.08]",-0.216,-0.125,-0.132,0.027,"[-0.04,+0.09]",0.071,-0.0,0.3,0.09,0.41,
LONG,EMA200_LIFT·TOP50,NEXT,WIDE,480,3225,239,-0.137,-0.18,57,0,1764,"[-0.27,-0.01]",-0.349,-0.136,-0.137,0.169,"[-0.09,+0.43]",0.123,0.197,0.42,0.07,0.55,
LONG,EMA200_LIFT·TOP50,NEXT,WIDE,240,3225,239,-0.138,-0.182,57,0,1764,"[-0.27,-0.01]",-0.35,-0.137,-0.138,0.171,"[-0.09,+0.44]",0.13,0.197,0.42,0.07,0.55,
LONG,VOL_LEAD·TOP50,NEXT,BR2ATR,480,1307,239,-0.145,-0.142,47,0,1135,"[-0.26,-0.03]",-0.337,-0.124,-0.158,0.021,"[-0.12,+0.16]",0.053,0.003,0.23,0.06,0.84,
LONG,VOL_LEAD·TOP50,NEXT,BR2ATR,240,1307,239,-0.148,-0.149,47,0,1135,"[-0.27,-0.03]",-0.339,-0.128,-0.16,0.019,"[-0.12,+0.16]",0.049,0.001,0.23,0.06,0.83,
LONG,VOL_LEAD·NEXT50,NEXT,SURGE,240,2579,242,-0.174,-0.169,47,0,2427,"[-0.24,-0.10]",-0.286,-0.188,-0.165,-0.055,"[-0.14,+0.03]",-0.074,-0.043,0.2,0.05,0.87,
LONG,VOL_LEAD·NEXT50,NEXT,SURGE,480,2579,242,-0.175,-0.17,47,0,2427,"[-0.24,-0.11]",-0.287,-0.188,-0.167,-0.06,"[-0.15,+0.03]",-0.071,-0.053,0.2,0.05,0.87,
LONG,VOL_LEAD·TOP50,NEXT,MOMENTUM,240,1307,239,-0.175,-0.161,49,0,1135,"[-0.24,-0.11]",-0.28,-0.213,-0.151,-0.01,"[-0.10,+0.08]",-0.047,0.012,0.29,0.08,0.39,
LONG,VOL_LEAD·TOP50,NEXT,MOMENTUM,480,1307,239,-0.175,-0.161,50,0,1135,"[-0.24,-0.11]",-0.28,-0.213,-0.151,-0.009,"[-0.10,+0.08]",-0.044,0.011,0.29,0.08,0.39,
LONG,VOL_LEAD·NEXT50,NEXT,BR2ATR,240,2579,242,-0.178,-0.171,47,0,2427,"[-0.25,-0.11]",-0.296,-0.193,-0.169,-0.057,"[-0.15,+0.04]",-0.06,-0.055,0.18,0.05,0.87,
LONG,VOL_LEAD·NEXT50,NEXT,BR2ATR,480,2579,242,-0.179,-0.171,47,0,2427,"[-0.25,-0.11]",-0.298,-0.195,-0.169,-0.064,"[-0.16,+0.03]",-0.064,-0.065,0.19,0.05,0.87,
LONG,EMA200_LIFT·NEXT50,NEXT,MOMENTUM,240,4831,242,-0.182,-0.178,50,0,3221,"[-0.21,-0.16]",-0.224,-0.189,-0.178,0.024,"[-0.02,+0.07]",0.05,0.009,0.21,0.08,0.39,
LONG,EMA200_LIFT·NEXT50,NEXT,MOMENTUM,480,4831,242,-0.182,-0.178,50,0,3221,"[-0.21,-0.16]",-0.224,-0.189,-0.178,0.025,"[-0.02,+0.07]",0.052,0.009,0.21,0.08,0.39,
LONG,EMA200_LIFT·TOP50,NEXT,MOMENTUM,240,3225,239,-0.186,-0.156,51,0,1764,"[-0.22,-0.15]",-0.246,-0.181,-0.19,0.012,"[-0.05,+0.07]",0.024,0.005,0.25,0.13,0.41,
LONG,EMA200_LIFT·TOP50,NEXT,MOMENTUM,480,3225,239,-0.186,-0.155,52,0,1764,"[-0.22,-0.15]",-0.245,-0.181,-0.189,0.014,"[-0.05,+0.07]",0.025,0.007,0.25,0.13,0.41,
LONG,EMA200_LIFT·TOP50,NEXT,SURGE,240,3225,239,-0.195,-0.16,38,0,1764,"[-0.25,-0.14]",-0.287,-0.221,-0.179,0.042,"[-0.06,+0.15]",-0.081,0.119,0.19,0.07,0.55,
LONG,EMA200_LIFT·TOP50,NEXT,SURGE,480,3225,239,-0.196,-0.16,38,0,1764,"[-0.25,-0.14]",-0.288,-0.223,-0.179,0.046,"[-0.06,+0.15]",-0.081,0.124,0.19,0.07,0.56,
LONG,EMA200_LIFT·TOP50,NEXT,BR2ATR,240,3225,239,-0.211,-0.179,38,0,1764,"[-0.28,-0.15]",-0.316,-0.194,-0.221,0.045,"[-0.07,+0.16]",-0.094,0.131,0.25,0.09,0.55,
LONG,EMA200_LIFT·TOP50,NEXT,BR2ATR,480,3225,239,-0.211,-0.178,38,0,1764,"[-0.28,-0.15]",-0.317,-0.195,-0.221,0.053,"[-0.07,+0.17]",-0.092,0.143,0.25,0.09,0.56,
LONG,EMA200_LIFT·NEXT50,NEXT,SURGE,240,4831,242,-0.213,-0.201,38,0,3221,"[-0.26,-0.17]",-0.289,-0.252,-0.189,0.002,"[-0.06,+0.06]",0.05,-0.028,0.27,0.04,0.54,
LONG,EMA200_LIFT·NEXT50,NEXT,SURGE,480,4831,242,-0.213,-0.201,38,0,3221,"[-0.26,-0.17]",-0.289,-0.251,-0.191,-0.001,"[-0.06,+0.06]",0.05,-0.032,0.27,0.04,0.54,
LONG,EMA200_LIFT·NEXT50,NEXT,WIDE,240,4831,242,-0.218,-0.24,56,0,3221,"[-0.29,-0.14]",-0.341,-0.195,-0.232,-0.01,"[-0.12,+0.10]",0.091,-0.072,0.37,0.07,0.61,
LONG,EMA200_LIFT·NEXT50,NEXT,WIDE,480,4831,242,-0.218,-0.239,56,0,3221,"[-0.29,-0.14]",-0.341,-0.195,-0.232,-0.01,"[-0.12,+0.10]",0.09,-0.071,0.37,0.07,0.61,
LONG,EMA200_LIFT·NEXT50,NEXT,BR2ATR,240,4831,242,-0.223,-0.21,38,0,3221,"[-0.27,-0.17]",-0.302,-0.234,-0.217,0.015,"[-0.05,+0.08]",0.099,-0.037,0.27,0.05,0.54,
LONG,EMA200_LIFT·NEXT50,NEXT,BR2ATR,480,4831,242,-0.224,-0.211,38,0,3221,"[-0.27,-0.18]",-0.302,-0.234,-0.218,0.015,"[-0.05,+0.08]",0.104,-0.039,0.28,0.05,0.54,
LONG,VOL_LEAD·NEXT50,NEXT,WIDE,480,2579,242,-0.381,-0.397,60,0,2427,"[-0.58,-0.18]",-0.704,-0.213,-0.483,-0.261,"[-0.48,-0.05]",-0.007,-0.417,0.24,0.03,2.06,
LONG,VOL_LEAD·NEXT50,NEXT,WIDE,240,2579,242,-0.395,-0.397,59,0,2427,"[-0.57,-0.22]",-0.686,-0.265,-0.474,-0.27,"[-0.47,-0.07]",-0.06,-0.399,0.19,0.03,2.01,
LONG,VOL_LEAD·TOP50,NEXT,WIDE,240,1307,239,-0.728,-0.561,60,0,1135,"[-1.01,-0.44]",-1.191,-0.682,-0.756,-0.577,"[-0.90,-0.25]",-0.392,-0.688,0.21,0.04,2.38,
LONG,VOL_LEAD·TOP50,NEXT,WIDE,480,1307,239,-0.73,-0.56,60,0,1135,"[-1.02,-0.44]",-1.195,-0.656,-0.775,-0.582,"[-0.91,-0.25]",-0.387,-0.699,0.21,0.04,2.42,
SHORT,VOL_LEAD·TOP50,NEXT,MOMENTUM,480,557,192,0.009,-0.038,52,0,442,"[-0.29,+0.30]",-0.471,-0.268,0.186,0.236,"[-0.09,+0.56]",0.019,0.37,0.63,0.33,0.41,
SHORT,VOL_LEAD·TOP50,NEXT,MOMENTUM,240,557,192,0.003,-0.044,52,0,442,"[-0.29,+0.29]",-0.47,-0.27,0.179,0.24,"[-0.08,+0.56]",0.017,0.377,0.62,0.34,0.41,
SHORT,VOL_LEAD·TOP50,NEXT,WIDE,240,557,192,-0.035,-0.092,58,0,442,"[-0.53,+0.46]",-0.835,-0.418,0.211,0.158,"[-0.38,+0.70]",-0.262,0.416,0.22,0.07,1.27,
SHORT,VOL_LEAD·TOP50,NEXT,BR2ATR,480,557,192,-0.09,-0.18,44,0,442,"[-0.31,+0.13]",-0.442,-0.194,-0.023,0.134,"[-0.13,+0.40]",-0.013,0.225,0.31,0.06,0.8,
SHORT,VOL_LEAD·TOP50,NEXT,BR2ATR,240,557,192,-0.095,-0.181,44,0,442,"[-0.30,+0.11]",-0.432,-0.235,-0.005,0.136,"[-0.11,+0.39]",-0.075,0.266,0.29,0.06,0.79,
SHORT,VOL_LEAD·NEXT50,NEXT,SURGE,240,738,220,-0.105,-0.146,47,0,656,"[-0.25,+0.04]",-0.341,-0.015,-0.16,0.055,"[-0.11,+0.22]",0.252,-0.068,0.23,0.07,0.78,
SHORT,VOL_LEAD·TOP50,NEXT,SURGE,240,557,192,-0.105,-0.173,44,0,442,"[-0.30,+0.09]",-0.418,-0.288,0.011,0.14,"[-0.09,+0.37]",-0.085,0.279,0.27,0.06,0.79,
SHORT,VOL_LEAD·TOP50,NEXT,SURGE,480,557,192,-0.107,-0.176,44,0,442,"[-0.30,+0.09]",-0.42,-0.284,0.007,0.121,"[-0.11,+0.35]",-0.082,0.246,0.27,0.06,0.8,
SHORT,VOL_LEAD·NEXT50,NEXT,BR2ATR,240,738,220,-0.11,-0.167,47,0,656,"[-0.26,+0.04]",-0.355,-0.013,-0.169,0.071,"[-0.11,+0.25]",0.327,-0.089,0.21,0.07,0.78,
SHORT,VOL_LEAD·TOP50,NEXT,WIDE,480,557,192,-0.111,-0.153,59,0,442,"[-0.62,+0.40]",-0.94,-0.425,0.089,0.131,"[-0.42,+0.69]",-0.276,0.382,0.22,0.08,1.3,
SHORT,VOL_LEAD·NEXT50,NEXT,SURGE,480,738,220,-0.112,-0.148,47,0,656,"[-0.26,+0.03]",-0.348,-0.018,-0.169,0.062,"[-0.10,+0.23]",0.247,-0.054,0.23,0.06,0.79,
SHORT,VOL_LEAD·NEXT50,NEXT,BR2ATR,480,738,220,-0.123,-0.165,47,0,656,"[-0.27,+0.03]",-0.367,-0.02,-0.185,0.083,"[-0.10,+0.26]",0.328,-0.07,0.21,0.06,0.79,
SHORT,EMA200_LIFT·TOP50,NEXT,MOMENTUM,240,3373,238,-0.181,-0.165,50,0,1857,"[-0.23,-0.13]",-0.259,-0.197,-0.171,0.022,"[-0.05,+0.09]",0.039,0.012,0.3,0.14,0.4,
SHORT,EMA200_LIFT·TOP50,NEXT,MOMENTUM,480,3373,238,-0.181,-0.165,50,0,1857,"[-0.23,-0.13]",-0.259,-0.197,-0.171,0.017,"[-0.05,+0.09]",0.037,0.005,0.3,0.14,0.4,
SHORT,VOL_LEAD·NEXT50,NEXT,WIDE,240,738,220,-0.187,-0.235,57,0,656,"[-0.50,+0.13]",-0.7,0.043,-0.326,-0.007,"[-0.33,+0.32]",0.262,-0.174,0.2,0.06,1.26,
SHORT,VOL_LEAD·NEXT50,NEXT,MOMENTUM,240,738,220,-0.188,-0.191,51,0,656,"[-0.27,-0.10]",-0.327,-0.201,-0.18,-0.046,"[-0.15,+0.06]",-0.059,-0.038,0.37,0.12,0.4,
SHORT,VOL_LEAD·NEXT50,NEXT,MOMENTUM,480,738,220,-0.188,-0.191,51,0,656,"[-0.27,-0.10]",-0.327,-0.201,-0.18,-0.041,"[-0.15,+0.06]",-0.057,-0.031,0.37,0.12,0.41,
SHORT,EMA200_LIFT·TOP50,NEXT,WIDE,240,3373,238,-0.204,-0.196,56,0,1857,"[-0.28,-0.13]",-0.327,-0.206,-0.203,0.039,"[-0.11,+0.19]",0.003,0.061,0.2,0.09,0.54,
SHORT,EMA200_LIFT·TOP50,NEXT,WIDE,480,3373,238,-0.21,-0.199,56,0,1857,"[-0.29,-0.13]",-0.334,-0.211,-0.21,0.035,"[-0.12,+0.19]",-0.006,0.059,0.21,0.09,0.54,
SHORT,EMA200_LIFT·NEXT50,NEXT,MOMENTUM,240,4393,242,-0.211,-0.168,50,0,2782,"[-0.24,-0.18]",-0.262,-0.246,-0.19,-0.048,"[-0.10,+0.01]",-0.077,-0.03,0.23,0.13,0.4,
SHORT,EMA200_LIFT·NEXT50,NEXT,MOMENTUM,480,4393,242,-0.211,-0.168,51,0,2782,"[-0.24,-0.18]",-0.261,-0.245,-0.19,-0.047,"[-0.10,+0.01]",-0.077,-0.029,0.23,0.13,0.4,
SHORT,EMA200_LIFT·TOP50,NEXT,SURGE,240,3373,238,-0.235,-0.18,36,0,1857,"[-0.30,-0.17]",-0.34,-0.21,-0.25,-0.054,"[-0.16,+0.06]",0.029,-0.102,0.19,0.1,0.51,
SHORT,EMA200_LIFT·TOP50,NEXT,SURGE,480,3373,238,-0.235,-0.181,37,0,1857,"[-0.30,-0.17]",-0.34,-0.216,-0.246,-0.063,"[-0.18,+0.05]",0.009,-0.106,0.19,0.1,0.51,
SHORT,EMA200_LIFT·NEXT50,NEXT,SURGE,240,4393,242,-0.24,-0.175,38,0,2782,"[-0.29,-0.19]",-0.322,-0.284,-0.213,-0.035,"[-0.11,+0.04]",-0.035,-0.035,0.16,0.08,0.56,
SHORT,EMA200_LIFT·NEXT50,NEXT,SURGE,480,4393,242,-0.24,-0.175,38,0,2782,"[-0.29,-0.19]",-0.323,-0.286,-0.212,-0.036,"[-0.11,+0.04]",-0.038,-0.035,0.16,0.07,0.57,
SHORT,VOL_LEAD·NEXT50,NEXT,WIDE,480,738,220,-0.25,-0.294,58,0,656,"[-0.57,+0.07]",-0.771,0.017,-0.411,-0.05,"[-0.38,+0.28]",0.291,-0.262,0.2,0.06,1.29,
SHORT,EMA200_LIFT·NEXT50,NEXT,WIDE,240,4393,242,-0.259,-0.183,58,0,2782,"[-0.32,-0.20]",-0.354,-0.312,-0.227,-0.031,"[-0.13,+0.07]",-0.16,0.049,0.15,0.05,0.61,
SHORT,EMA200_LIFT·NEXT50,NEXT,WIDE,480,4393,242,-0.26,-0.182,58,0,2782,"[-0.32,-0.20]",-0.355,-0.313,-0.228,-0.037,"[-0.13,+0.06]",-0.166,0.043,0.15,0.05,0.61,
SHORT,EMA200_LIFT·NEXT50,NEXT,BR2ATR,480,4393,242,-0.269,-0.202,38,0,2782,"[-0.32,-0.22]",-0.356,-0.299,-0.251,-0.038,"[-0.11,+0.04]",-0.045,-0.034,0.2,0.07,0.57,
SHORT,EMA200_LIFT·TOP50,NEXT,BR2ATR,240,3373,238,-0.271,-0.207,36,0,1857,"[-0.34,-0.20]",-0.381,-0.235,-0.294,-0.079,"[-0.20,+0.05]",0.011,-0.132,0.21,0.09,0.51,
SHORT,EMA200_LIFT·NEXT50,NEXT,BR2ATR,240,4393,242,-0.273,-0.205,38,0,2782,"[-0.33,-0.22]",-0.359,-0.299,-0.258,-0.041,"[-0.12,+0.03]",-0.043,-0.04,0.18,0.07,0.56,
SHORT,EMA200_LIFT·TOP50,NEXT,BR2ATR,480,3373,238,-0.274,-0.209,37,0,1857,"[-0.34,-0.21]",-0.383,-0.243,-0.293,-0.088,"[-0.21,+0.04]",-0.01,-0.133,0.22,0.09,0.51,
