id,pair,dir,lev,inv,pnl,pnl_pct,peak,trough,reason,gate,g520,g520_d,g58,g813,px_e5,px_e20,rsi,rsi_d2,adx,adx_d,di,atr,rng,ret3,ret12,btc_rsi,btc_rsi_d,btc_adx,btc_ret12
1,FETUSDT,SHORT,30.0,2000.0,157.7,0.263,0.48,-0.27,RUNNER_TRAIL L1,,0.375,0.0504,0.212,0.17,0.227,0.599,42.7,3.4,34.0,-1.27,7.1,0.674,25.0,0.044,1.434,41.9,5.6,20.7,-0.146
2,QNTUSDT,LONG,50.0,800.0,165.1,0.413,0.86,-0.12,RUNNER_TRAIL L1,,0.237,-0.0125,0.032,0.063,0.031,0.269,52.2,0.7,16.8,0.61,10.3,1.762,42.0,0.925,-0.345,41.9,5.6,20.7,-0.146
3,ALGOUSDT,SHORT,50.0,800.0,-225.0,-0.563,0.2,-0.58,EMA13_CROSS_EXIT L1,,0.574,0.026,0.173,0.206,0.218,0.787,25.9,-2.5,25.0,2.13,25.4,0.355,12.0,0.327,1.21,45.7,3.8,21.7,-0.175
4,1000BONKUSDT,SHORT,50.0,250.0,-49.9,-0.399,0.35,-0.59,EMA13_CROSS_EXIT L1,,0.697,0.0656,0.189,0.257,0.351,1.038,27.8,-5.1,26.7,1.75,22.4,0.495,4.0,0.713,1.791,45.7,3.8,21.7,-0.175
5,SOONUSDT,LONG,30.0,1000.0,31.7,0.106,0.86,-0.77,RUNNER_TRAIL L1,,0.201,0.0636,0.064,0.07,0.215,0.418,54.3,2.4,28.8,0.3,11.8,1.178,46.0,0.049,0.467,48.6,9.4,23.0,-0.131
6,ZECUSDT,LONG,30.0,1000.0,49.8,0.166,0.47,-0.25,RUNNER_TRAIL L1,,0.312,0.0428,0.126,0.123,0.192,0.506,61.6,-1.9,22.0,-0.29,9.1,0.472,69.0,-0.052,0.932,48.6,9.4,23.0,-0.131
7,SOLUSDT,LONG,50.0,200.0,-69.3,-0.693,0.11,-0.69,STOP_LOSS L1,,0.173,0.0569,0.082,0.06,0.19,0.364,68.2,4.2,19.1,0.62,13.4,0.202,86.0,0.429,0.244,58.3,9.7,20.1,0.06
8,ETHFIUSDT,LONG,20.0,500.0,41.3,0.413,0.66,-0.41,RUNNER_TRAIL L1,,0.091,0.0603,0.063,0.041,0.177,0.268,55.7,6.0,20.3,-1.05,-2.6,0.487,78.0,0.425,0.775,55.1,2.8,18.0,0.129
9,BTCUSDT,LONG,40.0,1000.0,-35.5,-0.089,0.18,-0.13,MANUAL,,0.034,0.0036,0.008,0.013,0.018,0.052,57.3,4.2,18.0,0.06,7.6,0.089,69.0,0.024,0.141,56.8,1.7,18.0,0.149
10,UNIUSDT,LONG,20.0,500.0,-69.3,-0.693,0.12,-0.69,STOP_LOSS L1,BTC_SLOPE_GATE,-0.107,0.0351,-0.014,-0.036,0.06,-0.047,47.5,8.1,18.0,-1.17,-1.2,0.291,46.0,0.078,-0.168,68.2,11.4,19.4,0.194
11,NMRUSDT,LONG,20.0,500.0,-69.8,-0.698,0.0,-0.7,STOP_LOSS L1,BTC_SLOPE_GATE,-0.383,-0.0547,-0.092,-0.117,-0.24,-0.62,39.2,-7.6,12.9,1.04,-9.8,0.781,17.0,-0.21,-0.754,68.2,11.4,19.4,0.194
12,SUIUSDT,LONG,40.0,1000.0,-278.5,-0.696,0.06,-0.7,STOP_LOSS L1,BTC_RSI_ADX_CROSS,0.182,0.0663,0.097,0.064,0.217,0.401,62.4,5.2,16.9,0.62,11.1,0.338,76.0,0.644,0.443,71.5,16.1,21.4,0.233
13,TAOUSDT,LONG,40.0,200.0,-55.3,-0.692,0.0,-0.69,STOP_LOSS L1,BTC_RSI_ADX_CROSS,0.046,0.0476,0.077,0.029,0.133,0.179,53.5,0.7,23.4,-1.63,-0.9,0.399,77.0,0.262,0.385,74.8,6.6,23.4,0.227
14,ZECUSDT,LONG,40.0,1400.0,62.0,0.111,0.43,-0.66,RUNNER_TRAIL L1,BTC_RSI_ADX_CROSS,0.246,-0.0594,0.01,0.091,-0.085,0.161,56.4,-0.9,26.1,-0.24,9.7,0.4,54.0,-0.189,0.793,60.0,-8.6,25.4,0.194
15,QNTUSDT,LONG,40.0,900.0,81.0,0.225,0.54,-0.22,RUNNER_TRAIL L1,BTC_RSI_ADX_CROSS,0.633,-0.1158,0.109,0.278,-0.124,0.512,54.6,-3.6,17.0,-0.18,6.0,1.319,79.0,0.203,2.382,47.2,-2.4,20.2,0.02
16,QNTUSDT,LONG,40.0,900.0,431.7,1.199,1.55,-0.17,HARD_TP_LADDER L2,BTC_SLOPE_GATE,0.706,0.0638,0.148,0.293,0.351,1.068,59.2,3.8,18.6,1.58,19.1,1.441,71.0,0.22,1.429,49.6,-4.5,19.0,0.059
18,NEARUSDT,LONG,40.0,200.0,10.7,0.134,0.4,-0.23,RUNNER_TRAIL L1,BTC_SLOPE_GATE,-0.664,0.1517,-0.173,-0.263,0.208,-0.454,43.4,7.8,24.2,0.38,-12.4,0.703,39.0,0.204,-1.544,49.6,-4.5,19.0,0.059
19,LINKUSDT,LONG,40.0,1000.0,-278.1,-0.695,0.0,-0.7,STOP_LOSS L1,BTC_RSI_ADX_CROSS,-0.488,-0.0512,-0.167,-0.182,-0.259,-0.743,24.9,-7.5,21.3,3.01,-27.2,0.343,25.0,-0.418,-1.317,50.5,3.3,18.5,-0.088
