era,pair,opened_at,actual_pct,actual_usd,br_pct,br_usd,br_peak,stopped,reason,usd_per_pct,d_usd,d_pct
BASE,ADAUSDT,2026-06-18T19:36:37,0.552865680837955,110.57,0.314057301293892,62.811460258778396,1.019057301293892,False,TRAILING_STOP L2,200.0,-47.7585397412216,-0.23880837954406298
BASE,1000PEPEUSDT,2026-06-18T19:36:57,0.8370220666619222,167.4,0.8028778338426389,160.57556676852778,1.3988778338426389,False,TRAILING_STOP L4,200.0,-6.824433231472227,-0.03414423281928336
BASE,DOTUSDT,2026-06-20T04:48:24,0.742958333333334,182.7,0.8575333333333391,210.87457100864825,1.3683333333333392,False,TRAILING_STOP L4,245.9083079475785,28.174571008648257,0.11457500000000509
BASE,NEARUSDT,2026-06-22T01:06:41,1.4549718969555203,330.16,1.3485203747072627,306.0066940425344,2.2519203747072627,False,TRAILING_STOP L6,226.92033415435967,-24.153305957465648,-0.1064515222482576
BASE,DOTUSDT,2026-06-23T14:09:28,0.0583715641903068,2.54,-0.7,-60.91583310118194,0.472976045921193,False,TRAILING_STOP L2,87.0226187159742,-63.45583310118194,-0.7583715641903067
BASE,SUIUSDT,2026-06-24T19:38:17,0.7531408847980922,150.63,1.1105672209025979,222.11344418051956,2.047767220902598,False,TRAILING_STOP L3,200.0,71.48344418051957,0.3574263361045057
BASE,DOTUSDT,2026-06-24T19:38:19,0.756587134773068,151.32,1.9292048735419813,385.8409747083963,2.9242048735419814,False,TRAILING_STOP L3,200.0,234.5209747083963,1.1726177387689134
BASE,TAOUSDT,2026-06-25T21:55:41,0.4167614229918641,83.35,-0.7,-140.0,0.2346906027951635,False,RUNNER_TRAIL L1,200.0,-223.35,-1.116761422991864
BASE,SUIUSDT,2026-06-26T16:45:43,0.1111167002012169,30.78,0.2,55.409318686892476,1.0022678930727291,False,RUNNER_TRAIL L1,277.04659343446235,24.629318686892475,0.08888329979878311
BASE,AVAXUSDT,2026-06-26T17:18:11,0.7307877608221763,202.46,0.2819187791965134,78.10463740159642,1.4827187791965135,False,RUNNER_TRAIL L1,277.04659343446235,-124.35536259840359,-0.4488689816256629
BASE,FETUSDT,2026-06-27T07:27:48,0.2688926397343605,76.6,-0.7,-199.41589058626727,0.4634034311012626,False,RUNNER_TRAIL L1,284.87984369466756,-276.01589058626723,-0.9688926397343605
BASE,FETUSDT,2026-06-27T14:00:32,0.380751387347389,109.44,-0.7,-201.2103350287073,0.7424084350721517,False,RUNNER_TRAIL L1,287.4433357552962,-310.65033502870733,-1.080751387347389
BASE,JTOUSDT,2026-06-27T21:14:19,1.5828013172338036,478.0,1.122118477863135,338.8760754234766,2.361518477863135,False,RUNNER_TRAIL L1,301.99669830658416,-139.1239245765234,-0.46068283937066856
BASE,WLDUSDT,2026-06-28T07:05:11,0.251960612198955,67.64,1.3680826918748745,367.26522957379666,2.3182826918748747,False,RUNNER_TRAIL L1,268.4525078454738,299.6252295737967,1.1161220796759195
BASE,FETUSDT,2026-06-28T23:35:36,0.0219943977591068,2.52,-1.1379000000000001,-260.4940254856911,0.5822689075630229,False,RUNNER_TRAIL L1,228.925235509,-263.0140254856911,-1.159894397759107
BASE,ACTUSDT,2026-06-29T17:07:29,1.366834008097163,131.53,5.5,1058.5610622201639,6.306761133603235,False,RUNNER_TRAIL L1,192.46564767639344,927.0310622201639,4.133165991902837
BASE,FARTCOINUSDT,2026-06-30T06:30:32,0.3558058659217997,87.17,-0.7095,-173.83018641733372,0.8178212290502874,False,RUNNER_TRAIL L1,245.00378635283116,-261.00018641733374,-1.0653058659217998
BASE,TAOUSDT,2026-07-03T05:56:40,0.2233385579937379,26.92,-0.7,-168.73283925805515,0.5322804472933108,False,RUNNER_TRAIL L1,241.04691322579308,-195.65283925805517,-0.9233385579937379
BASE,XLMUSDT,2026-07-03T05:56:20,0.0952687606452305,11.48,1.5493402464682862,373.46368394766984,2.194340246468286,False,RUNNER_TRAIL L1,241.04691322579308,361.9836839476698,1.4540714858230557
BASE,MEUSDT,2026-07-03T02:13:07,-1.114037861915362,-131.15,-1.1182500000000002,-131.6496690216257,0.0,True,STOP_LOSS L1,117.72829780605917,-0.49966902162569227,-0.004212138084638273
BASE,UNIUSDT,2026-07-03T02:12:47,0.4668518864982958,109.92,0.4794533832242095,112.89046136868473,1.1884533832242095,False,RUNNER_TRAIL L1,235.4565956121184,2.970461368684724,0.012601496725913708
BASE,JTOUSDT,2026-07-03T01:22:56,0.3097134097573983,36.46,-0.83145,-195.77038642169586,0.8964036256998166,False,RUNNER_TRAIL L1,235.4565956121184,-232.23038642169587,-1.1411634097573984
BASE,1000PEPEUSDT,2026-07-02T08:32:26,0.4304240846489608,101.75,1.1389077594894095,269.2436983829368,1.7197077594894095,False,RUNNER_TRAIL L1,236.4051839489118,167.49369838293683,0.7084836748404486
BASE,ADAUSDT,2026-07-01T13:14:12,0.068519736842109,16.82,-0.7,-171.87266477449208,0.5021052631578938,False,RUNNER_TRAIL L1,245.53237824927442,-188.69266477449207,-0.768519736842109
BASE,AAVEUSDT,2026-07-01T02:26:49,0.8801005199306797,197.14,0.42875990756787774,96.04221929520462,1.3773599075678777,False,RUNNER_TRAIL L1,224.0,-101.09778070479537,-0.451340612362802
BASE,PUMPUSDT,2026-07-04T14:48:10,0.9292989165073268,208.16,0.7097715742511012,158.98883263224667,1.5033715742511011,False,RUNNER_TRAIL L1,224.0,-49.17116736775333,-0.2195273422562256
BASE,AAVEUSDT,2026-07-06T10:35:48,1.3075139268159488,263.05,0.905908793009282,182.25052001555088,1.766908793009282,False,RUNNER_TRAIL L1,201.1797671266047,-80.79947998444914,-0.40160513380666685
BASE,TAOUSDT,2026-07-07T15:36:32,0.0308645707376015,3.24,-0.70695,-148.6508325382851,0.993620128360141,False,RUNNER_TRAIL,210.2706450785559,-151.8908325382851,-0.7378145707376015
BASE,LTCUSDT,2026-07-07T15:26:03,0.1810644067796552,9.34,0.7171310734463207,73.96139270951807,1.2885310734463207,False,RUNNER_TRAIL,103.13511078815955,64.62139270951806,0.5360666666666655
BASE,ONDOUSDT,2026-07-06T15:02:01,0.6321814333232612,141.61,0.2,44.800000000000004,1.0590777139401275,False,RUNNER_TRAIL,224.0,-96.81,-0.43218143332326114
BASE,LITUSDT,2026-07-10T17:02:16,-0.987187103174598,-112.22,-0.9942,-113.01974324209866,0.2036507936508015,True,STOP_LOSS L1,113.67908191721853,-0.799743242098657,-0.00701289682540196
BASE,ADAUSDT,2026-07-10T17:01:54,-0.3291267942583635,-74.83,-0.7,-159.15071468410594,0.0,False,MANUAL,227.35816383443708,-84.32071468410594,-0.37087320574163646
BASE,TIAUSDT,2026-07-10T01:21:53,0.7580848030925244,162.58,0.9789986953370287,209.95252388392737,2.1085986953370286,False,RUNNER_TRAIL,214.45638782148674,47.37252388392736,0.2209138922445043
B1,ONDOUSDT,2026-07-30T08:53:12,0.5907754360465068,42.1,0.2,14.2511131169273,1.0001162790697637,False,RUNNER_TRAIL,71.2555655846365,-27.8488868830727,-0.39077543604650683
B1,AAVEUSDT,2026-07-29T00:23:38,0.1758639542902137,14.02,-0.7,-55.78498173628732,0.4715210324105835,False,RUNNER_TRAIL,79.69283105183904,-69.80498173628732,-0.8758639542902137
B1,TAOUSDT,2026-07-29T00:21:27,0.6632387433483504,105.71,0.7046314367580869,112.30814808675365,1.332431436758087,False,RUNNER_TRAIL,159.38566210367807,6.598148086753653,0.0413926934097365
B1,UNIUSDT,2026-07-28T15:57:38,-0.8305070386485857,-76.48,-0.83355,-191.90209737876535,0.16595085743537194,True,STOP_LOSS L1,230.222658963188,-115.42209737876534,-0.0030429613514143528
B1,ONDOUSDT,2026-07-27T17:17:46,0.0832042905899535,24.8,-0.8656499999999999,-258.0331671975392,0.4463237445148661,False,RUNNER_TRAIL,298.08024859647577,-282.83316719753924,-0.9488542905899534
B1,HBARUSDT,2026-07-23T08:31:46,0.1804044366292516,43.72,-0.7,-169.65165678153903,0.6539469768700136,False,RUNNER_TRAIL,242.35950968791292,-213.37165678153903,-0.8804044366292516
B1,MIRAUSDT,2026-07-22T15:05:12,0.4494468180795978,54.11,2.769385518326957,333.42010558364547,3.935185518326957,False,TRAILING_STOP L1,120.39497692797622,279.31010558364545,2.3199387002473593
B1,1000BONKUSDT,2026-07-22T14:09:08,-0.7363304235370067,-91.15,-0.7,-86.65015875113427,0.006993210475271322,True,STOP_LOSS L1,123.78594107304897,4.499841248865735,0.03633042353700677
B1,ONDOUSDT,2026-07-22T13:44:08,1.000094029489972,229.86,1.0180615905245378,233.98894687827269,2.1096615905245377,False,HARD_TP L1,229.83771223282682,4.1289468782726715,0.01796756103456576
B1,ONDOUSDT,2026-07-22T08:14:35,0.0865586034912691,9.88,0.7913735660847876,90.2987458827682,1.6805735660847876,False,RUNNER_TRAIL,114.10381866747065,80.4187458827682,0.7048149625935185
B1,SXTUSDT,2026-07-15T09:01:53,2.43663398322375,525.79,1.5532600317388285,335.1716725955244,3.3332600317388286,False,RUNNER_TRAIL,215.78593779968037,-190.61832740447556,-0.8833739514849215
B1,PUMPUSDT,2026-07-13T15:18:23,-1.0142866578599674,-156.55,-1.00065,-308.88550683078887,0.0,True,STOP_LOSS L1,308.6848616707029,-152.33550683078886,0.013636657859967372
B1,JTOUSDT,2026-07-13T08:11:50,0.5902013677811505,158.9,0.2,53.844689673000005,1.216990881458958,False,RUNNER_TRAIL,269.223448365,-105.055310327,-0.3902013677811505
B1,AGLDUSDT,2026-07-13T08:00:44,0.2836647398843869,80.37,0.2,56.668609879471596,1.0660693641618602,False,RUNNER_TRAIL,283.34304939735796,-23.70139012052841,-0.08366473988438689
B1,PUMPUSDT,2026-07-13T07:54:03,-1.0148975545274372,-150.76,-0.9741,-144.69672718793598,0.0,True,STOP_LOSS_WIDE L1,148.54401723430448,6.063272812064014,0.040797554527437274
B1,ARBUSDT,2026-07-11T18:23:34,0.1663474558883876,46.58,1.2411456709068633,347.5207878539217,2.4951456709068633,False,RUNNER_TRAIL,280.0,300.94078785392173,1.0747982150184758
B2,BANKUSDT,2026-08-10T02:01:24,-0.7939084507042141,-79.32,-0.7542,-150.71076015275756,0.0,True,STOP_LOSS L1,199.82863982068093,-71.39076015275757,0.03970845070421414
B2,1000BONKUSDT,2026-08-07T20:12:05,0.0699919967987233,16.78,-0.7272000000000001,-174.35837608853578,0.310160064025612,False,RUNNER_TRAIL,239.7667437961163,-191.13837608853578,-0.7971919967987233
B2,PENGUUSDT,2026-08-06T05:37:59,0.2791930303517015,65.16,0.4840550184679664,112.97360066579905,1.0662550184679664,False,RUNNER_TRAIL,233.389999804899,47.81360066579906,0.20486198811626488
B2,FETUSDT,2026-08-06T05:34:35,0.1217690677966064,30.69,-0.7,-176.4369017152984,0.4749717514124353,False,RUNNER_TRAIL,252.0527167361406,-207.1269017152984,-0.8217690677966063
B2,PUMPUSDT,2026-08-05T12:46:34,0.3826004728132502,104.13,0.2,54.43228895454518,1.0920330969267267,False,RUNNER_TRAIL,272.1614447727259,-49.69771104545482,-0.1826004728132502
B2,AAVEUSDT,2026-08-05T02:49:12,0.546097213078778,162.1,0.4764130787799016,141.41501232382242,1.0072130787799016,False,RUNNER_TRAIL,296.8327668207338,-20.68498767617757,-0.06968413429887643
B2,DEXEUSDT,2026-08-04T12:53:31,0.4269754901960639,128.05,0.2,59.979466766264274,1.1132085561497262,False,RUNNER_TRAIL,299.89733383132136,-68.07053323373574,-0.2269754901960639
B2,ONDOUSDT,2026-08-04T11:18:55,0.7461338370210325,210.45,0.415080626011878,117.07272027118705,1.070280626011878,False,RUNNER_TRAIL,282.04814422689265,-93.37727972881294,-0.3310532110091545
B2,PUMPUSDT,2026-08-04T02:20:46,0.9797836202885072,114.99,1.8713293624941976,219.6330920505079,2.8881293624941975,False,HARD_TP_LADDER L1,117.36741615477587,104.64309205050792,0.8915457422056904
B2,MMTUSDT,2026-08-01T21:54:49,-0.8467558808154738,-243.61,-0.8049,-231.5670669129142,0.171369576581294,True,STOP_LOSS L1,287.69669140627934,12.0429330870858,0.04185588081547387
B3,STXUSDT,2026-08-24T07:19:45,0.2793116438356143,32.45,0.2,23.238552364315883,1.1942465753424736,False,RUNNER_TRAIL,116.19276182157941,-9.21144763568412,-0.07931164383561429
B3,XMRUSDT,2026-08-23T18:21:11,0.0986181984346435,21.99,-0.73545,-163.99185228530052,0.5497337957538607,False,RUNNER_TRAIL,222.98164699884495,-185.98185228530053,-0.8340681984346435
B3,LTCUSDT,2026-08-23T13:13:36,0.4344023336955953,92.27,0.7979348662510284,169.49053640721067,1.3037348662510284,False,RUNNER_TRAIL,212.41149318807854,77.22053640721067,0.3635325325554331
B3,PENGUUSDT,2026-08-23T10:10:54,0.9917640692640668,97.83,1.7013277537277527,167.82390375503505,2.663727753727753,False,HARD_TP_LADDER L1,98.64290016272216,69.99390375503505,0.7095636844636859
B3,FETUSDT,2026-08-22T12:10:43,0.9467510677242263,256.39,0.4428100061012905,119.91573036208398,1.8624100061012905,False,HARD_TP_LADDER L1,270.8062796906488,-136.474269637916,-0.5039410616229358
B3,LTCUSDT,2026-08-22T12:10:22,0.1616295507358686,72.95,0.3457493415956635,156.05182150502156,1.1493493415956635,False,RUNNER_TRAIL,451.3437994844148,83.10182150502156,0.1841197908597949
B3,ASTERUSDT,2026-08-21T23:17:35,0.092810213843552,13.44,-0.7317,-98.36029613982613,0.44460889138998716,False,RUNNER_TRAIL,134.42708232858567,-111.80029613982613,-0.824510213843552
B3,CRVUSDT,2026-08-21T23:00:07,0.0850376184834124,12.98,1.3604729857819775,207.7097051730624,3.1386729857819775,False,RUNNER_TRAIL,152.6746266510204,194.7297051730624,1.2754353672985652
B3,NEIROUSDT,2026-08-21T22:53:59,1.1984488685190544,323.71,0.2,54.020969566068175,2.0583815525637386,False,HARD_TP_LADDER L2,270.1048478303409,-269.6890304339318,-0.9984488685190545
B3,WLDUSDT,2026-08-19T12:57:22,-0.74248834317687,-206.27,-0.7,-194.46741506449783,0.0,True,STOP_LOSS L1,277.81059294928264,11.802584935502182,0.04248834317687
B3,PUMPUSDT,2026-08-19T12:57:02,0.7083094841930166,196.78,0.3339590682196505,92.77736676289103,1.1745590682196505,False,RUNNER_TRAIL,277.81059294928264,-104.00263323710897,-0.37435041597336616
B3,LAUSDT,2026-08-18T23:56:55,0.6862124955877091,174.84,0.2,50.959134357816005,1.2336851394281767,False,RUNNER_TRAIL,254.79567178908002,-123.880865642184,-0.4862124955877091
B3,NEARUSDT,2026-08-18T04:37:01,0.699917933130693,172.1,0.6337957446808418,155.84517454098102,1.1865957446808417,False,RUNNER_TRAIL,245.89179692182913,-16.254825459018974,-0.06612218844985118
B3,TAOUSDT,2026-08-13T19:12:40,-0.6937552750936705,-77.43,-0.7,-78.13002917215931,0.013529875764163396,True,STOP_LOSS L1,111.61432738879903,-0.7000291721593044,-0.006244724906329435
B3,ARBUSDT,2026-08-13T14:50:12,-0.6985943084050324,-79.41,-0.7,-79.57010580010584,0.1879616148246067,True,STOP_LOSS L1,113.67157971443692,-0.16010580010583908,-0.0014056915949675064
B3,GIGGLEUSDT,2026-08-11T20:45:38,0.0892225922131154,15.52,0.2,34.800000000000004,1.0114344262294972,False,RUNNER_TRAIL,174.0,19.280000000000005,0.11077740778688461
B3,TAOUSDT,2026-08-11T20:30:39,0.3834068145323094,111.19,0.8587111200321189,249.0262248093145,1.3853111200321189,False,RUNNER_TRAIL,290.0,137.8362248093145,0.4753043054998095
B3,UNIUSDT,2026-08-11T19:59:23,0.2039852941176384,23.66,1.0864705882352899,126.03058823529362,1.3805882352941123,False,RUNNER_TRAIL,116.0,102.37058823529362,0.8824852941176514
B4,TAOUSDT,2026-08-25T06:21:13,0.1165696553976915,9.26,-0.7296,-58.0907460882336,0.4040388698350562,False,RUNNER_TRAIL L1,79.61999189725,-67.3507460882336,-0.8461696553976915
B5,ONDOUSDT,2026-08-27T16:10:26,0.5943073160057113,45.8,0.2,15.414107942851999,1.0707884011930469,False,RUNNER_TRAIL,77.07053971426,-30.385892057148,-0.3943073160057113
B5,AAVEUSDT,2026-08-27T14:03:49,0.71513467311016,25.76,0.2691527267012338,9.693422407999721,1.1515527267012338,False,RUNNER_TRAIL,36.01458,-16.06657759200028,-0.4459819464089262
B5,FARTCOINUSDT,2026-08-26T18:22:26,0.0468406550417602,12.82,-1.1835,-323.8772598727975,0.7784383616056169,False,RUNNER_TRAIL,273.66054911094,-336.6972598727975,-1.2303406550417602
B6,BCHUSDT,2026-09-11T20:41:18,-1.9904829147259857,-499.71,-0.7,-175.73557120312478,0.0,True,STOP_LOSS L1,251.05081600446397,323.9744287968752,1.2904829147259858
B6,ARBUSDT,2026-09-11T15:26:39,0.1931204478014592,54.6,0.2,56.550000000000004,1.1171756137038036,False,RUNNER_TRAIL,282.75,1.9500000000000028,0.006879552198540806
B7,BCHUSDT,2026-09-14T14:06:09,0.0981022564469847,14.14,-0.7,-98.96249999999999,0.42038681948423207,False,RUNNER_TRAIL,141.375,-113.10249999999999,-0.7981022564469846
B8,PUMPUSDT,2026-09-18T02:22:55,0.9961990614966816,240.34,1.4402481600395203,347.4640460062308,2.3550481600395203,False,HARD_TP_LADDER L1,241.2529004700804,107.12404600623077,0.4440490985428387
B8,DASHUSDT,2026-09-17T02:44:02,0.0915371990689632,22.62,0.8016495591158452,198.14047849823154,2.647049559115845,False,RUNNER_TRAIL,247.16595455595896,175.52047849823154,0.710112360046882
B8,BTWUSDT,2026-09-16T09:36:05,0.0978027670527636,27.65,0.2,56.550000000000004,1.315405405405391,False,RUNNER_TRAIL,282.75,28.900000000000006,0.10219723294723641
B9,LITUSDT,2026-09-18T19:14:53,1.1986894429376218,338.93,1.80461790110578,510.25571153765935,2.93941790110578,False,HARD_TP_LADDER L2,282.75000000000006,171.32571153765934,0.6059284581681581
B9,1000PEPEUSDT,2026-09-18T19:14:51,-0.6908280650844681,-97.67,-0.7,-98.96249999999999,0.1794579749196846,True,STOP_LOSS L1,141.375,-1.2924999999999898,-0.00917193491553181
B10,AAVEUSDT,2026-09-20T22:36:57,0.0964063066328165,13.47,0.5534616165277068,74.55960780019119,1.2800616165277068,False,RUNNER_TRAIL,134.71504721133388,61.08960780019119,0.45705530989489024
B12,XLMUSDT,2026-09-25T16:31:27,-0.8262409644066249,-199.69,-0.8361000000000001,-202.07414078882712,0.10214932747735336,True,STOP_LOSS L1,241.6865695357339,-2.384140788827125,-0.009859035593375198
B12,AVAXUSDT,2026-09-25T10:50:47,1.4066439554103276,285.89,1.5956502786853657,324.300909952576,2.3028502786853657,False,RUNNER_TRAIL,203.24059368432725,38.41090995257599,0.18900632327503808
B12,FETUSDT,2026-09-25T09:48:37,0.064656449552999,13.14,1.3348488718603562,271.2109134251231,2.804848871860356,False,RUNNER_TRAIL,203.17724286431098,258.07091342512314,1.270192422307357
B12,DOTUSDT,2026-09-25T09:41:24,0.995537876846867,204.09,-0.7,-143.50552212115,0.29431975403534494,False,HARD_TP_LADDER L1,205.0078887445,-347.59552212115,-1.695537876846867
B12,ADAUSDT,2026-09-25T09:16:28,0.1872127575277251,37.84,0.8929039619651272,180.46223684675329,1.7325039619651272,False,RUNNER_TRAIL,202.10710729694503,142.62223684675328,0.7056912044374022
B12,SUIUSDT,2026-09-24T16:24:53,0.0957217149662609,11.27,0.2,23.54449614244936,1.1307225089321038,False,RUNNER_TRAIL,117.72248071224679,12.274496142449362,0.10427828503373911
B12,ADAUSDT,2026-09-23T04:11:49,0.2186221536086541,49.79,0.29804438440755754,67.87486473669146,1.1450443844075575,False,RUNNER_TRAIL,227.73408353796302,18.084864736691465,0.07942223079890343
B12,HBARUSDT,2026-09-23T02:23:04,0.0964814519345766,11.63,-0.80715,-97.31742303625114,0.9770123653769404,False,RUNNER_TRAIL,120.56919164498686,-108.94742303625114,-0.9036314519345766
B12,XLMUSDT,2026-09-23T00:42:02,-0.6914458467186829,-90.31,-0.7,-91.42458348197198,0.0,True,STOP_LOSS L1,130.60654783138855,-1.1145834819719767,-0.008554153281317034
B12,WIFUSDT,2026-09-23T00:27:01,-0.9624385758998312,-275.58,-0.9414,-269.5553799098247,0.0,True,STOP_LOSS L1,286.3345866898499,6.02462009017529,0.021038575899831158
B12,APTUSDT,2026-09-21T19:38:28,0.120235563703019,17.0,0.9438044781982451,133.43035810527687,1.913404478198245,False,RUNNER_TRAIL,141.37499999999997,116.43035810527687,0.8235689144952261
B12,AAVEUSDT,2026-09-21T19:38:25,2.2762082093168043,321.8,1.8261157333702696,258.16711180522185,2.7341157333702695,False,RUNNER_TRAIL,141.375,-63.63288819477816,-0.4500924759465348
B13,ONDOUSDT,2026-09-27T19:05:47,-0.6933468468468573,-99.61,-0.7,-100.57083940834829,0.2703603603603567,True,STOP_LOSS L1,143.67262772621186,-0.9608394083482921,-0.0066531531531426324
B13,INJUSDT,2026-09-27T06:11:18,0.215672782874618,28.47,-0.7,-92.40568855934755,0.8401732925586226,False,RUNNER_TRAIL,132.00812651335366,-120.87568855934755,-0.915672782874618
B13,DOTUSDT,2026-09-27T06:10:58,0.91165023436237,240.69,0.6230337805075131,164.49104423865762,1.203033780507513,False,RUNNER_TRAIL,264.0162530267073,-76.19895576134238,-0.2886164538548569
B14,INJUSDT,2026-09-29T12:38:59,0.3138454238169516,61.23,-0.7476,-145.85846350755838,0.7940353614144592,False,RUNNER_TRAIL,195.1022786350433,-207.08846350755837,-1.0614454238169517
B14,DASHUSDT,2026-09-29T12:17:29,-0.6923582499192892,-143.92,-0.7,-145.50409971289127,0.0068679367129299285,True,STOP_LOSS L1,207.8629995898447,-1.5840997128912875,-0.007641750080710774
B14,ALGOUSDT,2026-09-29T10:07:36,-1.02310396747722,-118.24,-1.02855,-118.87180851651897,0.0,True,STOP_LOSS_WIDE L1,115.572221590121,-0.6318085165189729,-0.0054460325227800865
B14,0GUSDT,2026-09-29T10:05:30,-1.2220686209193916,-141.24,-1.2,-138.6866659081452,0.0,True,STOP_LOSS_WIDE L1,115.57222159012099,2.553334091854822,0.022068620919391657
B14,PENGUUSDT,2026-09-29T06:49:31,0.1074989339019231,24.45,1.3099646055437166,297.9129942472922,2.3513646055437167,False,RUNNER_TRAIL,227.42064402850016,273.4629942472922,1.2024656716417936
B14,DOGEUSDT,2026-09-29T06:40:33,0.0901181895272456,22.74,0.4401951240195062,100.10945860272165,1.1289951240195062,False,RUNNER_TRAIL,227.42064402850025,77.36945860272165,0.3500769344922606
