mask,h1_n,h1_d,h1_z,h1_scan_p,h2_n,h2_d,h2_z,m_n,m_d,m_z
entry_gap_expand_marginal>0 ∧ entry_global_volume_ratio≤0.762,22.0,-0.41218695044517517,-4.2064361572265625,0.767,19.666666666666668,0.163278231918145,1.3560095450846015,9,0.2783109636563966,0.7567516921684719
d_btc_adx_chg>-0.0646 ∧ k_btc_1h_gap20_50≤-0.4764,28.0,-0.47312405705451965,-4.186040878295898,0.774,37.333333333333336,-0.013197391895278479,-0.13380465327870703,9,-0.43735241416740017,-1.489249634685948
entry_global_volume_ratio≤0.762 ∧ entry_btc_rsi_closed>59.64,27.33333396911621,-0.4029017984867096,-3.9752683639526367,0.898,21.0,0.03695863545232719,0.2723410685491952,3,,
entry_gap_expand_marginal>0 ∧ k_btc_4h_slope≤-0.3915,19.33333396911621,-0.3971916139125824,-3.8895699977874756,0.923,14.0,0.02901423978210918,0.3013360066702481,4,0.08265600942207116,0.2700695169938362
entry_gap_expand_marginal>0 ∧ k_btc_off24h_high≤-2.649,17.33333396911621,-0.3759802281856537,-3.847266674041748,0.946,9.666666666666666,-0.12335109363366209,-1.2083696718858363,3,-0.14829160107256836,-0.4564564648958105
entry_ema50_slope>0.149 ∧ k_pair_off24h_high>-5.338,35.66666793823242,0.35260841250419617,3.790984630584717,0.96,44.666666666666664,0.03496274730462261,0.34109634323020266,11,0.20239356342646747,0.6045874547279673
entry_pair_ema20_ema50_gap_pct>0.2435 ∧ k_pair_off24h_high>-5.338,35.66666793823242,0.34610670804977417,3.7400412559509277,0.973,40.0,0.06954802683596602,0.6478101848800768,11,0.20239356342646747,0.6045874547279673
k_btc_ret24h>-1.653 ∧ k_pair_ret1h≤0.812,32.66666793823242,0.39535143971443176,3.6874403953552246,0.982,32.0,0.0420226143007434,0.33636347554379775,12,0.5449468255180099,1.8573112913952443
entry_gap_expand_marginal>0 ∧ k_btc_day_ret≤-0.8001,21.0,-0.3567659556865692,-3.466341495513916,0.996,16.333333333333332,-0.1911388371901478,-2.3014319596692445,8,0.2811852823335073,0.8428776199060465
entry_gap_expand_marginal>0 ∧ k_eth_slope1h≤-0.3392,20.66666603088379,-0.3777751326560974,-3.4510247707366943,0.997,8.666666666666666,-0.05767417691717058,-0.46147611031847485,3,-0.14829160107256836,-0.4564564648958105
entry_global_volume_ratio>0.762 ∧ k_alt_up_share24>0.2114,30.66666603088379,0.397258460521698,3.3639698028564453,0.998,43.333333333333336,-0.1443675982518886,-1.5077811901471352,11,0.11810580595189268,0.392646381419504
k_pair_ret1h≤0.812 ∧ k_alt_up_share24>0.2114,32.66666793823242,0.36095479130744934,3.3521838188171387,0.999,26.666666666666668,-0.008061446951861187,-0.06350077127118224,10,0.4899855058478499,1.6039118700359434
entry_global_volume_ratio≤0.762 ∧ d_btc_adx_chg>-0.0646,26.0,-0.3520742654800415,-3.347644567489624,0.999,27.666666666666668,0.16550306536358744,1.552760054565775,15,-0.22987925162644698,-0.8211088996397966
k_pair_ret1h≤0.812 ∧ k_pair_ret24h>-2.373,31.66666603088379,0.34516850113868713,3.34733247756958,0.999,30.666666666666668,0.009555856263306656,0.08275614987389217,11,0.4348124332542789,1.5038787347690226
entry_btc_rsi_closed>59.64 ∧ k_btc_ret24h≤-1.653,31.33333396911621,-0.39865633845329285,-3.343642473220825,0.999,18.333333333333332,-0.1257735543838036,-0.8939985955508837,2,,
entry_gap_expand_marginal>0 ∧ k_btc_1h_gap20_50≤-0.4764,19.0,-0.37014567852020264,-3.2897753715515137,1.0,19.0,0.09003260168785801,1.0877276394323794,5,0.0745666652609139,0.29303639900440276
k_pair_slope1h>-0.3332 ∧ k_pair_ret1h≤0.812,32.33333206176758,0.32932209968566895,3.2734930515289307,1.0,32.666666666666664,0.03953880332710302,0.3659257694992059,8,0.592728138071251,1.510385027619971
entry_gap_5_20_prev_signed_pct>0.3329 ∧ k_btc_day_ret≤-0.8001,28.33333396911621,-0.3888568878173828,-3.2644615173339844,1.0,27.333333333333332,0.10843922034251516,1.047814591738683,2,,
entry_ema_gap_8_13>0.1294 ∧ k_btc_day_ret≤-0.8001,28.66666603088379,-0.3908960819244385,-3.2618043422698975,1.0,31.333333333333332,-0.06416482115464965,-0.545356619308854,9,0.6518556241912211,2.368622359011367
k_pair_ret1h≤0.812 ∧ k_alt_med_ret24>-1.961,31.0,0.35119956731796265,3.2127363681793213,1.0,28.333333333333332,-0.012513792028403317,-0.09933757722876721,10,0.4899855058478499,1.6039118700359434
k_btc_ret1h≤0.4257 ∧ k_pair_off24h_high>-5.338,30.66666603088379,0.26505741477012634,3.1933059692382812,1.0,37.0,-0.05124624376778365,-0.5907137240920239,9,4.838380930113906e-05,0.00010747283037324417
entry_gap_expand_marginal>0 ∧ k_btc_ret24h≤-1.653,23.0,-0.3479386866092682,-3.1923511028289795,1.0,12.666666666666666,-0.013474827452728058,-0.12004369620906118,4,0.08265600942207116,0.2700695169938362
k_btc_off24h_high>-2.649 ∧ k_pair_ret1h≤0.812,31.33333396911621,0.3265611529350281,3.1858088970184326,1.0,35.0,0.010140432648579042,0.08769549163689404,12,0.38085133348852784,1.2927966390888885
entry_gap_5_20_signed_pct>0.3514 ∧ k_btc_day_ret≤-0.8001,29.0,-0.3804872930049896,-3.1804592609405518,1.0,27.0,0.0926873187892483,0.8811659767549438,2,,
entry_gap>0.3514 ∧ k_btc_day_ret≤-0.8001,29.0,-0.3804872930049896,-3.1804592609405518,1.0,27.0,0.0926873187892483,0.8811659767549438,9,0.6518556241912211,2.368622359011367
