id,binance_order_id,pair,direction,status,entry_price,exit_price,current_price,investment,leverage,notional_value,quantity,confidence,entry_gap,entry_ema_gap_5_8,entry_rsi,entry_adx,entry_adx_prev,entry_ema5_stretch,entry_price_vs_ema5_pct,entry_macro_trend,entry_ema20_slope,entry_btc_ema20_slope,entry_btc_adx,entry_btc_adx_prev,entry_btc_rsi,entry_btc_rsi_prev,entry_global_volume_ratio,entry_pair_volume_ratio,entry_bull_pct,entry_bear_pct,entry_range_position,entry_adx_delta,entry_quality_score,entry_btc_regime,exit_btc_regime,entry_btc_regime_started_at,entry_btc_trend_gap_pct,entry_pos_di,entry_neg_di,entry_atr_pct,entry_ema50_slope,entry_funding_rate,entry_pair_ema20_ema50_gap_pct,entry_pair_volume_24h_usd,exit_pair_ema20_ema50_gap_pct,exit_btc_trend_gap_pct,first_cross_ema13_at,first_cross_ema13_pnl_pct,confirmed_cross_ema13_at,confirmed_cross_ema13_pnl_pct,first_cross_ema20_at,first_cross_ema20_pnl_pct,confirmed_cross_ema20_at,confirmed_cross_ema20_pnl_pct,entry_fee,exit_fee,total_fee,pnl,pnl_percentage,peak_pnl,trough_pnl,high_price_since_entry,low_price_since_entry,peak_ema5_gap,peak_ema5_dist_pct,peak_ema5_slope_pct,peak_reached_at,trough_reached_at,trough_ema5_dist_pct,ema5_went_negative,current_tp_level,dynamic_tp_target,no_expansion_last_check,signal_active_at_close,exit_slippage_pct,closing_in_progress,close_initiated_at,protective_sl_order_id,protective_tp_order_id,cell_multiplier,cell_multiplier_source,cell_multiplier_capped,ema13_strict_held_pnl_pct,trailing_first_pullback_pnl_pct,trailing_pullback_resets,trailing_confirmed_at,exit_price_vs_ema5_pct,exit_ema5_slope_pct,exit_ema5_crossed,post_exit_running_high,post_exit_running_low,post_exit_running_peak_at,post_exit_running_trough_at,post_exit_peak_pnl,post_exit_trough_pnl,post_exit_peak_minutes,post_exit_trough_minutes,post_exit_signal_lost_minutes,post_exit_pnl_at_signal_lost,post_exit_final_pnl,post_exit_peak_before_signal_lost,post_exit_rsi_exit_minutes,post_exit_rsi_exit_pnl,post_exit_rsi3_exit_minutes,post_exit_rsi3_exit_pnl,post_exit_signal_regained_minutes,post_exit_pnl_at_signal_regained,post_exit_floor_before_signal_regain,phantom_be_l1_triggered_at,phantom_be_l1_would_exit_pnl,phantom_be_l2_triggered_at,phantom_be_l2_would_exit_pnl,phantom_tick_a_triggered_at,phantom_tick_a_pnl,phantom_tick_b_triggered_at,phantom_tick_b_pnl,phantom_tick_c_triggered_at,phantom_tick_c_pnl,phantom_tick_d_triggered_at,phantom_tick_d_pnl,phantom_tick_e_triggered_at,phantom_tick_e_pnl,phantom_tick_f_triggered_at,phantom_tick_f_pnl,phantom_tick_g_triggered_at,phantom_tick_g_pnl,signal_lost_flagged,signal_lost_flag_pnl,signal_lost_flagged_at,fl1_origin,fl2_flagged,fl2_flagged_at,fl2_flag_pnl,regime_neutral_hit_at,regime_neutral_pnl,regime_comeback_at,regime_comeback_pnl,regime_opposite_at,regime_opposite_pnl,first_rsi2_pnl,first_rsi2_minutes,first_rsi3_pnl,first_rsi3_minutes,opened_at,closed_at,close_reason,entry_order_type,exit_order_type,is_paper,notes
46,,BUSDT,LONG,CLOSED,0.474,0.4702,0.4712,256.0274915181792,20.0,5120.549830363584,10802.847743383089,VERY_STRONG,0.6199,0.2147,59.13,22.0922,20.4898,0.2593,0.2599,BULLISH,0.25,0.0228,18.1558,18.1815,52.1,58.8,0.9388,0.845,52.3,34.1,69.6,1.6024,4.0,HEALTHY_BULL,CHOPPY_WEAK,,0.159,26.497021197130927,10.581604858933986,1.4249,0.6963,0.000199,1.1854,155598600.6081,,0.1233,,,,,,,,,2.304247423663613,2.285774554022428,4.590021977686041,-45.640843402541456,-0.891327004219403,0.20522573839662708,-0.891327004219403,0.4754,0.474,0.0,0.7981,0.4369,2026-05-11T12:47:40.266543,2026-05-11T12:52:32.070573,-0.3459,ENDED_NEG,1,0.5,,True,,False,,,,2.0,STRETCH_0.25-0.30,True,,,0,,-0.3459,0.31,True,0.4822,0.4686,2026-05-11T13:17:20.669911,2026-05-11T12:58:36.005619,1.64,-1.2292,24.8,6.06,,,0.9016,,5.52,-0.744,,,,,,,,,,2026-05-11T13:19:19.524252,0.564,2026-05-11T13:19:24.597284,0.4374,2026-05-11T13:19:30.669692,0.4163,2026-05-11T13:19:30.669692,0.4163,2026-05-11T13:19:30.669692,0.4163,2026-05-11T13:19:30.669692,0.4163,2026-05-11T13:19:31.681988,0.3741,False,,,,False,,,2026-05-11T12:46:18.513469,-0.322,,,,,,,-0.3431,5.61,2026-05-11T12:45:44,2026-05-11T12:52:32.073076,STOP_LOSS_WIDE L1,TAKER_FALLBACK,TAKER,True,
45,,SUIUSDT,LONG,CLOSED,1.2824,1.2721,1.2734,563.2102913737568,20.0,11264.205827475136,8783.691381374872,STRONG_BUY,0.4662,0.1671,64.8,15.338,14.2176,0.2566,0.2573,BULLISH,0.228,0.0313,18.7843,18.1815,59.5,58.8,0.6984,1.054,56.8,20.5,91.9,1.1204,3.0,HEALTHY_BULL,CHOPPY_WEAK,,0.1683,27.7240482058953,14.960235532109555,0.5017,0.1208,-0.00068,0.3047,1814975171.95374,,0.1127,2026-05-11T12:51:37.208494,-0.5187,,,2026-05-11T13:14:56.231287,-0.6512,,,5.068892622363811,5.028180212811138,10.097072835174949,-100.56909406333591,-0.8928201029320005,0.4478115252651206,-0.8928201029320005,1.2893,1.2824,0.0,0.6776,0.0537,2026-05-11T13:07:12.340286,2026-05-11T13:35:04.222172,-0.6653,ENDED_NEG,1,0.5,,True,,False,,,,2.0,PAIR_60-65_15-18,False,-0.5186903462258313,,0,,-0.6653,0.0537,True,1.2875,1.2657,2026-05-11T14:11:04.555131,2026-05-11T13:55:11.009281,,,,,,,,,,,,,,,,,,,,,,,,,,,,,,,,,,False,,,,False,,,2026-05-11T12:46:18.510322,0.0893,,,2026-05-11T12:55:15.148172,-0.3004,-0.4252,10.45,,,2026-05-11T12:42:01,2026-05-11T13:35:04.224580,STOP_LOSS_WIDE L1,TAKER_FALLBACK,TAKER,True,
44,,BUSDT,LONG,CLOSED,0.47500000000000003,0.471,0.4721,603.8936532788596,20.0,12077.87306557719,25427.10119068882,STRONG_BUY,0.7346,0.2934,62.84,20.3002,18.5914,0.7794,0.7856,BULLISH,0.3083,0.0497,18.8444,17.5508,63.0,59.9,0.8425,0.832,56.8,18.2,81.2,1.7089,3.0,HEALTHY_BULL,HEALTHY_BULL,,0.1752,26.489940408599438,10.684901270282648,1.4347,0.6657,-0.00068,1.2074,154966936.67,,0.1667,,,,,,,,,2.1740171518038944,5.389274097366495,7.563291249170389,-109.27169601192718,-0.904726315789486,0.0,-0.904726315789486,0.47500000000000003,0.47500000000000003,0.0,,,,2026-05-11T12:40:00.444588,0.0219,NEVER,1,0.5,,True,,False,,,,2.0,PAIR_60-65_18-22,False,,,0,,0.0219,0.4449,False,0.4822,0.4686,2026-05-11T13:17:20.669911,2026-05-11T12:58:36.005619,1.4528,-1.4104,37.31,18.56,,,0.2107,,18.02,-0.9262,11.3,-0.5262,,,,,,,,2026-05-11T13:19:19.524252,0.3791,2026-05-11T13:19:24.597284,0.2528,2026-05-11T13:19:30.669692,0.2317,2026-05-11T13:19:30.669692,0.2317,2026-05-11T13:19:30.669692,0.2317,2026-05-11T13:19:30.669692,0.2317,2026-05-11T13:19:31.681988,0.1896,False,,,,False,,,,,,,,,,,,,2026-05-11T12:38:19,2026-05-11T12:40:00.447258,STOP_LOSS_WIDE L1,MAKER,TAKER,True,
43,,BUSDT,LONG,CLOSED,0.4723,0.4747,0.4747,295.9316999829895,20.0,5918.633999659791,12531.513867583719,STRONG_BUY,0.6027,0.2299,59.38,20.1565,18.5914,0.4029,0.4045,BULLISH,0.2532,0.0497,18.8444,17.5508,63.0,59.9,0.7921,0.7661,59.1,18.2,70.4,1.5651,4.0,HEALTHY_BULL,HEALTHY_BULL,,0.1751,25.55374902990027,10.820979413969264,1.4247,0.6426,-0.00068,1.1473,154890856.9047,,0.1752,,,,,,,,,1.0653541199387624,2.6769193348238964,3.7422734547626586,26.333359827438436,0.44492293034088787,0.9316824052508961,-0.10532691086173575,0.477,0.4723,0.0,1.3633,0.3602,2026-05-11T12:38:05.117775,2026-05-11T12:37:15.300538,0.3396,NEVER,2,1.0,,True,,False,,,,1.0,,False,,0.48724984120262343,1,,0.8854,0.3602,False,0.4822,0.4686,2026-05-11T13:17:20.669911,2026-05-11T12:58:36.005619,2.0331,-0.8464,39.2,20.45,,,0.911,,19.91,-0.3594,13.19,0.0429,,,,2026-05-11T12:37:40.952434,,,,2026-05-11T12:38:35.183056,0.2969,2026-05-11T12:38:50.421863,0.3181,2026-05-11T12:38:50.421863,0.3181,2026-05-11T12:39:11.855779,0.1276,2026-05-11T12:39:12.872352,0.1699,2026-05-11T12:39:11.855779,0.1276,2026-05-11T12:39:45.321679,0.1064,False,,,,False,,,,,,,,,,,,,2026-05-11T12:37:10,2026-05-11T12:38:08.435923,TRAILING_STOP L2,MAKER,TAKER,True,
42,,TAOUSDT,LONG,CLOSED,324.69,322.09,322.11,588.787945542456,20.0,11775.75891084912,36.267698145459114,STRONG_BUY,0.2027,0.1251,62.1,16.729,16.3807,0.3527,0.354,BULLISH,0.1569,0.062,17.5458,15.9333,63.5,67.4,0.9513,1.2131,61.4,18.2,91.5,0.3482,2.0,CHOPPY_WEAK,CHOPPY_WEAK,,0.1746,29.29442374825876,19.02382783865986,0.3906,0.005,-0.00068,0.1187,298429846.98,,0.133,2026-05-11T12:48:03.389237,-0.5733,,,2026-05-11T12:48:04.948734,-0.6503,,,5.299091509882103,5.256658303051917,10.555749812934021,-104.85176499112855,-0.8904034617635355,0.0,-0.8904034617635355,324.97,324.69,0.0,,,,2026-05-11T12:51:15.524788,-0.4349,ENDED_NEG,1,0.5,,True,,False,,,,2.0,PAIR_60-65_15-18,False,-0.5733205519110515,,0,,-0.4349,0.1435,True,324.37,317.49,2026-05-11T13:04:51.056811,2026-05-11T13:36:16.063158,-0.1886,-2.3075,13.59,45.0,0.07,-0.9493,-2.3075,0.0,0.07,-0.9493,,,,,,,,,,,,,,,,,,,,,,,,False,,,,False,,,2026-05-11T12:46:18.508179,-0.2039,,,,,-0.2624,4.85,-0.2624,4.85,2026-05-11T12:35:45,2026-05-11T12:51:15.527351,STOP_LOSS_WIDE L1,TAKER_FALLBACK,TAKER,True,
41,,BUSDT,LONG,CLOSED,0.47140000000000004,0.472,0.472,302.0352531768775,20.0,6040.705063537551,12814.393431348219,STRONG_BUY,0.584,0.2785,58.78,17.1201,15.4088,0.3815,0.3829,BULLISH,0.3843,0.0465,15.9541,14.651,63.9,68.0,1.102,0.9309,40.9,38.6,66.8,1.7113,2.0,CHOPPY_WEAK,HEALTHY_BULL,,0.1651,27.138828162374786,11.806898046283996,1.4618,0.5411,-0.00068,1.0914,154252784.8702,,0.1751,,,,,,,,,1.0873269114367592,2.7217771648183615,3.809104076255121,3.8795319825529635,0.06422316504029144,0.530708103521419,-0.7627274077216853,0.4742,0.47140000000000004,0.0,0.9675,0.5981,2026-05-11T12:35:46.718690,2026-05-11T12:32:36.702114,-0.2732,RECOVERED,1,0.5,,True,,False,,,,1.0,,False,,0.08542702588035181,0,,0.5059,0.5981,True,0.4823,0.4686,2026-05-11T13:17:20.669911,2026-05-11T12:58:36.005619,2.2493,-0.657,40.95,22.2,,,1.2734,,0.0,0.0855,14.94,0.234,,,,2026-05-11T12:35:46.716269,0.19144633008060644,,,2026-05-11T12:38:35.183056,0.4885,2026-05-11T12:36:26.898382,0.1703,2026-05-11T12:36:26.898382,0.1703,2026-05-11T12:39:10.837282,0.3188,2026-05-11T12:39:10.837282,0.3188,2026-05-11T12:39:10.837282,0.3188,2026-05-11T12:39:45.321679,0.2976,False,,,,False,,,,,,,,,-0.5931,3.38,,,2026-05-11T12:28:41,2026-05-11T12:36:23.525513,TRAILING_STOP L1,MAKER,TAKER,True,
40,,LDOUSDT,LONG,CLOSED,0.44270000000000004,0.4399,0.4398,302.0352531768775,20.0,6040.705063537551,13645.143581516943,STRONG_BUY,0.2631,0.0593,56.4,15.9254,15.5905,0.3692,0.3706,BULLISH,0.1294,0.0477,15.9541,14.651,65.0,68.0,1.0573,1.3505,40.9,40.9,74.2,0.3348,3.0,CHOPPY_WEAK,CHOPPY_WEAK,,0.1664,24.993299981237616,16.565822364177986,1.0771,0.6946,-0.00068,1.0459,85518318.7627,,0.1811,2026-05-11T12:30:20.377656,-0.6049,,,2026-05-11T12:30:31.263514,-0.7178,,,1.0873269114367592,2.701124397679186,3.7884513091159455,-41.99485333736372,-0.6951978766659193,0.004735486785626157,-0.7855118590467667,0.443,0.44270000000000004,0.0,0.4142,0.3022,2026-05-11T12:27:45.262447,2026-05-11T12:30:32.290508,-0.2499,ENDED_NEG,1,0.5,,False,,False,,,,1.0,,False,-0.6048838942850718,,0,,-0.1185,-0.0454,True,0.4464,0.4363,2026-05-11T13:08:53.764254,2026-05-11T12:48:02.282081,0.7728,-1.5087,37.92,17.06,0.01,-0.6955,-0.4018,0.0,9.62,-0.9665,12.19,-0.9665,,,,,,,,,,2026-05-11T13:05:16.187930,0.0725,2026-05-11T13:09:36.599153,0.3662,2026-05-11T13:10:05.424711,0.0499,2026-05-11T13:10:05.424711,0.0499,2026-05-11T13:05:47.645985,0.0499,2026-05-11T13:10:05.424711,0.0499,False,,,,False,,,,,,,,,,,-0.7178,3.4,2026-05-11T12:27:32,2026-05-11T12:30:58.158133,EMA13_CROSS_EXIT L1,MAKER,TAKER,True,
39,,SAHARAUSDT,LONG,CLOSED,0.03667,0.03637,0.03643,646.3748312807763,20.0,12927.496625615528,352536.0410585091,STRONG_BUY,0.319,0.1221,60.68,16.4994,14.6463,0.1935,0.1938,BULLISH,0.1833,0.0425,16.6299,16.7789,62.1,61.5,0.6292,1.0208,52.3,22.7,74.1,1.8532,3.0,CHOPPY_WEAK,CHOPPY_WEAK,,0.1469,21.902419449600202,9.25527828183174,0.4909,0.0379,7.8e-05,0.1144,114737703.1772,,0.1487,2026-05-11T11:46:32.437308,-0.6079,,,2026-05-11T11:46:40.161430,-0.6897,,,5.817373481526987,5.769781115984089,11.587154597511077,-117.34796691506438,-0.9077392964276019,0.0,-0.9077392964276019,0.0367,0.03667,0.0,,,,2026-05-11T11:47:00.786484,-0.4658,ENDED_NEG,1,0.5,,True,,False,,,,2.0,PAIR_60-65_15-18,False,-0.6079015544041522,,0,,-0.4658,0.1202,True,0.03747,0.03636,2026-05-11T12:09:31.841409,2026-05-11T11:59:50.704461,2.0916,-0.9354,22.51,12.83,0.27,-0.799,1.4371,0.0,0.0,-0.8263,4.75,-0.799,,,,,,,,2026-05-11T12:10:07.119299,1.4371,2026-05-11T12:10:15.155014,1.5462,2026-05-11T12:10:22.185977,1.6008,2026-05-11T12:11:04.372170,1.3008,2026-05-11T12:11:04.372170,1.3008,2026-05-11T12:11:03.367898,1.3281,2026-05-11T12:11:03.367898,1.3281,False,,,,False,,,,,,,,,-0.2535,2.25,-0.3898,3.37,2026-05-11T11:41:41,2026-05-11T11:47:00.788766,STOP_LOSS_WIDE L1,TAKER_FALLBACK,TAKER,True,
38,,1000LUNCUSDT,LONG,CLOSED,0.1027,0.10315,0.10315,624.4844324791693,20.0,12489.688649583386,121613.32667559285,STRONG_BUY,0.6803,0.2408,62.06,17.0132,16.0613,0.265,0.2657,BULLISH,0.325,0.0239,22.0067,22.8496,56.1,58.7,0.954,1.2531,36.4,31.8,85.8,0.9519,2.0,HEALTHY_BULL,CHOPPY_FLAT,,0.1366,27.19395489155783,14.840625745530946,0.6893,0.2767,7.8e-05,0.6083,82757436.12334,,0.0945,,,,,,,,,2.2481439569250097,5.644986590964331,7.89313054788934,46.832866456128166,0.3749722492697234,0.7642809152872478,-0.4231105160662077,0.10355,0.1027,0.0,0.6035,0.3247,2026-05-11T11:10:44.269410,2026-05-11T10:59:04.673630,-0.222,RECOVERED,2,1.0,,True,,False,,,,2.0,PAIR_60-65_15-18,False,,0.4528339824732255,1,,0.2181,0.3247,True,0.10351,0.10079,2026-05-11T11:13:27.045322,2026-05-11T11:51:12.862470,0.7257,-1.9228,2.56,40.32,26.01,-0.2383,-1.4944,0.7257,10.4,0.1512,11.53,0.0928,,,,2026-05-11T11:08:56.433626,,,,2026-05-11T11:10:54.575602,0.4141,2026-05-11T11:10:54.575602,0.4141,2026-05-11T11:10:55.589233,0.4141,2026-05-11T11:10:54.575602,0.4141,2026-05-11T11:10:55.589233,0.4141,2026-05-11T11:10:54.575602,0.4141,2026-05-11T11:11:00.632292,0.2486,False,,,,False,,,2026-05-11T10:56:06.324080,0.1317,,,,,0.083,2.26,,,2026-05-11T10:53:18,2026-05-11T11:10:53.238221,TRAILING_STOP L2,MAKER,TAKER,True,
37,,1000LUNCUSDT,LONG,CLOSED,0.10250000000000001,0.10288,0.10288,606.4966299897185,20.0,12129.93259979437,118340.80585165239,STRONG_BUY,0.4924,0.2023,60.96,15.2293,15.0305,0.4093,0.411,BULLISH,0.2447,0.0245,23.7806,24.3884,57.7,54.6,1.275,1.202,47.7,34.1,96.2,0.1988,3.0,HEALTHY_BULL,HEALTHY_BULL,,0.1394,24.139735395922383,16.83993547849261,0.7068,0.1698,7.8e-05,0.4046,83435597.12371,,0.1401,,,,,,,,,2.183387867962987,5.478705947708099,7.662093815671087,37.30741240795581,0.30756487804877214,0.6878814634146272,-0.1702687804878174,0.10327,0.10250000000000001,0.0,0.838,0.6779,2026-05-11T10:50:44.298392,2026-05-11T10:44:34.538434,0.244,NEVER,2,1.0,,True,,False,,,,2.0,PAIR_60-65_15-18,False,,0.38557853658535435,0,,0.2228,0.7019,False,0.10351,0.10234,2026-05-11T11:13:27.045322,2026-05-11T10:59:04.714318,0.9224,-0.2191,20.96,6.59,44.41,-0.0435,-0.0532,0.9224,3.07,0.2785,29.93,0.2882,,,,2026-05-11T10:47:00.709348,,,,2026-05-11T10:52:33.565082,0.3175,2026-05-11T10:52:30.534858,0.3077,2026-05-11T10:52:33.565082,0.3175,2026-05-11T10:52:30.534858,0.3077,2026-05-11T10:52:33.565082,0.3175,2026-05-11T10:52:30.534858,0.3077,2026-05-11T10:52:29.525971,0.3077,False,,,,False,,,2026-05-11T10:47:08.271996,0.4733,2026-05-11T10:50:28.779396,0.6099,,,,,,,2026-05-11T10:44:19,2026-05-11T10:52:29.189998,TRAILING_STOP L2,MAKER,TAKER,True,
36,,币安人生USDT,LONG,CLOSED,0.4263,0.42275,0.42528,649.785155477801,20.0,12995.70310955602,30484.877104283412,STRONG_BUY,0.6269,0.2343,63.55,16.3115,14.7889,0.3462,0.3474,BULLISH,0.334,0.0498,26.0779,25.019,61.1,60.0,1.0325,1.3442,63.6,18.2,88.0,1.5226,2.0,HEALTHY_BULL,HEALTHY_BULL,,0.1493,25.60047161845242,12.0182781184047,0.5605,0.1009,0.0001,0.2905,145835927.14123,,0.1394,2026-05-11T10:44:06.627039,-0.743,,,,,,,2.3392265597200836,5.799366808126115,8.138593367846198,-116.35990708805224,-0.8953721557588546,0.394218508092894,-0.8953721557588546,0.42825,0.4263,0.0,0.7751,0.7219,2026-05-11T10:40:44.857096,2026-05-11T10:44:06.668415,-0.624,ENDED_NEG,1,0.5,,True,,False,,,,2.0,PAIR_60-65_15-18,False,-0.742965986394561,,0,,-0.624,0.4089,False,0.42401,0.41552,2026-05-11T10:44:49.281238,2026-05-11T10:57:11.099570,-0.6002,-2.5917,0.7,13.07,3.59,-1.1772,-1.5831,0.0,1.36,-0.6846,5.82,-1.569,,,,,,,,,,,,,,,,,,,,,,False,,,,False,,,,,,,,,,,,,2026-05-11T10:36:20,2026-05-11T10:44:06.670838,STOP_LOSS_WIDE L1,MAKER,TAKER,True,
35,,NEARUSDT,LONG,CLOSED,1.554,1.567,1.567,115.08352031912227,20.0,2301.6704063824454,1481.1263876334913,VERY_STRONG,0.1375,0.0525,61.6,23.3259,22.9496,0.2702,0.2709,BULLISH,0.0665,0.0258,16.4502,17.5853,57.2,57.5,0.5768,0.9723,50.0,31.8,66.7,0.3763,1.0,CHOPPY_WEAK,HEALTHY_BULL,,0.02,23.506569543282392,13.16001104580288,0.3451,0.1797,-3.1e-05,0.2857,125415605.935,,0.1227,,,,,,,,,0.4143006731488402,1.0444162722397563,1.4587169453885966,17.795926093846646,0.7731743886743825,1.2234221364221376,-0.3202844272844275,1.574,1.554,0.0,0.5602,0.6672,2026-05-11T10:22:01.665712,2026-05-11T09:45:16.375251,-0.0558,RECOVERED,3,1.5,,True,,False,,,,2.0,STRETCH_0.25-0.30,True,,0.7731743886743825,1,,0.116,0.6672,True,1.569,1.554,2026-05-11T10:23:15.886483,2026-05-11T10:39:37.963661,0.9023,-0.063,0.05,16.42,16.49,-0.063,0.1944,0.9023,3.07,0.7092,3.07,0.7092,,,,2026-05-11T10:10:44.808178,,2026-05-11T10:18:02.677116,,2026-05-11T10:23:31.027850,0.7092,2026-05-11T10:23:12.856947,0.7736,2026-05-11T10:23:13.866257,0.7736,2026-05-11T10:23:12.856947,0.7736,2026-05-11T10:23:13.866257,0.7736,2026-05-11T10:23:12.856947,0.7736,2026-05-11T10:23:12.856947,0.7736,False,,,,False,,,2026-05-11T09:40:53.497090,-0.1916,2026-05-11T09:43:07.737276,-0.1916,,,,,-0.256,6.71,2026-05-11T09:38:06,2026-05-11T10:23:12.516114,TRAILING_STOP L3,MAKER,TAKER,True,
34,,TAOUSDT,LONG,CLOSED,320.88,323.3,323.3,100.0,20.0,2000.0,6.232859636000997,STRONG_BUY,0.1299,0.1032,62.65,18.6228,18.0357,0.4915,0.4939,BULLISH,0.0962,0.022,25.4934,27.0115,56.9,55.8,0.8548,1.3359,52.3,38.6,85.9,0.5871,1.0,HEALTHY_BULL,HEALTHY_BULL,,-0.0791,29.42084410275144,17.184629244019103,0.3946,-0.0916,1.5e-05,-0.0824,295053766.9,,0.009,,,,,,,,,0.36000000000000004,0.906787584143605,1.2667875841436051,13.816732734978906,0.6908366367489452,1.0272595986038395,-0.5022188668661082,324.38,320.88,0.0,0.7941,0.4828,2026-05-11T09:24:27.796704,2026-05-11T08:58:55.052349,-0.0345,RECOVERED,2,1.0,,True,,False,,,,2.0,PAIR_60-65_18-22,True,,0.7219869109947586,0,,0.4627,0.4828,True,326.9,321.71,2026-05-11T09:57:37.306599,2026-05-11T09:40:08.985343,1.8131,0.1957,32.26,14.78,,,1.5295,,11.44,0.741,13.87,0.4917,,,,2026-05-11T09:21:00.471568,,2026-05-11T09:24:27.767235,,2026-05-11T09:31:17.754995,0.9374,2026-05-11T09:25:22.946148,0.6881,2026-05-11T09:31:17.754995,0.9374,2026-05-11T09:25:22.946148,0.6881,2026-05-11T09:31:36.950942,0.9498,2026-05-11T09:26:15.794969,0.6943,2026-05-11T09:26:43.131542,0.632,False,,,,False,,,2026-05-11T08:55:51.331965,-0.253,2026-05-11T09:10:21.190024,-0.1565,,,-0.4337,10.07,-0.2624,6.72,2026-05-11T08:48:35,2026-05-11T09:25:21.588213,TRAILING_STOP L2,MAKER,TAKER,True,
33,,LINKUSDT,LONG,CLOSED,10.576,10.614,10.614,724.5664807991614,20.0,14491.329615983228,1370.2089273811675,STRONG_BUY,0.1819,0.0789,63.11,16.9789,16.6157,0.1896,0.1899,BULLISH,0.0974,0.0222,25.7226,27.0115,57.1,55.8,0.7099,0.7671,54.5,38.6,100.0,0.3633,1.0,HEALTHY_BULL,HEALTHY_BULL,,-0.0788,25.311021771285468,16.284271607226973,0.2237,-0.0181,1.5e-05,-0.011,171131026.973,,0.1433,2026-05-11T08:58:37.228117,-0.3371,,,2026-05-11T08:58:46.160190,-0.3938,,,2.608439330876981,6.544528899850671,9.152968230727652,42.91497100975707,0.2961423978819994,0.5985781013615761,-0.49775132375190195,10.646,10.576,0.0,0.2438,0.2967,2026-05-11T10:22:14.779626,2026-05-11T09:02:37.740990,-0.1897,ENDED_NEG,2,1.0,,True,,False,,,,2.0,PAIR_60-65_15-18,False,-0.3370823562783653,0.2961423978819994,0,,-0.0453,0.2209,True,10.614,10.53,2026-05-11T10:29:18.964871,2026-05-11T11:12:31.576288,0.2963,-0.4979,0.0,43.21,8.16,0.0032,-0.4034,0.2963,0.0,0.2963,7.01,0.1072,,,,2026-05-11T10:19:15.505856,,,,,,2026-05-11T10:30:43.663643,0.0788,,,2026-05-11T10:30:43.663643,0.0788,,,2026-05-11T10:30:31.593695,0.1639,2026-05-11T10:30:13.471607,0.2018,False,,,,False,,,2026-05-11T08:46:52.340893,-0.1953,2026-05-11T08:47:59.772512,-0.1481,,,-0.1859,11.23,-0.1859,10.11,2026-05-11T08:46:19,2026-05-11T10:29:18.633403,TRAILING_STOP L2,MAKER,TAKER,True,
32,,UNIUSDT,LONG,CLOSED,3.9250000000000003,3.922,3.922,724.5664807991614,20.0,14491.329615983228,3692.0585008874464,STRONG_BUY,0.2322,0.1162,58.79,15.2188,14.2632,0.1648,0.165,BULLISH,0.1382,0.0222,25.7226,27.0115,57.1,55.8,0.7099,0.8537,54.5,38.6,78.7,0.9556,3.0,HEALTHY_BULL,CHOPPY_WEAK,,-0.0788,22.11994607983428,12.539627685434516,0.3855,-0.1402,1.5e-05,-0.1648,204960981.939,,0.0179,2026-05-11T09:02:16.865872,-0.2922,,,2026-05-11T09:19:31.313733,-0.2413,,,2.608439330876981,6.516114048216254,9.124553379093236,-20.200728881755992,-0.13939872611465257,0.29352738853502647,-0.31766242038217146,3.939,3.9250000000000003,0.0,0.3549,0.3968,2026-05-11T08:53:53.128734,2026-05-11T09:02:35.487744,-0.2254,ENDED_NEG,1,0.5,,False,,False,,,,2.0,STRETCH_0.16-0.20,False,-0.29219617834395767,,0,,-0.0828,-0.1169,True,3.953,3.92,2026-05-11T10:19:12.915671,2026-05-11T09:43:17.850847,0.6504,-0.1904,37.74,1.82,0.01,-0.1394,0.4211,0.0,0.01,-0.1394,23.5,0.0644,,,,,,,,2026-05-11T10:04:35.493083,0.0389,2026-05-11T10:04:35.493083,0.0389,2026-05-11T10:04:35.493083,0.0389,2026-05-11T10:04:35.493083,0.0389,2026-05-11T10:04:35.493083,0.0389,2026-05-11T10:03:18.632227,0.2427,2026-05-11T10:03:18.632227,0.2427,False,,,,False,,,2026-05-11T08:46:52.337975,-0.2413,2026-05-11T08:47:59.770269,-0.1139,,,0.0134,10.15,-0.1649,14.61,2026-05-11T08:46:17,2026-05-11T09:41:28.254941,EMA13_CROSS_EXIT L1,MAKER,TAKER,True,
31,,FILUSDT,SHORT,CLOSED,1.129,1.123,1.123,362.2832403995807,20.0,7245.664807991614,6417.772194855283,VERY_STRONG,0.325,0.0812,37.11,33.633,32.3564,0.1017,-0.1016,BEARISH,-0.1515,-0.0313,29.2625,28.8977,41.0,35.9,0.6914,1.1462,20.5,65.9,15.8,1.2766,3.0,STRONG_BEAR,CHOPPY_FLAT,,-0.1473,8.097280494430843,24.440815287391686,0.3526,-0.2478,-3.1e-05,-0.3509,198895023.497,,-0.0815,2026-05-11T08:25:28.471796,-0.4445,,,,,,,3.260549163596226,3.243221178670117,6.503770342266343,32.00286282686539,0.44168290522586406,0.7961381753764402,-0.44445527015057607,1.129,1.119,0.0,0.6247,-0.1979,2026-05-11T08:46:33.956558,2026-05-11T08:25:28.475693,-0.2655,RECOVERED,2,1.0,,True,,False,,,,1.0,,False,-0.44445527015057607,0.44168290522586406,1,,0.2663,-0.1979,True,1.132,1.122,2026-05-11T09:09:30.547039,2026-05-11T08:47:12.284041,0.53,-0.3557,22.41,0.1,22.71,-0.2671,0.0871,0.53,19.37,-0.0014,3.72,0.0871,,,,2026-05-11T08:45:35.983650,,,,2026-05-11T08:47:19.376474,0.3529,2026-05-11T08:47:18.363508,0.2643,2026-05-11T08:47:19.376474,0.3529,2026-05-11T08:47:20.389165,0.3529,2026-05-11T08:47:20.389165,0.3529,2026-05-11T08:47:20.389165,0.3529,2026-05-11T08:47:38.570721,0.3529,False,,,,False,,,2026-05-11T08:15:10.583100,0.0872,2026-05-11T08:30:53.534055,0.0872,2026-05-11T08:45:23.477080,0.3531,-0.09,4.49,-0.2672,13.42,2026-05-11T08:12:23,2026-05-11T08:47:05.529157,TRAILING_STOP L2,TAKER_FALLBACK,TAKER,True,
30,,TONUSDT,SHORT,CLOSED,2.279,2.2918,2.2918,381.5182751330368,20.0,7630.365502660736,3348.1200099432804,VERY_STRONG,0.4771,0.103,33.28,38.0313,36.8249,0.154,-0.1538,BEARISH,-0.1812,-0.0306,29.069,28.0403,41.1,42.1,0.5198,0.6784,13.6,70.5,25.3,1.2064,3.0,STRONG_BEAR,STRONG_BEAR,,-0.1443,8.66375947166648,28.772636136247463,0.4634,-0.7727,-3.1e-05,-1.2098,407515030.26428,,-0.1431,2026-05-11T07:48:45.178475,-0.4361,,,2026-05-11T07:48:45.336800,-0.6293,,,1.3734657904789325,3.452949647454604,4.8264154379335364,-47.68235156520726,-0.6249025888547575,0.0028479596314197864,-0.6907505484861772,2.279,2.2775,0.0,0.2302,-0.1183,2026-05-11T07:44:35.243807,2026-05-11T07:50:29.494469,-0.4062,ENDED_NEG,1,0.5,,False,,False,,,,1.0,,False,-0.43613843791137236,,0,,-0.1774,0.191,True,2.3068,2.2878,2026-05-11T07:56:57.013910,2026-05-11T08:30:02.946496,-0.4491,-1.2828,6.06,39.16,0.01,-0.6246,-0.8089,0.0,0.01,-0.6246,5.56,-1.0766,,,,,,,,,,,,,,,,,,,,,,False,,,,False,,,,,,,,,-0.6249,10.04,,,2026-05-11T07:40:49,2026-05-11T07:50:52.818112,EMA13_CROSS_EXIT L1,MAKER,TAKER,True,
29,,FILUSDT,SHORT,CLOSED,1.135,1.136,1.135,744.0451870988645,20.0,14880.90374197729,13110.92840702845,STRONG_BUY,0.351,0.1464,29.55,23.2154,22.4635,0.2546,-0.254,BEARISH,-0.1644,-0.0363,22.537,21.7304,37.9,39.6,0.6718,0.8603,11.4,84.1,5.6,0.7519,3.0,HEALTHY_BEAR,CHOPPY_FLAT,,-0.1309,11.217175165190934,22.261969297548454,0.349,0.0219,-3.1e-05,-0.0219,202623320.636,,-0.1433,2026-05-11T07:53:09.924943,-0.1511,,,2026-05-11T07:58:02.493047,-0.2393,,,2.6785626735559123,6.702306601672943,9.380869275228855,-22.491797682255864,-0.15114537444932952,0.37772687224670626,-0.23929074889867857,1.135,1.13,0.0,0.3979,-0.1259,2026-05-11T07:29:34.596870,2026-05-11T07:58:02.493219,-0.238,ENDED_NEG,1,0.5,,False,,False,,,,2.0,STRETCH_0.25-0.30,False,-0.15114537444932952,,0,,-0.0915,0.1184,True,1.138,1.124,2026-05-11T08:01:03.359996,2026-05-11T08:29:53.252942,0.9062,-0.3273,2.16,31.0,0.0,-0.063,0.8181,0.0,0.0,-0.063,26.9,0.2013,,,,,,,,2026-05-11T08:30:50.509633,0.6418,2026-05-11T08:06:12.934466,0.1132,2026-05-11T08:11:10.225639,0.3775,2026-05-11T08:06:12.934466,0.1132,2026-05-11T08:11:10.225639,0.3775,2026-05-11T08:11:10.225639,0.3775,2026-05-11T08:11:30.349590,0.3775,False,,,,False,,,2026-05-11T07:20:08.857425,0.0251,2026-05-11T07:30:12.084210,0.2014,,,0.0251,29.09,-0.1511,4.49,2026-05-11T07:07:15,2026-05-11T07:58:53.176920,EMA13_CROSS_EXIT L1,MAKER,TAKER,True,
28,,UNIUSDT,SHORT,CLOSED,3.886,3.907,3.907,372.02259354943226,20.0,7440.451870988645,1914.6813872847774,STRONG_BUY,0.6377,0.2913,25.45,22.2395,20.7158,0.6094,-0.6057,BEARISH,-0.3387,-0.0342,22.2127,21.9922,42.7,39.3,0.6271,1.7292,15.9,75.0,1.1,1.5236,2.0,HEALTHY_BEAR,CHOPPY_FLAT,,-0.1086,14.420413378450531,35.34533088783549,0.4,-0.0339,-3.1e-05,-0.2277,223812633.26,,-0.1347,2026-05-11T07:19:44.014317,-0.7324,,,2026-05-11T08:01:09.092493,-0.6036,,,1.3392813367779561,3.3662970810547312,4.705578417832688,-44.91388755081284,-0.6036446217189888,0.2716847658260397,-0.7581145136386951,3.886,3.873,0.0,0.6064,-0.6167,2026-05-11T07:05:12.978288,2026-05-11T07:19:49.364510,-0.3197,ENDED_NEG,1,0.5,,False,,False,,,,1.0,,False,-0.7323695316520794,,0,,-0.1607,0.0906,True,3.935,3.891,2026-05-11T08:44:12.866268,2026-05-11T08:30:01.806805,-0.1917,-1.3239,42.18,27.99,0.01,-0.5777,-0.8865,0.0,0.01,-0.5777,6.7,-0.4747,,,,,,,,,,,,,,,,,,,,,,False,,,,False,,,2026-05-11T07:20:08.855639,-0.7066,2026-05-11T07:30:12.080964,-0.2432,,,-0.1917,8.94,-0.2947,5.59,2026-05-11T06:51:36,2026-05-11T08:02:01.800462,EMA13_CROSS_EXIT L1,MAKER,TAKER,True,
27,,TONUSDT,SHORT,CLOSED,2.2880000000000003,2.2734,2.2734,372.02259354943226,20.0,7440.451870988645,3251.945747809722,STRONG_BUY,0.536,0.1612,30.11,29.3026,28.3533,0.2398,-0.2393,BEARISH,-0.2325,-0.0342,22.2127,21.9922,42.7,39.3,0.6271,0.9434,15.9,75.0,6.2,0.9493,4.0,HEALTHY_BEAR,HEALTHY_BEAR,,-0.1086,10.53373865287441,25.567351718817665,0.4921,-0.7136,-3.1e-05,-1.2056,409563752.90411,,-0.1322,2026-05-11T06:59:25.986327,-0.6577,,,,,,,1.3392813367779561,3.3268380583817803,4.666119395159736,42.81228852286276,0.5753990384615458,0.942697115384621,-0.6664182692307609,2.2880000000000003,2.265,0.0,1.0631,-0.2992,2026-05-11T07:18:56.571369,2026-05-11T06:59:25.994303,-0.2278,RECOVERED,2,1.0,,True,,False,,,,1.0,,False,-0.6576730769230696,0.6453605769230959,2,,0.6896,-0.2992,True,2.3068,2.2737,2026-05-11T07:56:57.013910,2026-05-11T07:19:08.313187,0.562,-0.8847,37.83,0.02,31.74,-0.2291,-0.4432,0.562,7.17,0.1424,3.83,0.2429,,,,2026-05-11T07:18:55.699501,,,,2026-05-11T07:19:41.104406,0.2998,2026-05-11T07:19:56.465003,0.2735,2026-05-11T07:19:56.465003,0.2735,2026-05-11T07:20:30.230351,0.2036,2026-05-11T07:20:30.230351,0.2036,2026-05-11T07:20:28.190744,0.1424,2026-05-11T07:20:50.530646,0.1424,False,,,,False,,,,,,,,,-0.5833,4.5,-0.4172,3.39,2026-05-11T06:51:34,2026-05-11T07:19:06.955762,TRAILING_STOP L2,MAKER,TAKER,True,
26,,SUIUSDT,LONG,CLOSED,1.311,1.3161,1.3161,740.2229219544429,20.0,14804.458439088858,11292.493088549854,STRONG_BUY,0.4197,0.2578,63.08,16.1264,15.9963,1.0272,1.0378,BULLISH,0.2505,0.0256,24.2451,25.3087,58.8,59.6,0.6394,1.5702,75.0,13.6,97.2,0.1301,4.0,HEALTHY_BULL,HEALTHY_BULL,,-0.079,26.026415823882438,18.154492850093458,0.8615,-0.3534,4.2e-05,-0.4583,1712028479.60794,,-0.0675,,,,,,,,,6.662006297589985,6.687922569228209,13.349928866818194,44.24178588478724,0.29884096109840613,0.5656926010678996,-0.30348131197558464,1.3196,1.311,0.0,1.3605,1.3012,2026-05-11T06:32:46.533252,2026-05-11T06:31:41.690418,0.4729,NEVER,1,0.5,,True,,False,,,,2.0,PAIR_60-65_15-18,False,,0.29884096109840613,5,,1.0981,1.3012,False,1.3188,1.2572,2026-05-11T06:33:34.122930,2026-05-11T07:16:24.620721,0.505,-4.1937,0.64,43.48,7.39,-1.3333,-4.0412,0.505,2.93,-0.6316,4.04,-0.9596,,,,2026-05-11T06:32:46.178066,,,,2026-05-11T06:34:14.145268,0.0931,2026-05-11T06:34:14.145268,0.0931,2026-05-11T06:34:14.145268,0.0931,2026-05-11T06:34:14.145268,0.0931,2026-05-11T06:34:14.145268,0.0931,2026-05-11T06:34:15.177531,0.0626,,,False,,,,False,,,,,,,,,,,,,2026-05-11T06:30:10,2026-05-11T06:32:54.983688,TRAILING_STOP L1,TAKER_FALLBACK,TAKER,True,
25,,LINKUSDT,LONG,CLOSED,10.604000000000001,10.567,10.567,688.3436408748557,20.0,13766.872817497115,1298.27167271757,STRONG_BUY,0.2118,0.0528,62.92,16.5293,15.614,0.1968,0.1972,BULLISH,0.0821,0.0207,27.5151,28.9727,58.6,55.4,0.4813,0.6261,77.3,20.5,100.0,0.9153,1.0,HEALTHY_BULL,CHOPPY_FLAT,,-0.0958,26.844374081053473,14.960246224378976,0.2459,0.0861,4.2e-05,0.0833,173470998.229,,-0.0673,2026-05-11T06:18:28.563707,-0.3929,,,2026-05-11T06:18:44.740552,-0.4589,,,2.478037107149481,6.173476544522953,8.651513651672435,-56.68756554222358,-0.41176791776688804,0.0,-0.46832487740476264,10.604000000000001,10.604000000000001,0.0,,,,2026-05-11T06:41:02.330963,-0.1501,ENDED_NEG,1,0.5,,False,,False,,,,2.0,PAIR_60-65_15-18,True,-0.39291559788759084,,0,,-0.0516,-0.106,True,10.567,10.496,2026-05-11T06:41:26.386581,2026-05-11T07:16:45.010217,-0.4119,-1.0815,0.0,35.31,0.01,-0.4119,-0.9872,0.0,0.01,-0.4119,7.87,-0.8457,,,,,,,,,,,,,,,,,,,,,,False,,,,False,,,2026-05-11T06:13:39.656345,-0.1855,2026-05-11T06:25:55.736153,-0.195,,,-0.2232,5.6,-0.2987,3.36,2026-05-11T06:11:59,2026-05-11T06:41:26.054952,EMA13_CROSS_EXIT L1,MAKER,TAKER,True,
24,,UNIUSDT,LONG,CLOSED,3.9610000000000003,3.951,3.952,413.4975122306289,20.0,8269.950244612577,2087.844040548492,STRONG_BUY,0.4877,0.1858,64.5,20.7856,20.3551,0.244,0.2446,BULLISH,0.2459,0.0358,29.0945,31.0046,53.6,60.5,0.6669,0.8397,79.5,13.6,93.6,0.4305,4.0,STRONG_BULL,HEALTHY_BULL,,-0.1329,26.339647935797327,15.342940571721368,0.4004,-0.0106,0.0001,0.0474,255879595.3,,-0.0782,2026-05-11T06:18:43.430407,-0.2649,,,,,,,1.4885910440302639,3.712082311893192,5.200673355923456,-26.07911376140886,-0.315347891946484,0.3407566271143542,-0.4667566271143767,3.977,3.9610000000000003,0.0,0.4566,0.0852,2026-05-11T06:10:27.208221,2026-05-11T05:54:05.430385,-0.2569,ENDED_NEG,1,0.5,,False,,False,,,,2.0,PAIR_60-65_18-22,True,-0.2648783135571939,,0,,-0.0718,-0.1167,True,3.956,3.877,2026-05-11T06:29:14.256371,2026-05-11T07:05:12.857477,-0.1892,-2.1837,0.41,36.39,0.01,-0.3155,-1.4768,0.0,7.03,-0.4164,7.03,-0.4164,,,,,,,,,,,,,,,,,,,,,,False,,,,False,,,2026-05-11T05:41:03.478777,-0.063,2026-05-11T06:11:11.488113,0.2146,,,-0.1639,8.92,-0.1639,8.92,2026-05-11T05:37:09,2026-05-11T06:28:49.183417,EMA13_CROSS_EXIT L1,MAKER,TAKER,True,
23,,APTUSDT,LONG,CLOSED,1.1257,1.1335,1.1335,363.16934502459117,20.0,7263.386900491823,6452.329128979145,VERY_STRONG,0.3951,0.1364,63.52,28.5114,28.3608,0.2886,0.2894,BULLISH,0.1857,0.033,33.7091,35.7819,58.5,56.9,0.6046,1.0515,77.3,15.9,99.4,0.1506,3.0,STRONG_BULL,STRONG_BULL,,-0.1657,25.04933551260239,13.349392557610717,0.4088,-0.127,0.0001,-0.2188,130315770.25417,,-0.1329,,,,,,,,,3.2685241052213203,3.2911717804640372,6.5596958856853576,43.76847132035216,0.6025903882028987,0.9222474904503931,-0.09,1.1371,1.1257,0.0,0.9358,0.7687,2026-05-11T05:35:56.333869,,,NEVER,2,1.0,,True,,False,,,,2.0,STRETCH_0.25-0.30,True,,0.6114697521542167,1,,0.368,0.8939,False,1.1401,1.1246,2026-05-11T06:12:35.700613,2026-05-11T06:02:59.548502,1.1892,-0.1877,35.52,25.92,,,0.9405,,6.77,0.4874,2.31,0.4608,,,,2026-05-11T05:33:47.438069,,,,2026-05-11T06:00:12.781153,0.3186,2026-05-11T05:39:24.285575,0.4608,2026-05-11T05:57:12.339107,0.4075,2026-05-11T05:39:24.285575,0.4608,2026-05-11T05:39:31.365913,0.4697,2026-05-11T05:37:05.531060,0.594,2026-05-11T05:37:04.516714,0.594,False,,,,False,,,,,,,,,,,,,2026-05-11T05:29:18,2026-05-11T05:37:04.183572,TRAILING_STOP L2,TAKER_FALLBACK,TAKER,True,
22,,AVAXUSDT,LONG,CLOSED,10.075,10.105,10.105,726.3386900491823,20.0,14526.773800983647,1441.8634045641338,VERY_STRONG,0.1638,0.0709,60.07,24.8011,24.6505,0.1812,0.1815,BULLISH,0.0856,0.033,33.7091,35.7819,58.5,56.9,0.6046,0.9638,77.3,15.9,92.9,0.1506,2.0,STRONG_BULL,CHOPPY_FLAT,,-0.1657,26.057145798342862,15.055867534927422,0.248,-0.1291,0.0001,-0.2082,194715690.053,,-0.1002,2026-05-11T05:57:42.354099,-0.2289,,,,,,,6.537048210442641,6.556513366404258,13.093561576846898,30.162340560078757,0.20763275434244308,0.5350287841191128,-0.23881637717120388,10.138,10.075,0.0,0.4184,0.1918,2026-05-11T06:11:37.512840,2026-05-11T05:57:42.364567,-0.1414,RECOVERED,2,1.0,,True,,False,,,,2.0,STRETCH_0.16-0.20,False,-0.228895285359795,0.2274749379652609,0,,0.0767,0.2083,True,10.139,10.083,2026-05-11T06:30:53.682689,2026-05-11T06:18:45.204624,0.5452,-0.0106,16.65,4.51,36.19,0.0688,0.1978,0.5452,23.84,0.2872,36.19,0.0688,,,,2026-05-11T06:11:10.102976,,,,,,2026-05-11T06:31:43.159479,0.3467,2026-05-11T06:42:39.741035,0.1085,2026-05-11T06:37:06.492215,0.2772,2026-05-11T06:42:39.741035,0.1085,2026-05-11T06:14:18.610112,0.2078,2026-05-11T06:14:14.559588,0.2078,False,,,,False,,,2026-05-11T05:41:03.475275,-0.0702,2026-05-11T06:11:11.483484,0.5053,,,-0.0503,11.53,-0.0206,13.76,2026-05-11T05:28:58,2026-05-11T06:14:14.217632,TRAILING_STOP L2,TAKER_FALLBACK,TAKER,True,
21,,FILUSDT,LONG,CLOSED,1.147,1.144,1.145,726.3386900491823,20.0,14526.773800983647,12665.016391441713,VERY_STRONG,0.3907,0.1221,63.92,23.9096,23.3738,0.1833,0.1836,BULLISH,0.1644,0.033,33.7091,35.7819,58.5,56.9,0.6046,1.3801,77.3,15.9,90.0,0.5357,4.0,STRONG_BULL,CHOPPY_FLAT,,-0.1657,24.817298927974534,13.10809107678908,0.3918,0.1156,0.0001,0.2029,204738852.019,,-0.1132,2026-05-11T06:06:29.701267,-0.2643,,,2026-05-11T06:06:51.175933,-0.4386,,,6.537048210442641,6.5199504383141935,13.056998648756835,-51.05204782308341,-0.3514341761116054,0.2585789014821276,-0.43857890148212764,1.151,1.147,0.0,0.4253,0.4581,2026-05-11T05:40:08.926296,2026-05-11T06:06:51.176026,-0.3588,ENDED_NEG,1,0.5,,False,,False,,,,2.0,STRETCH_0.16-0.20,False,-0.2642894507410638,,0,,-0.1224,-0.1594,True,1.148,1.138,2026-05-11T06:32:57.889510,2026-05-11T06:48:50.242583,-0.0028,-0.8747,22.24,38.12,0.02,-0.3516,-0.7003,0.0,10.21,-0.2644,31.82,-0.5259,,,,,,,,,,,,,,,,,,,,,,False,,,,False,,,2026-05-11T05:41:03.473039,0.1714,,,,,-0.0029,31.97,-0.0029,17.44,2026-05-11T05:28:38,2026-05-11T06:10:42.938784,EMA13_CROSS_EXIT L1,TAKER_FALLBACK,TAKER,True,
20,,BCHUSDT,SHORT,CLOSED,456.94,453.04,453.04,308.60869056159015,20.0,6172.1738112318035,13.507624220317336,VERY_STRONG,0.3497,0.0957,27.46,35.4518,33.8762,0.1193,-0.1192,BEARISH,-0.1508,-0.0736,35.6717,34.8112,37.0,33.4,2.0505,1.2317,9.3,81.4,3.9,1.5756,3.0,STRONG_BEAR,BEAR_EXHAUSTED,,-0.2278,9.553329178757284,33.80642477413534,0.1988,-0.2421,4.6e-05,-0.3914,73596701.89,,-0.5205,,,,,,,,,1.1109912860217246,2.7537723345476546,3.864763620569379,48.814970838667925,0.7908878189696628,1.1893688011555061,-0.11116803081367953,456.94,451.22,0.0,0.4428,-0.3505,2026-05-11T03:34:54.675130,,,ENDED_NEG,3,1.5,,True,,False,,,,1.0,,False,,0.7908878189696628,2,,-0.0668,-0.202,True,453.95,451.23,2026-05-11T03:46:48.239185,2026-05-11T04:18:47.582593,1.1866,0.5914,4.19,36.17,,,0.994,,38.66,1.0969,,,,,,2026-05-11T03:13:24.256792,,2026-05-11T03:26:29.113089,,,,,,,,,,,,,,,,False,,,,False,,,2026-05-11T03:00:28.838696,0.0136,2026-05-11T03:00:45.034231,0.0136,,,-0.0192,9.01,0.9026,46.18,2026-05-11T02:46:43,2026-05-11T03:42:37.118445,TRAILING_STOP L3,MAKER,TAKER,True,
19,,ETHUSDT,SHORT,CLOSED,2344.77,2327.71,2327.71,310.80882080855974,20.0,6216.176416171194,2.651081520222109,STRONG_BUY,0.2436,0.0802,32.56,28.6075,27.1898,0.1323,-0.1321,BEARISH,-0.1086,-0.097,33.6506,32.4187,32.6,30.4,1.009,0.859,9.3,88.4,6.3,1.4177,6.0,STRONG_BEAR,STRONG_BEAR,,-0.2165,10.052738155429095,27.908877159220815,0.244,-0.0926,1.3e-05,-0.1794,8860556580.0,,-0.517,,,,,,,,,1.118911754910815,2.776927034446292,3.895838789357107,41.33161194563193,0.664904101468372,1.0625633175108904,-0.11974750615198623,2344.77,2318.39,0.0,0.3107,-0.2268,2026-05-11T03:37:16.050208,,,ENDED_NEG,3,1.5,,True,,False,,,,1.0,,False,,0.6666107933827159,0,,-0.0844,-0.1255,True,2330.99,2325.34,2026-05-11T04:23:16.683116,2026-05-11T04:10:06.224286,0.7657,0.5247,39.77,26.6,40.04,0.5247,0.5746,0.7657,32.18,0.6253,33.31,0.6428,,,,2026-05-11T03:13:05.560120,,2026-05-11T03:37:10.123733,,,,,,,,,,,,,,,,False,,,,False,,,2026-05-11T03:00:27.825234,-0.0084,2026-05-11T03:00:45.032528,-0.0178,,,-0.0707,16.89,-0.0639,14.66,2026-05-11T02:38:50,2026-05-11T03:43:30.369919,TRAILING_STOP L3,MAKER,TAKER,True,
18,,ADAUSDT,SHORT,CLOSED,0.278,0.275,0.275,608.1440103487455,20.0,12162.88020697491,43751.36765098888,STRONG_BUY,0.3844,0.132,34.17,27.0478,25.5014,0.2836,-0.2828,BEARISH,-0.1786,-0.0878,30.0647,28.8943,32.5,34.6,0.9056,1.3329,7.0,90.7,12.5,1.5464,6.0,STRONG_BEAR,BEAR_EXHAUSTED,,-0.1568,11.445866475234322,31.869225716054316,0.3899,-0.2555,1.3e-05,-0.4725,250396431.2069,,-0.519,,,,,,,,,2.189318437255484,5.414231746809874,7.603550184065359,123.65055276890142,1.0166223021582743,1.4124838129496573,-0.063,0.278,0.2739,0.0,0.5951,-0.3797,2026-05-11T03:36:55.337665,,,RECOVERED,3,1.5,,True,,False,,,,2.0,STRETCH_0.25-0.30,False,,1.0166223021582743,1,,0.0957,-0.4769,True,0.2764,0.2748,2026-05-11T03:47:08.461480,2026-05-11T03:38:55.937655,1.0881,0.5125,8.23,0.02,,,0.6564,,36.78,0.8003,,,,,,2026-05-11T03:12:55.499331,,2026-05-11T03:34:52.632591,,,,,,,,2026-05-11T04:22:35.389443,0.7643,,,2026-05-11T04:11:43.894569,0.8003,2026-05-11T04:22:56.534783,0.6564,False,,,,False,,,2026-05-11T03:00:29.848141,0.1889,2026-05-11T03:00:45.030162,0.1169,,,0.1169,30.39,0.5848,56.07,2026-05-11T02:25:20,2026-05-11T03:38:54.624488,TRAILING_STOP L3,MAKER,TAKER,True,
17,,1000PEPEUSDT,SHORT,CLOSED,0.0043198,0.0042888,0.0042888,304.07200517437275,20.0,6081.440103487455,1407805.9408971376,STRONG_BUY,0.4489,0.1297,33.17,28.1186,26.7198,0.2218,-0.2214,BEARISH,-0.2035,-0.0878,30.0647,28.8943,32.5,34.6,0.9056,0.9313,7.0,90.7,15.7,1.3988,5.0,STRONG_BEAR,BEAR_EXHAUSTED,,-0.1568,10.42606562894323,28.4068333398647,0.443,-0.3977,1.3e-05,-0.6765,419376158.8982794,,-0.3885,,,,,,,,,2.736648046569355,2.7170091536938394,5.453657200263194,38.18832696754898,0.6279487476272199,0.9267080651882115,-0.19885029399508872,0.0043198,0.0042759,0.0,0.4594,-0.4883,2026-05-11T03:18:00.913772,,,RECOVERED,2,1.0,,True,,False,,,,1.0,,False,,0.6279487476272199,1,,0.1852,-0.4603,True,0.0042971,0.0042596,2026-05-11T03:46:38.136710,2026-05-11T03:36:57.983921,1.3036,0.4355,26.55,16.88,,,0.7688,,,,,,,,,2026-05-11T03:12:55.649007,,,,,,,,,,,,,,,,,,False,,,,False,,,2026-05-11T03:00:27.822684,-0.0228,2026-05-11T03:00:45.026530,-0.0483,,,-0.1757,5.63,0.0767,11.22,2026-05-11T02:25:18,2026-05-11T03:20:05.149522,TRAILING_STOP L2,TAKER_FALLBACK,TAKER,True,
16,,ICPUSDT,SHORT,CLOSED,3.33,3.337,3.336,261.65834722888303,20.0,5233.166944577661,1571.5216049782764,VERY_STRONG,0.2767,0.0882,36.92,33.2366,31.8621,0.2675,-0.2668,BEARISH,-0.1214,-0.0549,28.2224,28.8671,41.7,42.3,0.7937,0.5825,14.0,76.7,1.9,1.3744,3.0,STRONG_BEAR,STRONG_BEAR,,-0.0721,9.427318621942113,29.13363408659102,0.4112,-0.1939,4.3e-05,-0.2663,59890719.805,,-0.2262,2026-05-11T02:36:00.117648,-0.1801,,,2026-05-11T02:37:10.755935,-0.3303,,,2.354925125059947,2.359875418115629,4.714800543175576,-15.715451778023695,-0.3003048048048083,0.4507837837837909,-0.6608273273273313,3.33,3.312,0.0,0.3203,-0.3521,2026-05-11T02:32:19.203681,,,ENDED_NEG,1,0.5,,False,,False,,,,2.0,STRETCH_0.25-0.30,True,-0.5706966966966972,,0,,-0.0993,0.2023,True,3.355,3.319,2026-05-11T02:54:35.172116,2026-05-11T03:29:06.070187,0.2403,-0.8408,8.9,43.42,15.12,-0.7507,0.1202,0.0,25.02,-0.8107,26.15,-0.8107,,,,,,,,,,,,,,,,,,,,,,False,,,,False,,,2026-05-11T02:11:51.274253,-0.1801,2026-05-11T02:12:06.605035,-0.1801,,,-0.4205,5.57,-0.4205,13.31,2026-05-11T01:46:14,2026-05-11T02:45:41.131733,EMA13_CROSS_EXIT L1,TAKER_FALLBACK,TAKER,True,
15,,APTUSDT,SHORT,CLOSED,1.131,1.1266,1.1266,291.96945725152636,20.0,5839.389145030527,5163.031958470847,VERY_STRONG,0.4623,0.1072,38.08,34.7418,34.2816,0.3359,-0.3348,BEARISH,-0.2052,-0.0549,28.2224,28.8671,41.7,42.3,0.7937,0.4078,14.0,76.7,21.6,0.4602,2.0,STRONG_BEAR,STRONG_BEAR,,-0.0721,11.33869106571863,26.918529572594352,0.6696,-0.7063,4.3e-05,-1.0482,122470932.40692,,-0.1402,,,,,,,,,1.051090046105495,2.617502311985965,3.66859235809146,19.04874825918006,0.3262113174182104,0.6358112290008856,-0.5583598585322768,1.131,1.1231,0.0,0.6313,-0.395,2026-05-11T02:15:46.861999,,,NEVER,2,1.0,,True,,False,,,,1.0,,False,,0.33505702917771424,0,,0.1651,-0.4823,True,1.1279,1.1113,2026-05-11T02:17:24.315581,2026-05-11T02:23:04.586458,1.6788,0.2111,0.84,6.51,,,1.2544,,,,,,,,,2026-05-11T02:15:43.407061,,,,,,,,,,,,,,,,,,False,,,,False,,,2026-05-11T02:11:50.260902,0.1847,2026-05-11T02:12:06.602127,0.1758,,,,,-0.4168,3.67,2026-05-11T01:45:54,2026-05-11T02:16:33.919487,TRAILING_STOP L2,MAKER,TAKER,True,
14,,NEARUSDT,SHORT,CLOSED,1.545,1.54,1.54,583.9389145030527,20.0,11678.778290061055,7559.079799392269,VERY_STRONG,0.4152,0.0897,33.17,31.2962,30.1344,0.2917,-0.2908,BEARISH,-0.1668,-0.0393,29.5768,30.1848,42.6,44.7,0.8308,0.8221,20.9,48.8,3.7,1.1618,2.0,STRONG_BEAR,STRONG_BEAR,,-0.0516,9.376127524667174,25.60901672643727,0.4653,-0.491,4.3e-05,-0.6942,108978580.664,,-0.1402,,,,,,,,,2.10218009221099,5.238442300978842,7.3406223931898325,30.454776603770704,0.26077022653720994,0.5845404530744343,-0.5162783171521113,1.545,1.535,0.0,0.6053,-0.3201,2026-05-11T02:15:49.371714,,,NEVER,2,1.0,,True,,False,,,,2.0,STRETCH_0.25-0.30,False,-0.45152427184466054,0.26077022653720994,1,,0.1425,-0.4514,True,1.54,1.526,2026-05-11T02:17:22.282297,2026-05-11T02:32:19.633807,1.1668,0.2606,0.01,14.96,,,0.9726,,,,,,,,,2026-05-11T02:15:42.846092,,,,,,,,,,,,,,,,,,False,,,,False,,,2026-05-11T02:11:51.270301,0.1313,2026-05-11T02:12:06.600232,0.1313,,,-0.3868,10.44,-0.1278,5.65,2026-05-11T01:39:08,2026-05-11T02:17:21.946583,TRAILING_STOP L2,MAKER,TAKER,True,
13,,TRUMPUSDT,SHORT,CLOSED,2.456,2.476,2.475,326.4060397176366,20.0,6528.1207943527315,2658.0296393944345,STRONG_BUY,0.4485,0.1469,32.8,27.4587,26.1907,0.4328,-0.4309,BEARISH,-0.1983,-0.1139,34.7504,34.8193,34.9,38.3,1.2032,0.7491,14.0,86.0,0.0,1.268,5.0,STRONG_BEAR,STRONG_BEAR,,0.0906,13.176350987909622,33.83385374933199,0.4253,-0.2539,4.3e-05,-0.3565,66424652.87105,,-0.0634,2026-05-11T01:12:03.326873,-0.6196,,,2026-05-11T01:12:38.099163,-0.8232,,,2.937654357458729,2.961576624213279,5.899230981672008,-59.059823769560744,-0.9046986970684046,0.2766144136807775,-0.9046986970684046,2.456,2.447,0.0,0.6125,-0.4862,2026-05-11T01:05:03.794473,2026-05-11T01:17:14.881862,-0.3407,ENDED_NEG,1,0.5,,True,,False,,,,1.0,,False,-0.6195541530944585,,0,,-0.3407,0.2395,True,2.482,2.461,2026-05-11T01:23:50.813969,2026-05-11T01:45:41.869051,-0.2936,-1.1486,6.59,28.44,0.72,-0.9858,-0.5786,0.0,0.01,-0.9043,33.43,-0.7007,,,,,,,,,,,,,,,,,,,,,,False,,,,False,,,,,,,,,-0.6603,17.81,-0.3344,14.46,2026-05-11T00:54:37,2026-05-11T01:17:14.884162,STOP_LOSS_WIDE L1,TAKER_FALLBACK,TAKER,True,
12,,BCHUSDT,SHORT,CLOSED,458.86,461.38,461.38,326.4060397176366,20.0,6528.1207943527315,14.22682472726481,STRONG_BUY,0.2801,0.1084,29.34,20.2717,18.5093,0.3816,-0.3801,BEARISH,-0.1236,-0.1139,34.7504,34.8193,34.9,38.3,1.2032,1.1167,14.0,86.0,1.6,1.7624,4.0,STRONG_BEAR,CHOPPY_FLAT,,0.0906,14.765506873872884,37.210071484998515,0.2404,-0.0066,4.3e-05,-0.0445,70359158.01,,-0.0261,2026-05-11T01:18:36.429645,-0.4794,,,2026-05-11T01:23:05.020628,-0.5688,,,1.1750617429834918,2.9537875766994475,4.1288493196829394,-39.98044763239,-0.6124342500980652,0.0,-0.6189751340278103,458.86,458.86,0.0,,,,2026-05-11T01:24:19.639635,-0.1744,ENDED_NEG,1,0.5,,False,,False,,,,1.0,,False,-0.47943627686003754,,0,,-0.1512,0.1601,True,461.64,459.4,2026-05-11T01:33:52.394053,2026-05-11T02:09:39.271186,-0.1807,-0.6688,9.22,45.0,0.01,-0.6122,-0.1807,0.0,0.01,-0.6122,,,,,,,,,,,,,,,,,,,,,,,,False,,,,False,,,2026-05-11T01:24:04.180009,-0.6103,,,,,-0.3421,18.14,-0.3312,3.68,2026-05-11T00:54:17,2026-05-11T01:24:38.789063,EMA13_CROSS_EXIT L1,MAKER,TAKER,True,
11,,LTCUSDT,SHORT,CLOSED,59.32,59.01,59.01,322.2805672741696,20.0,6445.611345483392,108.6583166804348,STRONG_BUY,0.3881,0.1823,33.94,25.1395,24.8198,0.4617,-0.4596,BEARISH,-0.1899,-0.1139,34.7504,34.8193,34.9,38.3,1.2032,0.722,14.0,86.0,0.8,0.3198,6.0,STRONG_BEAR,STRONG_BEAR,,0.0906,18.330311768190146,33.52101813416651,0.39,0.1818,4.3e-05,0.2159,103495519.4,,-0.2193,,,,,,,,,2.9005251054675263,2.8853672702906055,5.785892375758132,27.8981857951769,0.4328245111260996,0.736400033715445,-0.8320734996628417,59.32,58.83,0.0,0.4509,-0.3131,2026-05-11T02:32:56.810165,,,NEVER,2,1.0,,True,,False,,,,1.0,,False,-0.697151045178691,0.4328245111260996,0,,0.038,-0.2786,True,59.04,58.57,2026-05-11T02:39:42.203672,2026-05-11T03:15:14.246574,1.1743,0.382,1.93,37.46,,,1.1575,,,,,,,,,2026-05-11T02:22:58.201767,,,,,,,,,,,,,,,,,,False,,,,False,,,2026-05-11T02:11:50.258292,-0.0394,2026-05-11T02:12:06.598357,-0.0731,,,-0.4779,22.62,-0.4948,4.82,2026-05-11T00:54:15,2026-05-11T02:37:46.700759,TRAILING_STOP L2,TAKER_FALLBACK,TAKER,True,
10,,AAVEUSDT,SHORT,CLOSED,100.04,100.84,100.82,322.2805672741696,20.0,6445.611345483392,64.43034131830659,STRONG_BUY,0.595,0.1816,33.72,26.1376,24.9335,0.5373,-0.5345,BEARISH,-0.2351,-0.1139,34.7504,34.8193,34.9,38.3,1.2032,0.95,14.0,86.0,6.7,1.2041,5.0,STRONG_BEAR,STRONG_BEAR,,0.0906,12.729486849936173,31.00803683522171,0.5897,-0.1714,4.3e-05,-0.2095,163975715.623,,-0.0618,2026-05-11T01:12:10.068988,-0.73,,,,,,,2.9005251054675263,2.9237200283421165,5.824245133809643,-57.36851818845473,-0.8900399840063945,0.21001499400241036,-0.8900399840063945,100.04,99.74,0.0,0.9002,-0.3825,2026-05-11T00:54:20.898857,2026-05-11T01:12:28.983119,-0.4125,ENDED_NEG,1,0.5,,True,,False,,,,1.0,,False,-0.7300319872051185,,0,,-0.4125,-0.1627,True,101.62,100.58,2026-05-11T01:19:49.780336,2026-05-11T01:45:45.940244,-0.6298,-1.6694,7.34,33.28,4.38,-1.0296,-0.9696,0.0,0.0,-0.9097,5.49,-1.2795,,,,,,,,,,,,,,,,,,,,,,False,,,,False,,,,,,,,,-0.83,18.51,-0.49,5.16,2026-05-11T00:53:55,2026-05-11T01:12:28.985837,STOP_LOSS_WIDE L1,TAKER_FALLBACK,TAKER,True,
9,,BNBUSDT,SHORT,CLOSED,657.21,660.6,660.6,306.5666372462489,20.0,6131.332744924977,9.329335744929287,STRONG_BUY,0.3048,0.1074,33.26,28.268,27.624,0.224,-0.2235,BEARISH,-0.1407,-0.1139,34.7504,34.8193,34.9,38.3,1.2032,1.194,14.0,86.0,1.6,0.644,6.0,STRONG_BEAR,CHOPPY_FLAT,,0.0906,15.522910891429529,33.476667664331345,0.2366,0.006,4.3e-05,0.0208,298070435.567,,-0.0261,2026-05-11T01:17:34.748071,-0.4371,2026-05-11T01:23:33.249743,-0.5786,2026-05-11T01:19:50.873661,-0.5695,,,2.75909973521624,2.773331636895129,5.532431372111368,-37.15887954742152,-0.606048979778151,0.059182300938819876,-0.641061152447468,657.21,656.23,0.0,0.3375,-0.3429,2026-05-11T01:05:03.649466,2026-05-11T01:23:50.550955,-0.2312,ENDED_NEG,1,0.5,,False,,False,,,,1.0,,False,-0.43707718993928474,,0,,-0.1818,0.2341,True,660.85,656.0,2026-05-11T01:26:13.529915,2026-05-11T01:46:25.719839,0.0941,-0.6439,1.58,21.78,0.02,-0.6104,-0.0307,0.0,0.02,-0.6104,9.97,-0.5039,,,,,,,,,,,,,,,,,,,,,,False,,,,False,,,2026-05-11T01:24:04.173350,-0.606,,,,,-0.2849,18.84,-0.2346,6.61,2026-05-11T00:53:35,2026-05-11T01:24:38.434399,EMA13_CROSS_EXIT L1,TAKER_FALLBACK,TAKER,True,
8,,APTUSDT,SHORT,CLOSED,1.133,1.1268,1.1268,300.0,20.0,6000.0,5295.67519858782,STRONG_BUY,0.776,0.2148,33.76,28.8445,26.8918,0.4718,-0.4696,BEARISH,-0.3044,-0.1069,34.4362,34.8193,36.7,38.3,0.8196,0.6614,14.0,86.0,1.2,1.9528,5.0,STRONG_BEAR,STRONG_BEAR,,0.0982,8.562988109931847,28.854764593091677,0.7345,-0.6743,4.3e-05,-1.0282,122055973.50477,,0.0906,,,,,,,,,1.08,2.68522506619594,3.76522506619594,29.06796116504846,0.4844660194174743,0.7140485436893133,-0.44269417475727896,1.133,1.1242,0.0,1.2817,-0.3421,2026-05-11T00:53:06.234370,2026-05-11T00:51:19.377260,0.0213,NEVER,1,0.5,,True,,False,,,,1.0,,False,,0.4756359223300966,2,,1.048,-0.3421,False,1.145,1.1271,2026-05-11T01:19:08.976079,2026-05-11T00:53:07.027978,0.4577,-1.1221,26.03,0.0,25.96,-1.0339,-0.213,0.4577,19.31,-0.266,4.85,-0.4955,,,,2026-05-11T00:53:06.041522,,,,2026-05-11T01:11:29.685208,0.0517,,,,,,,,,2026-05-11T00:54:58.731421,0.0517,2026-05-11T00:55:01.900981,0.0694,False,,,,False,,,,,,,,,,,,,2026-05-11T00:51:01,2026-05-11T00:53:06.602650,TRAILING_STOP L1,MAKER,TAKER,True,
7,,1000BONKUSDT,SHORT,CLOSED,0.007583,0.007543,0.007543,600.0,20.0,12000.0,1582487.142291969,STRONG_BUY,0.705,0.1687,34.43,29.7888,28.4117,0.2895,-0.2886,BEARISH,-0.2587,-0.0946,34.8263,35.3184,38.3,38.7,0.8927,0.6318,20.9,76.7,9.2,1.3771,5.0,STRONG_BEAR,STRONG_BEAR,,0.1408,10.520249149556982,29.703468811162143,0.6258,-0.4935,4.3e-05,-0.7159,89661547.923336,,0.0906,,,,,,,,,5.3999999999999995,5.371515231438745,10.771515231438745,52.527970460240184,0.43773308716866816,0.7543729394698759,-0.10319332717920698,0.007583,0.007519,0.0,0.9468,-0.4176,2026-05-11T00:53:09.205655,2026-05-11T00:49:16.858330,0.2763,NEVER,2,1.0,,True,,False,,,,2.0,STRETCH_0.25-0.30,False,,0.45092641434788655,0,,0.6256,-0.4176,False,0.007615,0.007516,2026-05-11T01:23:50.813969,2026-05-11T01:05:04.322239,0.7936,-0.512,30.53,11.76,29.09,-0.3274,0.1606,0.7936,19.11,0.0551,5.76,0.1474,,,,2026-05-11T00:52:45.094932,,,,2026-05-11T01:11:28.661405,0.3979,2026-05-11T00:56:25.888547,0.3584,2026-05-11T00:58:23.510434,0.1342,2026-05-11T00:58:01.997690,0.2792,2026-05-11T00:58:23.510434,0.1342,2026-05-11T00:56:44.270571,0.3716,2026-05-11T00:56:44.270571,0.3716,False,,,,False,,,,,,,,,,,,,2026-05-11T00:48:46,2026-05-11T00:53:18.613584,TRAILING_STOP L2,TAKER_FALLBACK,TAKER,True,
6,,BIOUSDT,SHORT,CLOSED,0.05108,0.05095,0.05095,300.0,20.0,6000.0,117462.80344557557,VERY_STRONG,0.7591,0.1992,33.44,32.7801,30.2621,0.3194,-0.3184,BEARISH,-0.3067,-0.0828,35.2895,35.8167,38.3,42.7,0.8505,1.0856,20.9,72.1,15.2,2.5179,3.0,STRONG_BEAR,STRONG_BEAR,,0.1802,6.768033865467958,32.482102977040135,0.6178,-0.5936,4.3e-05,-0.9194,82095994.53961,,0.0906,,,,,,,,,2.6999999999999997,2.6931284259984336,5.393128425998434,9.877036021926175,0.16461726703210292,0.5171642521534804,-0.30544537979639586,0.05108,0.05077,0.0,0.7527,-0.3178,2026-05-11T00:53:08.518615,2026-05-11T00:47:07.544241,-0.0198,RECOVERED,2,1.0,,True,,False,,,,1.0,,False,,0.20378915426781002,0,,0.3967,-0.3178,True,0.05148,0.05088,2026-05-11T01:35:21.902059,2026-05-11T00:53:39.335485,0.3015,-0.8731,42.05,0.35,27.99,-0.6382,-0.462,0.3015,5.76,-0.1879,23.56,-0.5011,,,,2026-05-11T00:53:08.518639,0.18420321064996326,,,,,2026-05-11T00:53:58.706666,0.1449,,,2026-05-11T00:54:02.932333,0.0862,,,,,,,False,,,,False,,,,,,,,,,,,,2026-05-11T00:43:59,2026-05-11T00:53:18.275046,TRAILING_STOP L2,TAKER_FALLBACK,TAKER,True,
5,,DASHUSDT,SHORT,CLOSED,46.831,46.67,46.67,300.0,20.0,6000.0,128.12026221947,STRONG_BUY,0.7366,0.2298,27.91,23.427,22.1076,0.415,-0.4132,BEARISH,-0.2992,-0.0857,35.0714,35.8167,37.6,42.7,0.8084,1.2323,20.9,74.4,3.8,1.3194,2.0,STRONG_BEAR,STRONG_BEAR,,0.177,13.078580308043708,30.941498708443987,0.5566,-0.4283,4.3e-05,-0.7049,59841272.73,,0.0906,,,,,,,,,1.08,2.6907176870021994,3.7707176870021994,16.856644530332645,0.28094407550554407,0.601388866349213,-0.4667604364630267,46.831,46.52,0.0,0.8759,-0.4134,2026-05-11T00:52:50.446831,2026-05-11T00:47:16.291187,-0.0151,RECOVERED,2,1.0,,True,,False,,,,1.0,,False,,0.3023070615617998,1,,0.5517,-0.4134,True,47.12,46.61,2026-05-11T01:19:20.188738,2026-05-11T00:54:19.728468,0.4089,-0.6801,25.21,0.21,26.07,-0.4666,-0.0609,0.4089,9.41,-0.0182,3.84,-0.0395,,,,2026-05-11T00:52:50.434703,,,,2026-05-11T00:54:57.705953,0.1313,2026-05-11T00:54:54.636034,0.1313,2026-05-11T00:54:56.683396,0.1313,2026-05-11T00:54:51.555646,0.2167,2026-05-11T00:54:56.683396,0.1313,2026-05-11T00:54:52.583074,0.2167,2026-05-11T00:54:51.555646,0.2167,False,,,,False,,,,,,,,,,,,,2026-05-11T00:42:33,2026-05-11T00:54:07.057436,TRAILING_STOP L2,MAKER,TAKER,True,
