id,binance_order_id,pair,direction,status,entry_price,exit_price,current_price,investment,leverage,notional_value,quantity,confidence,entry_gap,entry_ema_gap_5_8,entry_rsi,entry_rsi_prev,entry_adx,entry_adx_prev,entry_ema5_stretch,entry_price_vs_ema5_pct,entry_macro_trend,entry_ema20_slope,entry_btc_ema20_slope,entry_btc_adx,entry_btc_adx_prev,entry_btc_rsi,entry_btc_rsi_prev,entry_btc_rsi_prev6,entry_btc_atr_pct,entry_btc_rsi_1h,entry_btc_rsi_1h_prev,entry_pattern_c1_match,entry_pattern_c2_match,entry_pattern_c3_match,entry_pattern_c4_match,entry_pattern_c5_match,entry_pattern_c6_match,entry_pattern_c7_match,entry_pattern_c8_match,entry_pattern_c9_match,entry_pattern_c_any_match,entry_pattern_w1_match,entry_pattern_w2_match,entry_pattern_w3_match,entry_pattern_w4_match,entry_pattern_w5_match,entry_pattern_w6_match,entry_pattern_w_any_match,pattern_cell_source,pattern_fixed_tp_pct,pattern_fixed_sl_pct,entry_global_volume_ratio,entry_pair_volume_ratio,entry_bull_pct,entry_bear_pct,entry_range_position,entry_adx_delta,entry_quality_score,entry_btc_regime,exit_btc_regime,entry_btc_regime_started_at,entry_btc_trend_gap_pct,entry_pos_di,entry_neg_di,entry_atr_pct,entry_ema50_slope,entry_funding_rate,entry_pair_ema20_ema50_gap_pct,entry_dist_from_ema13_pct,entry_btc_dist_from_ema13_pct,entry_btc_1h_slope,phantom_be_aggr_triggered_at,phantom_be_aggr_would_exit_pnl,entry_pair_volume_24h_usd,exit_pair_ema20_ema50_gap_pct,exit_btc_trend_gap_pct,first_cross_ema13_at,first_cross_ema13_pnl_pct,confirmed_cross_ema13_at,confirmed_cross_ema13_pnl_pct,first_cross_ema20_at,first_cross_ema20_pnl_pct,confirmed_cross_ema20_at,confirmed_cross_ema20_pnl_pct,entry_fee,exit_fee,total_fee,pnl,pnl_percentage,peak_pnl,trough_pnl,high_price_since_entry,low_price_since_entry,peak_ema5_gap,peak_ema5_dist_pct,peak_ema5_slope_pct,peak_reached_at,trough_reached_at,trough_ema5_dist_pct,ema5_went_negative,current_tp_level,dynamic_tp_target,no_expansion_last_check,signal_active_at_close,exit_slippage_pct,closing_in_progress,close_initiated_at,protective_sl_order_id,protective_tp_order_id,cell_multiplier,cell_lev_multiplier,cell_multiplier_source,cell_multiplier_capped,ema13_strict_held_pnl_pct,trailing_first_pullback_pnl_pct,trailing_pullback_resets,trailing_confirmed_at,exit_price_vs_ema5_pct,exit_ema5_slope_pct,exit_ema5_crossed,post_exit_running_high,post_exit_running_low,post_exit_running_peak_at,post_exit_running_trough_at,post_exit_peak_pnl,post_exit_trough_pnl,post_exit_peak_minutes,post_exit_trough_minutes,post_exit_signal_lost_minutes,post_exit_pnl_at_signal_lost,post_exit_final_pnl,post_exit_peak_before_signal_lost,post_exit_rsi_exit_minutes,post_exit_rsi_exit_pnl,post_exit_rsi3_exit_minutes,post_exit_rsi3_exit_pnl,post_arm_min_pnl_pct,post_arm_min_pnl_at,post_exit_ema13_cross_minutes,post_exit_ema13_cross_pnl,post_exit_regime_flip_at,post_exit_regime_flip_pnl_pct,post_exit_signal_regained_minutes,post_exit_pnl_at_signal_regained,post_exit_floor_before_signal_regain,post_exit_pnl_at_1min,post_exit_pnl_at_2min,post_exit_pnl_at_5min,post_exit_pnl_at_15min,post_exit_pnl_at_30min,phantom_be_l1_triggered_at,phantom_be_l1_would_exit_pnl,phantom_be_l2_triggered_at,phantom_be_l2_would_exit_pnl,phantom_regime_change_exit_triggered_at,phantom_regime_change_exit_pnl,phantom_tick_a_triggered_at,phantom_tick_a_pnl,phantom_tick_b_triggered_at,phantom_tick_b_pnl,phantom_tick_c_triggered_at,phantom_tick_c_pnl,phantom_tick_d_triggered_at,phantom_tick_d_pnl,phantom_tick_e_triggered_at,phantom_tick_e_pnl,phantom_tick_f_triggered_at,phantom_tick_f_pnl,phantom_tick_g_triggered_at,phantom_tick_g_pnl,signal_lost_flagged,signal_lost_flag_pnl,signal_lost_flagged_at,fl1_origin,fl2_flagged,fl2_flagged_at,fl2_flag_pnl,regime_neutral_hit_at,regime_neutral_pnl,regime_comeback_at,regime_comeback_pnl,regime_opposite_at,regime_opposite_pnl,first_rsi2_pnl,first_rsi2_minutes,first_rsi3_pnl,first_rsi3_minutes,opened_at,closed_at,close_reason,entry_order_type,exit_order_type,is_paper,notes
27,,AAVEUSDT,SHORT,CLOSED,85.65,85.54,85.54,777.5893067509111,20.0,15551.786135018221,181.57368517242523,STRONG_BUY,0.3109,0.0875,28.41,34.46,22.8097,21.258,0.151,-0.1507,BEARISH,-0.1296,-0.0333,26.9994,27.0427,37.7,37.2,32.0,0.1093,32.0,33.4,False,False,False,False,False,False,False,False,False,False,False,True,False,False,False,False,True,W2,,,0.6443,0.8818,37.8,48.6,3.2,1.5517,2.0,HEALTHY_BEAR,BEAR_EXHAUSTED,,-0.2124,14.212713046065161,35.641028770457936,0.202,-0.2121,-0.000432,-0.3186,-0.3539,-0.0696,-0.259,,,64493327.962,,-0.211,,,,,,,,,6.9983037607581995,6.989315863342164,13.987619624100365,5.985485744866306,0.03848744892002267,0.14361354349095484,-0.10168067717453695,85.65,85.45,0.0,0.1878,-0.2845,2026-05-26T22:51:33.261957,2026-05-26T22:42:49.156720,0.151,NEVER,1,0.45,,True,,False,,,,2.0,1.0,W2,False,,,0,,0.0823,-0.2845,False,,,,,,,,,,,,,,,,,,,,,,,,,,,,,,,,,,,,,,,,,,,,,,,,,,,False,,,,False,,,,,,,,,,,,,2026-05-26T22:42:32,2026-05-26T22:59:02.934981,MANUAL,TAKER_FALLBACK,TAKER,True,
26,,PENGUUSDT,SHORT,CLOSED,0.008481,0.008523,0.008523,409.62060874330507,20.0,8192.412174866102,965972.4295326142,STRONG_BUY,0.3433,0.1002,33.63,34.73,27.8715,26.0966,0.1131,-0.113,BEARISH,-0.1531,-0.0456,20.9567,19.5945,35.5,35.5,46.9,0.1091,32.8,33.4,False,False,False,False,False,False,False,False,False,False,False,False,False,False,False,False,False,UNMATCHED,,,0.8874,1.2059,10.8,78.4,22.7,1.7749,5.0,HEALTHY_BEAR,HEALTHY_BEAR,,-0.1608,11.573909314114902,35.61392921779618,0.2888,-0.3294,-0.000467,-0.5582,-0.3349,-0.1279,-0.2527,,,64350182.298271,,-0.1992,2026-05-26T22:22:39.815733,-0.4675,,,2026-05-26T22:30:08.427296,-0.5619,,,3.6865854786897456,3.7048423576079115,7.391427836297657,-47.962269876666134,-0.5854474708171045,0.03976005188068143,-0.5854474708171045,0.008481,0.00847,0.0,,,,2026-05-26T22:30:08.962983,-0.2104,ENDED_NEG,1,0.45,,False,,False,,,,1.0,1.0,,False,-0.46748378728922346,,0,,-0.152,0.1603,True,0.008523,0.008457,2026-05-26T22:30:12.253635,2026-05-26T22:56:30.835244,,,,,,,,,,,,,,,,,,,,,,-0.373,-0.3966,-0.4201,-0.1961,,,,,,,,,,,,,,,,,,,,,,False,,,,False,,,2026-05-26T22:15:26.049973,-0.1608,2026-05-26T22:15:42.181374,-0.0428,,,-0.2669,6.94,-0.3141,7.94,2026-05-26T22:11:12,2026-05-26T22:30:11.919591,EMA13_CROSS_EXIT L1,TAKER_FALLBACK,TAKER,True,
25,,EIGENUSDT,SHORT,CLOSED,0.2449,0.2468,0.2466,409.62060874330507,20.0,8192.412174866102,33452.070946778695,VERY_STRONG,0.5062,0.1773,34.31,38.14,32.8464,31.9707,0.4323,-0.4305,BEARISH,-0.2632,-0.0363,18.9932,17.4722,41.9,37.4,47.2,0.1042,34.5,33.4,False,False,True,False,False,False,False,False,False,True,True,False,False,False,False,False,True,,,,0.8163,1.0308,8.1,81.1,4.3,0.8758,3.0,HEALTHY_BEAR,HEALTHY_BEAR,,-0.1411,12.576754913756178,32.526872446331446,0.5806,-0.5938,-0.000467,-0.9917,-0.7679,-0.07,-0.2428,,,51818180.3913,,-0.1888,2026-05-26T22:21:06.584779,-0.8253,,,,,,,3.6865854786897456,3.7151869993492412,7.401772478038987,-70.96070727691801,-0.8661759902000756,0.032554103715800226,-0.8661759902000756,0.2449,0.2446,0.0,,,,2026-05-26T22:21:20.571384,-0.2365,ENDED_NEG,1,0.45,,True,,False,,,,1.0,1.0,,False,-0.8253246222948127,,0,,-0.2365,0.0757,True,0.2497,0.2468,2026-05-26T22:36:35.795246,2026-05-26T22:21:20.915257,,,,,,,,,,,,,,,,,,,,,,-0.9067,-1.1925,-1.5192,-1.8867,-1.1108,,,,,,,,,,,,,,,,,,,,,False,,,,False,,,2026-05-26T22:15:32.090075,-0.5394,2026-05-26T22:15:42.177415,-0.376,,,-0.5394,12.36,,,2026-05-26T22:01:52,2026-05-26T22:21:20.574363,STOP_LOSS_WIDE L1,TAKER_FALLBACK,TAKER,True,
24,,TIAUSDT,LONG,CLOSED,0.47100000000000003,0.4725,0.4726,798.8873984186205,20.0,15977.747968372409,33923.03177998388,STRONG_BUY,0.3055,0.1337,58.15,58.61,15.5295,14.6812,0.1356,0.1357,BULLISH,0.1628,0.0274,20.7472,22.3193,55.1,55.1,51.3,0.1265,36.1,35.3,False,False,False,True,False,False,False,False,True,True,False,False,False,False,False,False,False,C4,,,0.3191,0.4688,62.2,18.9,90.4,0.8484,5.0,HEALTHY_BULL,CHOPPY_WEAK,,-0.2077,24.88456867585842,14.440537387802587,0.521,-0.2658,-0.000467,-0.3329,0.4001,0.0732,-0.2856,2026-05-26T20:17:16.894092,0.08555307855625867,89051715.6088,,-0.1346,,,,,,,,,2.875994634307034,7.2128846322190725,10.088879266526106,40.79566840344788,0.2553280254776955,0.6160997876857709,-0.25399681528662676,0.4742,0.47100000000000003,0.0,0.5046,0.3064,2026-05-26T20:29:29.577733,2026-05-26T20:13:00.778264,-0.0627,RECOVERED,2,0.9,,True,,False,,,,2.0,1.0,EXT_Ext0.4-0.6_L+Ext_QuietVol_L,False,,0.2553280254776955,0,,0.039,0.2911,True,0.4773,0.4702,2026-05-26T20:59:44.370252,2026-05-26T21:14:12.853802,1.2746,-0.2329,28.72,43.2,36.56,0.0856,0.0856,1.2746,4.52,0.0856,32.54,0.4678,,,39.56,0.1281,2026-05-26T20:35:04.900134,0.1493,,,,0.2767,0.213,0.0432,0.6164,0.9561,2026-05-26T20:28:57.252889,,,,,,2026-05-26T21:02:39.133686,0.7438,2026-05-26T20:31:04.563739,0.2342,2026-05-26T20:31:14.621453,0.1918,2026-05-26T20:31:04.563739,0.2342,2026-05-26T20:31:14.621453,0.1918,2026-05-26T20:31:02.550550,0.2767,2026-05-26T20:31:02.550550,0.2767,False,,,,False,,,2026-05-26T20:20:06.490432,0.2341,2026-05-26T20:30:06.097789,0.4251,,,-0.0418,5.01,,,2026-05-26T20:10:34,2026-05-26T20:31:00.660227,TRAILING_STOP L2,MAKER,TAKER,True,
23,,EDENUSDT,SHORT,CLOSED,0.06739,0.06696,0.06716,401.0467716114391,20.0,8020.935432228782,119022.63588408935,STRONG_BUY,0.7773,0.2202,34.56,37.65,28.1879,28.1836,0.6719,-0.6675,BEARISH,-0.3141,-0.0804,31.463,30.5761,34.6,38.9,44.3,0.196,29.4,30.6,False,False,False,False,False,True,False,False,False,True,False,True,False,False,False,False,True,,,,0.5101,0.4981,2.7,94.6,12.4,0.0043,5.0,STRONG_BEAR,STRONG_BEAR,,-0.4298,17.14395803341491,30.639917557537487,0.9063,-0.9118,5e-05,-1.603,-1.125,-0.2428,-0.3024,2026-05-26T19:04:37.976855,0.08814809318891377,69996620.45679,,-0.4281,,,,,,,,,3.609420944502952,3.5863900644593807,7.195811008962332,43.98392242119607,0.5483640005935596,1.008579907998226,-0.3423764653509268,0.06739,0.06665,0.0,1.3343,-0.4344,2026-05-26T19:10:45.408966,2026-05-26T19:03:32.042459,0.2297,NEVER,1,0.45,,True,,False,,,,1.0,1.0,,False,,0.5483640005935596,0,,0.8652,-0.4344,True,0.06741,0.06642,2026-05-26T19:15:03.194561,2026-05-26T19:55:41.670500,1.3494,-0.1197,4.29,44.93,,,1.3049,,,,26.78,0.4739,,,,,2026-05-26T19:41:05.836898,0.4739,,,,0.5629,0.2661,0.3255,0.0584,0.37,2026-05-26T19:10:45.248059,,2026-05-26T19:10:45.408993,,,,2026-05-26T19:11:52.950279,0.2365,2026-05-26T19:11:51.935961,0.2661,2026-05-26T19:11:52.950279,0.2365,2026-05-26T19:12:15.317113,0.2068,2026-05-26T19:12:15.317113,0.2068,2026-05-26T19:12:15.317113,0.2068,2026-05-26T19:12:45.620031,0.281,False,,,,False,,,,,,,,,,,-0.2088,8.01,2026-05-26T19:00:32,2026-05-26T19:10:45.417824,TRAILING_STOP L1,TAKER_FALLBACK,TAKER,True,
22,,ERAUSDT,SHORT,CLOSED,0.1355,0.136,0.136,802.0935432228782,20.0,16041.870864457564,118390.19088160562,VERY_STRONG,0.3541,0.0989,34.82,43.55,30.513,29.848,0.3363,-0.3352,BEARISH,-0.1695,-0.0635,30.1805,30.2306,40.6,36.9,44.1,0.1942,31.8,30.6,False,False,False,False,False,False,False,False,False,False,True,True,False,False,False,False,True,W1+W2,,,0.6074,0.771,2.7,94.6,16.1,0.665,5.0,STRONG_BEAR,STRONG_BEAR,,-0.4076,14.688590691603014,33.59566161398433,0.4647,-0.5101,5e-05,-0.7976,-0.5351,-0.1263,-0.2851,2026-05-26T19:15:16.562469,0.08466789667897101,62785414.9772,,-0.3979,2026-05-26T19:01:40.685361,-0.506,,,2026-05-26T19:01:56.137585,-0.6537,,,2.8875367556023614,7.245479681954264,10.133016437556625,-69.3281118783595,-0.43216974169741723,0.3061697416974173,-0.6536715867158636,0.1355,0.135,0.0,0.4668,-0.1543,2026-05-26T19:15:16.581996,2026-05-26T19:01:56.139751,-0.3231,ENDED_NEG,1,0.45,,False,,False,,,,2.0,1.0,W1+W2,False,-0.5060036900368926,,0,,-0.1486,0.1234,True,0.1372,0.136,2026-05-26T19:45:15.379523,2026-05-26T19:27:33.869513,-0.432,-1.3176,17.69,0.0,0.01,-0.432,-0.6534,0.0,0.01,-0.432,12.98,-0.801,,,0.01,-0.432,2026-05-26T19:41:06.843143,-0.8748,,,,-0.5058,-0.5058,-0.6534,-0.8748,-1.17,,,,,,,,,,,,,,,,,,,,,False,,,,False,,,,,,,,,-0.4322,17.39,-0.2107,7.05,2026-05-26T18:48:09,2026-05-26T19:27:33.541597,EMA13_CROSS_EXIT L1,MAKER,TAKER,True,
21,,ONDOUSDT,SHORT,CLOSED,0.41050000000000003,0.4093,0.4091,783.7643406164991,20.0,15675.286812329981,38185.83876328862,VERY_STRONG,0.5211,0.1149,33.67,40.72,33.2031,32.6363,0.3412,-0.3401,BEARISH,-0.2182,-0.0307,29.3016,30.2937,42.6,44.1,38.1,0.1857,33.6,30.6,False,False,False,False,False,False,False,False,False,False,True,True,False,True,False,False,True,W1+W2+W4,,,0.5192,0.2574,5.3,78.9,37.0,0.5668,3.0,STRONG_BEAR,STRONG_BEAR,,-0.3879,13.29297123543492,31.442868970500097,0.6205,-0.5583,-0.000467,-0.8478,-0.6223,-0.067,-0.277,2026-05-26T18:43:12.470465,,217951413.51891,,-0.4061,,,,,,,,,2.8215516262193967,7.033258712616315,9.854810338835712,35.96819617711195,0.229457978075526,0.5950304506699233,-0.1848574908647856,0.41050000000000003,0.4078,0.0,1.0137,-0.3563,2026-05-26T18:43:58.579769,2026-05-26T18:41:37.303369,0.1948,NEVER,2,0.9,,True,,False,,,,2.0,1.0,W1+W2+W4,False,,0.229457978075526,0,,0.4317,-0.5679,False,0.4115,0.4058,2026-05-26T18:48:12.008540,2026-05-26T19:26:13.639456,1.0819,-0.3066,2.61,40.64,,,0.9114,,5.58,-0.2092,2.51,-0.2579,,,,,,,,,,0.0101,-0.0874,-0.1604,0.3024,0.8383,2026-05-26T18:43:58.560715,,,,,,2026-05-26T18:46:14.055578,0.0588,2026-05-26T18:45:39.750736,0.205,2026-05-26T18:45:39.750736,0.205,2026-05-26T18:45:40.762385,0.205,2026-05-26T18:45:44.798834,0.2293,2026-05-26T18:45:44.798834,0.2293,2026-05-26T18:45:48.845119,0.1806,False,,,,False,,,,,,,,,,,,,2026-05-26T18:41:04,2026-05-26T18:45:34.971516,TRAILING_STOP L2,MAKER,TAKER,True,
20,,ERAUSDT,SHORT,CLOSED,0.1353,0.1362,0.1361,860.4701422656881,30.0,25814.104267970644,190791.60582387765,VERY_STRONG,0.6795,0.1511,30.2,34.55,34.5116,33.2963,0.2087,-0.2083,BEARISH,-0.2606,-0.1194,34.155,33.1672,33.4,32.6,24.2,0.2112,30.9,30.6,True,False,False,False,False,True,False,False,False,True,True,True,False,False,False,True,True,C1,,,0.7981,1.3072,7.9,86.8,14.7,1.2153,4.0,STRONG_BEAR,STRONG_BEAR,,-0.4928,12.56733690638468,38.01631528790874,0.4544,-0.648,-0.000467,-0.9905,-0.6016,-0.2403,-0.289,,,63436975.9353,,-0.4874,,,,,,,,,11.616346920586789,11.69361752094546,23.30996444153225,-195.0224096830191,-0.7554878048780369,0.0,-0.7554878048780369,0.1353,0.1353,0.0,,,,2026-05-26T18:09:13.173502,-0.2369,ENDED_NEG,1,0.45,,True,,False,,,,2.0,1.5,C1,False,,,0,,-0.2369,-0.0799,True,0.137,0.135,2026-05-26T18:23:14.623691,2026-05-26T18:46:43.270578,0.1317,-1.3465,14.02,37.5,8.48,-0.9769,-0.3856,0.0,0.01,-0.7552,14.52,-1.2726,,,8.48,-0.9769,2026-05-26T18:25:17.326406,-1.2726,,,,-0.6813,-0.6813,-0.7552,-1.2726,-0.7552,,,,,,,,,,,,,,,,,,,,,False,,,,False,,,,,,,,,-0.5337,2.05,,,2026-05-26T18:03:33,2026-05-26T18:09:13.180514,STOP_LOSS_WIDE L1,TAKER_FALLBACK,TAKER,True,
19,,BTCUSDT,SHORT,CLOSED,75914.1,76108.7,76108.7,391.1187058414783,20.0,7822.3741168295655,0.10304244029540711,STRONG_BUY,0.2663,0.093,28.74,36.49,26.3176,24.9665,0.2535,-0.2528,BEARISH,-0.1314,-0.1317,26.3176,24.9665,28.7,31.9,47.4,0.2084,32.3,40.1,False,False,False,False,False,False,False,False,False,False,True,False,True,False,False,False,True,W1,,,1.4842,1.493,10.5,89.5,3.9,1.3511,4.0,HEALTHY_BEAR,STRONG_BEAR,,-0.352,15.528387457665433,39.81320721729941,0.2084,-0.1894,-0.000591,-0.3517,-0.4301,-0.4328,-0.2256,,,11278733405.65,,-0.4401,2026-05-26T18:17:51.440845,-0.2941,,,,,,,3.5200683525733045,3.5290917790699727,7.049160131643277,-27.101219013128603,-0.3464577199755925,0.04784931916469512,-0.38480776957112983,75914.1,75809.5,0.0,,,,2026-05-26T17:49:31.127523,-0.1555,ENDED_NEG,1,0.5,,False,,False,,,,1.0,1.0,,False,-0.2941382365067809,,0,,-0.0833,0.0823,True,76258.9,75766.5,2026-05-26T18:22:13.178652,2026-05-26T18:58:40.934394,0.1044,-0.5442,1.47,37.93,0.01,-0.3462,0.0403,0.0,0.01,-0.3462,41.8,0.0102,,,0.01,-0.3462,2026-05-26T18:25:18.335110,-0.5011,,,,-0.4342,-0.4554,-0.5098,-0.3338,-0.1108,,,,,,,,,,,,,,,,,,,,,False,,,,False,,,2026-05-26T17:49:12.796271,-0.2586,2026-05-26T17:49:28.906836,-0.3214,,,-0.2032,14.14,-0.1935,15.14,2026-05-26T17:30:08,2026-05-26T18:20:44.527745,EMA13_CROSS_EXIT L1,TAKER_FALLBACK,TAKER,True,
18,,MMTUSDT,SHORT,CLOSED,0.1274,0.1263,0.1261,337.2339533690647,20.0,6744.679067381294,52940.96599200387,VERY_STRONG,0.4017,0.0999,32.89,41.02,31.9209,31.4355,0.3961,-0.3945,BEARISH,-0.1562,-0.0356,23.227,23.3397,40.9,43.2,42.0,0.1959,37.8,40.1,False,False,False,False,False,False,False,False,False,False,False,True,False,False,False,False,True,W2,,,0.6442,0.7884,35.9,53.8,4.8,0.4854,2.0,HEALTHY_BEAR,HEALTHY_BEAR,,-0.2654,13.718783633820724,30.700816970890898,0.5266,-0.4515,-0.000591,-0.7186,-0.6218,-0.1233,-0.181,2026-05-26T17:19:41.403861,0.06705651491366225,47460866.5359,,-0.3365,,,,,,,,,3.035105580321582,3.0088998021555393,6.044005382477121,52.19105720872806,0.7738108320251313,1.3235086342229383,-0.24705651491364047,0.1274,0.1256,0.0,1.2462,-0.859,2026-05-26T17:25:43.353544,2026-05-26T17:19:02.139847,0.3174,NEVER,3,1.5,,True,,False,,,,2.0,1.0,W2,True,,0.7738108320251313,0,,0.685,-0.859,False,0.1269,0.1244,2026-05-26T17:57:41.310726,2026-05-26T17:33:18.829404,2.2648,0.3025,31.64,7.27,39.56,0.381,0.4595,0.8519,23.92,0.5379,,,,,39.56,0.381,,,,,,0.9304,1.2444,1.6368,1.4799,0.5379,2026-05-26T17:23:53.350974,,2026-05-26T17:25:38.934848,,,,2026-05-26T17:51:12.648092,0.4595,2026-05-26T17:51:16.690510,0.4595,2026-05-26T17:51:16.690510,0.4595,2026-05-26T17:56:32.179312,0.4595,2026-05-26T17:56:32.179312,0.4595,2026-05-26T17:56:35.216534,0.4595,2026-05-26T17:56:37.239041,0.4595,False,,,,False,,,,,,,,,,,,,2026-05-26T17:18:28,2026-05-26T17:26:02.631227,TRAILING_STOP L3,TAKER_FALLBACK,TAKER,True,
17,,SOLUSDT,SHORT,CLOSED,84.111,83.5,83.48,643.7830350338827,20.0,12875.660700677654,153.0793915264074,VERY_STRONG,0.4709,0.1138,33.02,37.79,33.5332,31.6895,0.2213,-0.2208,BEARISH,-0.1792,-0.1116,27.0333,26.2167,35.9,38.9,36.9,0.284,35.8,38.5,False,False,False,False,False,False,False,False,False,False,True,True,False,False,False,False,True,W1+W2,,,1.0958,1.0029,20.5,76.9,13.4,1.8436,3.0,HEALTHY_BEAR,STRONG_BEAR,,-0.4037,10.738965285868826,39.79796846004911,0.3823,-0.3113,-0.000591,-0.4561,-0.5076,-0.2733,-0.1634,2026-05-26T17:19:40.747009,,1479187901.3191,,-0.4376,2026-05-26T16:36:15.475355,-0.4543,,,,,,,2.3176189261219777,5.751958136604758,8.069577062726736,85.46193115990883,0.6637479283328034,1.1633127890525683,-0.5019034133466488,84.111,83.08,0.0,0.8367,-0.4756,2026-05-26T17:31:43.884791,2026-05-26T16:36:36.871036,-0.1628,RECOVERED,3,1.5,,True,,False,,,,2.0,1.0,W1+W2,True,-0.45432580756380675,0.6637479283328034,0,,0.0373,-0.4926,True,83.99,83.36,2026-05-26T18:22:13.178652,2026-05-26T17:41:56.152433,0.8299,0.0809,44.99,4.7,38.45,0.4138,0.1522,0.7229,12.73,0.4019,28.37,0.5445,,,38.52,0.39,,,,,,0.6278,0.604,0.7466,0.4375,0.4613,2026-05-26T17:21:49.406676,,2026-05-26T17:30:06.808285,,,,,,,,,,,,,,,,2026-05-26T18:04:28.490549,0.497,False,,,,False,,,2026-05-26T16:35:03.183322,-0.3354,2026-05-26T16:50:12.175006,-0.1689,,,-0.4186,21.27,-0.2402,3.06,2026-05-26T16:15:15,2026-05-26T17:37:13.972187,TRAILING_STOP L3,MAKER,TAKER,True,
16,,LTCUSDT,SHORT,CLOSED,52.08,51.79,51.78,916.341478213239,20.0,18326.82956426478,351.8976490834251,VERY_STRONG,0.373,0.0964,33.91,39.79,33.3355,31.6575,0.1936,-0.1932,BEARISH,-0.1518,-0.1069,26.451,26.2167,36.9,38.9,36.9,0.2667,36.4,38.5,False,False,False,False,False,False,False,False,False,False,False,True,False,False,False,False,True,W2,,,0.704,1.057,20.5,74.4,3.6,1.6781,4.0,HEALTHY_BEAR,STRONG_BEAR,,-0.3986,10.343002009018448,35.779984195719784,0.2736,-0.2589,-0.000591,-0.3841,-0.4232,-0.2311,-0.159,2026-05-26T17:20:28.373728,,54645625.84,,-0.4403,2026-05-26T17:02:15.221930,-0.2821,,,,,,,8.24707330391915,8.201150660713763,16.448223964632913,85.60209426956007,0.4670862135176635,0.8704934715821813,-0.41656778033794484,52.08,51.58,0.0,0.4477,-0.5301,2026-05-26T17:33:23.323944,2026-05-26T16:36:38.278788,-0.1059,RECOVERED,2,1.0,,True,,False,,,,2.0,1.0,W2,True,-0.28209869431643897,0.4670862135176635,0,,0.0183,-0.3814,True,52.07,51.7,2026-05-26T18:22:38.364016,2026-05-26T17:41:57.224385,0.6396,-0.0708,44.84,4.16,30.82,0.2364,-0.0132,0.582,16.21,0.3132,16.21,0.3132,,,30.82,0.2364,,,,,,0.4476,0.5052,0.582,0.39,0.2364,2026-05-26T17:23:52.674231,,,,,,,,,,,,,,,,,,,,False,,,,False,,,2026-05-26T16:35:03.180688,-0.2821,2026-05-26T16:50:12.172837,-0.1092,,,-0.2245,11.49,-0.2245,12.49,2026-05-26T16:11:53,2026-05-26T17:37:47.791000,TRAILING_STOP L2,TAKER_FALLBACK,TAKER,True,
15,,1000PEPEUSDT,SHORT,CLOSED,0.0035498,0.0035397,0.0035395,989.0683324979788,30.0,29672.049974939364,8358794.854622616,VERY_STRONG,0.4659,0.1018,36.53,40.69,31.5656,30.5023,0.2075,-0.2071,BEARISH,-0.1821,-0.1069,26.451,26.2167,36.9,38.9,36.9,0.2667,36.4,38.5,True,False,False,False,False,False,False,False,False,True,True,True,False,False,False,False,True,C1,,,0.704,0.5751,20.5,74.4,10.0,1.0633,2.0,HEALTHY_BEAR,HEALTHY_BEAR,,-0.3986,13.14023067734897,34.9827785917701,0.4389,-0.3876,-0.000591,-0.5535,-0.4743,-0.2311,-0.159,2026-05-26T16:12:51.198661,0.09882796213871513,170175859.6979169,,-0.3119,2026-05-26T16:35:38.570146,-0.493,,,,,,,13.352422488722713,13.314431766108454,26.666854254831165,57.756973776859766,0.19465110710463407,0.5948536537269735,-0.5127491689672607,0.0035498,0.0035255,0.0,0.617,-0.3273,2026-05-26T16:53:20.331097,2026-05-26T16:35:39.767516,-0.1404,RECOVERED,2,1.0,,True,,False,,,,2.0,1.5,C1,False,-0.4930208744154623,0.19465110710463407,0,,0.1361,-0.4047,True,0.0035541,0.003487,2026-05-26T17:03:49.572530,2026-05-26T17:30:09.888497,1.6791,-0.2111,9.29,35.62,,,0.9918,,6.42,0.0818,8.44,-0.0449,,,,,2026-05-26T17:00:29.200169,0.0875,,,,0.0875,0.1156,0.1072,-0.0956,0.7636,2026-05-26T16:53:15.284002,0.19746943489774463,,,,,2026-05-26T17:35:49.057362,1.2284,2026-05-26T16:54:32.486450,0.1973,2026-05-26T17:34:36.874500,1.4312,2026-05-26T16:54:32.486450,0.1973,2026-05-26T17:34:36.874500,1.4312,2026-05-26T16:54:37.599282,0.1579,2026-05-26T16:54:39.651567,0.1466,False,,,,False,,,2026-05-26T16:35:03.177693,-0.3718,2026-05-26T16:50:12.169883,-0.0365,,,-0.3606,11.82,-0.2901,5.74,2026-05-26T16:11:33,2026-05-26T16:54:31.707029,TRAILING_STOP L2,TAKER_FALLBACK,TAKER,True,
14,,ERAUSDT,SHORT,CLOSED,0.1371,0.1366,0.1364,1034.743804037667,20.0,20694.87608075334,150947.30912292734,STRONG_BUY,0.6001,0.1316,33.53,38.86,26.6461,25.8354,0.2415,-0.2409,BEARISH,-0.2209,-0.1008,26.1187,25.9755,39.0,39.4,33.4,0.2727,37.6,38.5,False,False,False,False,False,False,False,False,False,False,True,True,False,False,True,False,True,W1+W2,,,0.7203,0.6681,28.2,69.2,2.6,0.8107,4.0,HEALTHY_BEAR,HEALTHY_BEAR,,-0.3863,13.806493854268522,30.153141354728692,0.4897,-0.4524,-0.000591,-0.6634,-0.5891,-0.176,-0.1498,2026-05-26T16:08:03.595046,0.0559445660102157,64638660.0956,,-0.384,,,,,,,,,9.312694236339002,9.278731091786343,18.591425328125347,56.882229233338386,0.2748614150255291,0.6397228300510582,-0.30891684901531347,0.1371,0.1361,0.0,0.9782,-0.2633,2026-05-26T16:10:14.759762,2026-05-26T16:07:28.303119,0.0713,NEVER,1,0.5,,True,,False,,,,2.0,1.0,W1+W2,True,,0.2748614150255291,0,,0.6086,-0.2633,False,0.1383,0.1362,2026-05-26T16:30:35.650266,2026-05-26T16:12:44.998811,0.5665,-0.9653,20.13,2.28,14.91,-0.8194,-0.6735,0.5665,13.91,-0.6735,6.82,-0.3088,,,14.91,-0.8194,2026-05-26T16:35:06.232406,-0.6735,,,,0.3476,0.4935,-0.09,-0.8194,-0.6006,2026-05-26T16:10:14.751076,,,,,,2026-05-26T16:13:52.777330,0.0559,2026-05-26T16:13:09.384073,0.2747,2026-05-26T16:13:15.654254,0.2747,2026-05-26T16:13:12.565535,0.2747,2026-05-26T16:13:52.777330,0.0559,2026-05-26T16:13:41.460742,0.1288,2026-05-26T16:13:33.007177,0.2747,False,,,,False,,,,,,,,,,,,,2026-05-26T16:06:09,2026-05-26T16:10:27.637864,TRAILING_STOP L1,TAKER_FALLBACK,TAKER,True,
13,,SUIUSDT,SHORT,CLOSED,1.0230000000000001,1.0184,1.0179,567.2610205337292,30.0,17017.830616011874,16635.220543511117,VERY_STRONG,0.7155,0.1862,34.3,39.71,30.4668,29.096,0.2699,-0.2692,BEARISH,-0.2932,-0.1635,26.201,25.6318,36.1,31.3,37.3,0.2873,36.8,46.4,True,False,False,False,False,False,False,False,False,True,True,True,False,False,False,False,True,C1,,,0.8495,1.0194,15.4,82.1,11.4,1.3708,3.0,HEALTHY_BEAR,HEALTHY_BEAR,,-0.3831,12.674745995789527,36.34476640917969,0.5733,-0.4942,-0.000591,-0.7093,-0.7132,-0.2908,-0.074,2026-05-26T16:08:03.738214,0.09347311827957436,254011426.42346,,-0.4101,,,,,,,,,3.0632095108821376,7.623588870680275,10.686798381562413,65.83521611859138,0.386860215053779,0.7878225806451761,-0.66933333333331,1.0230000000000001,1.0143,0.0,0.875,-0.3632,2026-05-26T16:12:52.321145,2026-05-26T15:59:38.332005,-0.2566,RECOVERED,2,1.0,,True,,False,,,,2.0,1.5,C1,True,,0.386860215053779,0,,0.4067,-0.4254,True,1.0265,1.0178,2026-05-26T16:26:18.044840,2026-05-26T16:14:29.768218,0.4453,-0.4051,12.64,0.84,,,-0.0337,,11.72,-0.2585,3.64,-0.0923,,,,,2026-05-26T16:35:07.253366,-0.1119,,,,0.3964,0.1423,-0.1314,-0.1412,-0.1021,2026-05-26T16:12:32.521271,,,,,,2026-05-26T16:13:50.698366,0.2791,2026-05-26T16:13:44.536363,0.3378,2026-05-26T16:13:50.698366,0.2791,2026-05-26T16:13:53.823601,0.2498,2026-05-26T16:13:56.906098,0.2498,2026-05-26T16:13:59.975428,0.24,2026-05-26T16:15:31.195321,0.1423,False,,,,False,,,,,,,,,,,,,2026-05-26T15:57:40,2026-05-26T16:13:39.027056,TRAILING_STOP L2,MAKER,TAKER,True,
12,,TONUSDT,SHORT,CLOSED,1.9020000000000001,1.9205,1.9191,987.2427243584783,20.0,19744.854487169567,10381.101202507658,STRONG_BUY,0.7228,0.2231,33.48,40.08,25.4191,23.5781,0.4286,-0.4267,BEARISH,-0.3007,-0.1635,26.201,25.6318,36.1,31.3,37.3,0.2873,36.8,46.4,False,False,False,False,False,False,False,False,False,False,True,True,True,False,False,False,True,W1+W2,,,0.8495,1.2572,15.4,82.1,11.5,1.8411,4.0,HEALTHY_BEAR,HEALTHY_BEAR,,-0.3831,11.509226269212519,33.939549477081066,0.6963,-0.2217,-0.000591,-0.3627,-0.9142,-0.2908,-0.074,,,427557064.38639,,-0.384,2026-05-26T16:09:21.671756,-0.8836,,,,,,,3.5540738076905223,8.971607186737181,12.525680994427702,-204.57605324081896,-1.0360980546792828,0.0,-1.0360980546792828,1.9020000000000001,1.9020000000000001,0.0,,,,2026-05-26T16:09:55.657739,-0.4585,ENDED_NEG,1,0.5,,True,,False,,,,2.0,1.0,W1+W2,False,-0.8835583596214425,,0,,-0.4585,-0.0693,True,1.9322,1.9028,2026-05-26T16:36:15.894393,2026-05-26T16:12:59.854572,-0.1051,-1.6508,26.33,3.06,19.5,-0.9515,-0.9726,0.0,13.44,-0.7938,14.44,-0.8884,,,19.5,-0.9515,2026-05-26T16:35:05.216711,-1.288,,,,-0.7991,-0.6361,-0.3574,-0.8727,-1.2249,,,,,,,,,,,,,,,,,,,,,False,,,,False,,,,,,,,,-0.5206,6.17,,,2026-05-26T15:57:38,2026-05-26T16:09:55.659943,STOP_LOSS_WIDE L1,MAKER,TAKER,True,
11,,UNIUSDT,SHORT,CLOSED,3.291,3.286,3.285,975.3875130182387,20.0,19507.750260364774,5927.605670119956,STRONG_BUY,0.6696,0.1915,31.22,30.42,25.7256,24.9824,0.2985,-0.2976,BEARISH,-0.2872,-0.1536,25.0555,24.8456,35.8,36.9,42.6,0.289,38.2,46.4,False,False,False,False,False,False,False,False,False,False,True,True,False,False,True,False,True,W1+W2,,,0.8057,0.9193,28.2,69.2,3.0,0.7432,4.0,HEALTHY_BEAR,HEALTHY_BEAR,,-0.3124,15.47956711731512,32.43495632066758,0.4752,-0.3039,-0.000591,-0.4908,-0.7355,-0.3095,-0.0624,2026-05-26T15:50:46.052604,0.08899787298693082,48519432.408,,-0.3912,,,,,,,,,3.5113950468656596,8.76515050440638,12.27654555127204,17.361482799327106,0.08899787298693082,0.5145919173503534,-0.24539744758432783,3.291,3.272,0.0,0.7061,-0.364,2026-05-26T15:54:16.053875,2026-05-26T15:46:43.686087,0.0856,NEVER,2,1.0,,True,,False,,,,2.0,1.0,W1+W2,False,,0.08899787298693082,0,,0.0325,-0.5373,False,3.298,3.257,2026-05-26T15:59:36.648377,2026-05-26T16:12:52.672181,0.9701,-0.2757,2.76,16.03,,,0.4839,,5.95,-0.1238,2.88,-0.2149,,,,,2026-05-26T16:35:03.186784,0.1497,,,,0.0282,-0.1238,-0.0022,0.5143,0.2712,2026-05-26T15:54:16.053905,0.18019659677909472,,,,,2026-05-26T16:13:45.564259,0.5143,2026-05-26T15:56:55.908805,0.0889,2026-05-26T15:56:59.290068,0.0889,2026-05-26T15:56:55.908805,0.0889,2026-05-26T15:56:59.290068,0.0889,2026-05-26T15:56:55.908805,0.0889,2026-05-26T15:56:55.908805,0.0889,False,,,,False,,,,,,,,,,,,,2026-05-26T15:46:19,2026-05-26T15:56:48.876048,TRAILING_STOP L2,MAKER,TAKER,True,
10,,PENGUUSDT,SHORT,CLOSED,0.008759,0.0087,0.0087,913.6030660039883,20.0,18272.061320079767,2086089.8869825057,VERY_STRONG,0.5798,0.1847,36.41,40.51,30.6282,29.6252,0.2613,-0.2606,BEARISH,-0.2416,-0.1244,22.3985,22.0532,37.1,38.8,42.8,0.3022,40.9,46.4,False,False,False,False,False,False,False,False,False,False,True,True,False,False,False,False,True,W1+W2,,,0.9146,0.9346,25.6,69.2,19.6,1.003,2.0,HEALTHY_BEAR,HEALTHY_BEAR,,-0.1506,14.170771336776502,36.14017842304576,0.5951,-0.0676,-0.000591,-0.0293,-0.6785,-0.387,-0.0434,2026-05-26T15:31:20.966387,,56889999.006719,,-0.2609,,,,,,,,,8.222427594035896,8.16704190753651,16.389469501572407,106.68983383039549,0.5838959926932301,0.9836648019180112,-0.07857803402215703,0.008759,0.008665,0.0,0.8676,-0.677,2026-05-26T15:36:24.939358,2026-05-26T15:30:26.010438,0.3414,NEVER,2,1.0,,True,,False,,,,2.0,1.0,W1+W2,False,,0.5838959926932301,0,,0.4618,-0.677,False,0.008759,0.008612,2026-05-26T15:43:56.083807,2026-05-26T16:12:59.854572,1.5883,-0.09,6.68,35.74,,,0.8576,,4.74,0.1954,5.86,0.0927,,,,,,,,,,0.5836,0.7206,0.1498,0.5265,0.8576,2026-05-26T15:31:46.195135,,,,,,2026-05-26T15:55:43.281584,0.9147,2026-05-26T15:37:27.018311,0.5722,2026-05-26T15:39:56.500313,0.458,2026-05-26T15:39:54.477016,0.4694,2026-05-26T15:41:35.667081,0.2183,2026-05-26T15:41:32.629402,0.184,2026-05-26T15:40:45.193740,0.3553,False,,,,False,,,,,,,,,,,,,2026-05-26T15:30:25,2026-05-26T15:37:15.019542,TRAILING_STOP L2,TAKER_FALLBACK,TAKER,True,
9,,ETHUSDT,SHORT,CLOSED,2099.6,2085.68,2085.68,913.6030660039884,20.0,18272.061320079767,8.702639226557329,STRONG_BUY,0.4352,0.1229,33.4,39.17,25.5941,24.7246,0.1785,-0.1782,BEARISH,-0.1776,-0.1139,22.3985,22.0532,39.5,38.8,42.8,0.2924,42.4,46.4,False,False,False,False,False,False,False,False,False,False,False,True,False,False,False,False,True,W2,,,0.7756,0.6687,25.6,66.7,12.6,0.8695,4.0,HEALTHY_BEAR,HEALTHY_BEAR,,-0.1392,18.081650017000783,39.22733588576777,0.3288,-0.1994,-0.000591,-0.2667,-0.4668,-0.2923,-0.0335,2026-05-26T15:30:34.958129,0.09996146885121324,7740029476.95,,-0.3762,,,,,,,,,3.2889710376143584,8.167914261920739,11.456885299535097,109.68385273414354,0.6002817679558045,0.9962495475328643,-0.17021149266526958,2099.6,2077.37,0.0,0.5808,-0.2828,2026-05-26T15:54:53.102558,2026-05-26T15:27:09.369932,0.0868,RECOVERED,2,1.0,,True,,False,,,,2.0,1.0,W2,False,,0.6002817679558045,0,,0.01,-0.382,True,2088.79,2073.15,2026-05-26T16:02:58.092006,2026-05-26T16:12:51.620324,1.1968,0.4519,4.71,14.6,,,0.8319,,2.48,0.5714,19.03,0.7448,,,,,2026-05-26T16:35:04.201594,0.8548,,,,0.5657,0.5843,0.5319,1.0205,0.8372,2026-05-26T15:36:55.976746,,,,,,,,2026-05-26T16:09:26.907415,0.6724,2026-05-26T16:13:57.930699,0.8643,2026-05-26T16:09:27.924544,0.659,,,2026-05-26T16:09:38.140732,0.6586,2026-05-26T16:16:58.017869,0.721,False,,,,False,,,,,,,,,,,0.3201,17.2,2026-05-26T15:25:55,2026-05-26T15:58:15.214878,TRAILING_STOP L2,MAKER,TAKER,True,
8,,AVAXUSDT,SHORT,CLOSED,9.316,9.284,9.284,456.8015330019942,20.0,9136.030660039884,980.6816938643069,STRONG_BUY,0.4193,0.1634,33.61,39.29,25.2085,24.4691,0.2438,-0.2432,BEARISH,-0.1934,-0.1116,23.3727,23.9859,41.5,41.4,41.5,0.3062,45.0,46.4,False,True,False,False,False,False,False,False,False,True,True,False,False,False,False,False,True,,,,0.9301,0.9917,7.7,87.2,13.1,0.7393,4.0,HEALTHY_BEAR,HEALTHY_BEAR,,-0.037,18.090332422154564,37.41839004597577,0.3439,0.0257,-0.000591,-0.0891,-0.5651,-0.2959,-0.0184,2026-05-26T15:22:48.606651,0.09808576642336378,104588864.16,,-0.2978,,,,,,,,,1.6444855188071792,4.097091980626302,5.741577499433481,25.64023670422437,0.28064963503649665,0.6779945255474542,-0.3207372262773629,9.316,9.247,0.0,0.7107,-0.2491,2026-05-26T15:31:54.168151,2026-05-26T15:15:01.644582,-0.058,RECOVERED,2,1.0,,True,,False,,,,1.0,1.0,,False,,0.28064963503649665,0,,0.0996,-0.2887,True,9.301,9.213,2026-05-26T15:44:01.384081,2026-05-26T16:12:52.672181,1.0426,0.098,3.27,32.12,,,0.5703,,1.24,0.1946,17.96,0.2805,,,,,,,,,,0.1732,0.2483,0.1839,0.6777,0.7099,2026-05-26T15:31:45.920621,,,,,,,,2026-05-26T15:58:41.696807,0.2805,2026-05-26T16:09:28.943131,0.6133,2026-05-26T15:58:41.696807,0.2805,2026-05-26T16:13:57.930699,0.6777,2026-05-26T15:56:48.782264,0.5596,2026-05-26T15:57:03.619771,0.5274,False,,,,False,,,,,,,,,,,-0.0845,5.06,2026-05-26T15:05:36,2026-05-26T15:40:44.856466,TRAILING_STOP L2,MAKER,TAKER,True,
7,,SUIUSDT,LONG,CLOSED,1.0498,1.053,1.0534,500.0,20.0,10000.0,9525.623928367308,STRONG_BUY,0.2778,0.117,61.73,56.72,17.4895,16.9964,0.2434,0.244,BULLISH,0.1301,0.1174,27.791,26.4435,69.7,64.6,67.5,0.219,61.4,54.8,False,False,False,False,False,False,False,False,False,False,False,False,False,False,False,False,False,UNMATCHED,,,0.9802,1.0528,74.4,25.6,85.3,0.4931,3.0,HEALTHY_BULL,BULL_EXHAUSTED,,0.1503,26.627983099929903,16.355221746544643,0.4194,0.0144,0.0001,0.1636,0.4675,0.4787,0.0968,2026-05-26T14:30:22.212365,,227028529.50201,,0.3582,,,,,,,,,4.5,4.513716898456848,9.013716898456849,21.468279672317294,0.21468279672317298,0.6241003048199505,-0.09952133739759847,1.0573,1.0498,0.0,,,,,,NEVER,2,1.0,,True,,False,,,,2.0,1.0,UNMATCHED,True,,0.21468279672317298,0,,0.2256,0.5572,False,1.0542,1.0286,2026-05-26T14:30:51.575833,2026-05-26T15:03:41.416519,0.3291,-2.1094,0.17,33.0,8.58,-0.9187,-1.4617,0.3291,5.52,-0.1662,2.47,0.0434,,,9.59,-1.195,2026-05-26T14:40:50.391813,-0.9949,,,,0.11,0.0719,-0.1376,-1.2426,-1.1664,2026-05-26T14:30:22.212346,,,,,,,,,,,,2026-05-26T14:31:58.877581,0.0719,,,2026-05-26T14:32:32.335199,0.0529,2026-05-26T14:31:51.797305,0.0529,False,,,,False,,,2026-05-26T14:30:22.214056,0.3289,2026-05-26T14:30:38.404852,0.2242,,,,,,,2026-05-26T14:20:20,2026-05-26T14:30:41.141826,TRAILING_STOP L2,TAKER_FALLBACK,TAKER,True,
6,,SOLUSDT,LONG,CLOSED,85.639,85.1,85.11,1000.0,20.0,20000.0,233.5384579455622,STRONG_BUY,0.2699,0.0911,63.99,62.05,21.584,20.897,0.1075,0.1076,BULLISH,0.1244,0.1174,27.791,26.4435,69.7,64.6,67.5,0.219,61.4,54.8,False,False,False,False,False,False,False,False,False,False,False,False,False,False,False,False,False,UNMATCHED,,,0.9802,1.1193,74.4,25.6,82.0,0.687,4.0,HEALTHY_BULL,STRONG_BULL,,0.1503,27.316705490392444,14.543263757367258,0.271,0.1239,0.0001,0.2672,0.3005,0.4787,0.0968,2026-05-26T14:30:22.154440,0.08989885449386406,1238378361.5137,,0.2863,2026-05-26T14:36:50.914349,-0.1552,,,2026-05-26T14:37:14.601226,-0.2719,,,3.6,8.943355247025304,12.543355247025303,-138.42058407968366,-0.6921029203984184,0.4750639077990151,-0.6921029203984184,86.1,85.639,0.0,,,,2026-05-26T14:38:39.656519,-0.6332,ENDED_NEG,1,0.5,,True,,False,,,,2.0,1.0,UNMATCHED,False,-0.15520617942758969,,0,,-0.6332,-0.0011,True,85.5,84.66,2026-05-26T14:52:29.202850,2026-05-26T15:23:03.173771,-0.2253,-1.2062,13.82,44.39,0.61,-0.6924,-0.961,0.0,0.01,-0.6807,16.81,-0.4472,,,0.61,-0.6924,2026-05-26T14:40:51.400175,-0.7041,,,,-0.8909,-0.8442,-0.9142,-0.3888,-0.7274,,,,,,,,,,,,,,,,,,,,,False,,,,False,,,2026-05-26T14:30:22.211578,0.3817,2026-05-26T14:30:38.399059,0.3,,,-0.0385,16.21,0.1366,13.17,2026-05-26T14:20:00,2026-05-26T14:38:39.660637,STOP_LOSS_WIDE L1,MAKER,TAKER,True,
5,,XRPUSDT,LONG,CLOSED,1.3599,1.3517,1.3524,1000.0,20.0,20000.0,14706.963747334361,VERY_STRONG,0.1978,0.0672,64.59,61.31,22.3252,21.3914,0.112,0.1121,BULLISH,0.093,0.1112,27.1515,26.4435,68.3,64.6,67.5,0.2029,61.2,54.8,False,False,False,False,False,False,False,False,False,False,False,False,False,False,False,False,False,UNMATCHED,,,0.7931,0.8884,74.4,25.6,90.2,0.9339,2.0,HEALTHY_BULL,STRONG_BULL,,0.1436,27.161320818936442,13.237596159092993,0.1888,0.1104,0.0001,0.226,0.2512,0.423,0.0951,2026-05-26T14:30:21.833788,0.09375432017059683,405142917.4115,,0.2575,2026-05-26T14:36:49.117860,-0.2664,,,2026-05-26T14:37:14.774661,-0.362,,,9.0,8.945731303772334,17.945731303772334,-138.54283403191715,-0.6927141701595857,0.2922089859548402,-0.6927141701595857,1.3651,1.3599,0.0,,,,2026-05-26T14:39:24.146654,-0.4513,ENDED_NEG,1,0.5,,False,,False,,,,2.0,1.0,UNMATCHED,False,-0.2664041473637899,,0,,-0.4513,-0.0497,True,1.3547,1.345,2026-05-26T14:52:16.109652,2026-05-26T15:23:03.173771,-0.4724,-1.1857,12.86,43.64,0.02,-0.6709,-1.0974,0.0,0.02,-0.6709,42.45,-0.8915,,,0.88,-0.7445,2026-05-26T14:40:52.406419,-0.7224,,,,-0.7518,-0.8033,-0.7812,-0.568,-0.8327,,,,,,,,,,,,,,,,,,,,,False,,,,False,,,2026-05-26T14:30:22.207998,0.1526,2026-05-26T14:30:38.395751,0.1011,,,-0.2076,17.26,-0.0385,14.21,2026-05-26T14:18:57,2026-05-26T14:39:24.149420,STOP_LOSS L1,TAKER_FALLBACK,TAKER,True,
