id,binance_order_id,pair,direction,status,entry_price,exit_price,current_price,investment,leverage,notional_value,quantity,confidence,entry_gap,entry_ema_gap_5_8,entry_rsi,entry_adx,entry_adx_prev,entry_ema5_stretch,entry_price_vs_ema5_pct,entry_macro_trend,entry_ema20_slope,entry_btc_ema20_slope,entry_btc_adx,entry_btc_adx_prev,entry_btc_rsi,entry_btc_rsi_prev,entry_global_volume_ratio,entry_pair_volume_ratio,entry_bull_pct,entry_bear_pct,entry_range_position,entry_adx_delta,entry_quality_score,entry_btc_regime,exit_btc_regime,entry_btc_regime_started_at,entry_btc_trend_gap_pct,entry_pos_di,entry_neg_di,entry_atr_pct,entry_ema50_slope,entry_funding_rate,entry_pair_ema20_ema50_gap_pct,exit_pair_ema20_ema50_gap_pct,exit_btc_trend_gap_pct,first_cross_ema13_at,first_cross_ema13_pnl_pct,confirmed_cross_ema13_at,confirmed_cross_ema13_pnl_pct,first_cross_ema20_at,first_cross_ema20_pnl_pct,confirmed_cross_ema20_at,confirmed_cross_ema20_pnl_pct,entry_fee,exit_fee,total_fee,pnl,pnl_percentage,peak_pnl,trough_pnl,high_price_since_entry,low_price_since_entry,peak_ema5_gap,peak_ema5_dist_pct,peak_ema5_slope_pct,peak_reached_at,trough_reached_at,trough_ema5_dist_pct,ema5_went_negative,current_tp_level,dynamic_tp_target,no_expansion_last_check,signal_active_at_close,exit_slippage_pct,closing_in_progress,close_initiated_at,protective_sl_order_id,protective_tp_order_id,cell_multiplier,cell_multiplier_source,cell_multiplier_capped,ema13_strict_held_pnl_pct,trailing_first_pullback_pnl_pct,trailing_pullback_resets,trailing_confirmed_at,exit_price_vs_ema5_pct,exit_ema5_slope_pct,exit_ema5_crossed,post_exit_running_high,post_exit_running_low,post_exit_running_peak_at,post_exit_running_trough_at,post_exit_peak_pnl,post_exit_trough_pnl,post_exit_peak_minutes,post_exit_trough_minutes,post_exit_signal_lost_minutes,post_exit_pnl_at_signal_lost,post_exit_final_pnl,post_exit_peak_before_signal_lost,post_exit_rsi_exit_minutes,post_exit_rsi_exit_pnl,post_exit_rsi3_exit_minutes,post_exit_rsi3_exit_pnl,post_exit_signal_regained_minutes,post_exit_pnl_at_signal_regained,post_exit_floor_before_signal_regain,phantom_be_l1_triggered_at,phantom_be_l1_would_exit_pnl,phantom_be_l2_triggered_at,phantom_be_l2_would_exit_pnl,phantom_tick_a_triggered_at,phantom_tick_a_pnl,phantom_tick_b_triggered_at,phantom_tick_b_pnl,phantom_tick_c_triggered_at,phantom_tick_c_pnl,phantom_tick_d_triggered_at,phantom_tick_d_pnl,phantom_tick_e_triggered_at,phantom_tick_e_pnl,phantom_tick_f_triggered_at,phantom_tick_f_pnl,phantom_tick_g_triggered_at,phantom_tick_g_pnl,signal_lost_flagged,signal_lost_flag_pnl,signal_lost_flagged_at,fl1_origin,fl2_flagged,fl2_flagged_at,fl2_flag_pnl,regime_neutral_hit_at,regime_neutral_pnl,regime_comeback_at,regime_comeback_pnl,regime_opposite_at,regime_opposite_pnl,first_rsi2_pnl,first_rsi2_minutes,first_rsi3_pnl,first_rsi3_minutes,opened_at,closed_at,close_reason,entry_order_type,exit_order_type,is_paper,notes
38,,ICPUSDT,LONG,CLOSED,3.45,3.428,3.428,294.5207862650278,20.0,5890.415725300556,1707.3668768987118,STRONG_BUY,0.1952,0.1125,59.44,18.9367,18.8948,0.1688,0.1691,BULLISH,0.1097,0.0341,18.5987,17.2555,64.2,66.3,0.5832,0.8258,45.5,36.4,83.3,0.0419,1.0,HEALTHY_BULL,CHOPPY_FLAT,,0.0473,27.076885522864423,18.247160265668754,0.3512,-0.1971,-3.2e-05,-0.2197,,0.0412,2026-05-10T11:19:55.768332,-0.4087,,,2026-05-10T11:19:55.837826,-0.4377,,,2.65068707638525,2.6337841443039527,5.284471220689203,-42.846542512461276,-0.7273942028985577,0.0,-0.8722565217391343,3.453,3.45,0.0,,,,2026-05-10T11:23:07.770883,-0.4567,ENDED_NEG,1,0.5,,False,,False,,,,2.0,STRETCH_0.16-0.20,True,-0.4086971014492789,,0,,-0.2421,-0.2389,True,3.435,3.402,2026-05-10T11:23:51.677720,2026-05-10T11:50:23.955664,-0.5248,-1.4813,0.6,27.14,0.01,-0.7567,-1.0465,0.0,0.01,-0.7567,8.92,-1.0465,,,,,,,,,,,,,,,,,,,,,,False,,,,False,,,2026-05-10T11:20:26.493495,-0.4666,,,,,-0.2349,8.93,-0.3218,12.27,2026-05-10T11:07:38,2026-05-10T11:23:15.335488,EMA13_CROSS_EXIT L1,TAKER_FALLBACK,TAKER,True,
37,,TAOUSDT,LONG,CLOSED,314.0,314.19,314.19,589.0415725300556,20.0,11780.831450601112,37.518571498729656,STRONG_BUY,0.1199,0.0873,62.07,18.0188,17.8849,0.2321,0.2327,BULLISH,0.0787,0.028,16.1284,15.8328,62.7,60.2,0.6678,0.6333,38.6,43.2,92.1,0.1339,0.0,CHOPPY_WEAK,CHOPPY_WEAK,,0.0325,28.423162445815013,19.043935401557107,0.2736,-0.0953,-3.2e-05,-0.0196,,0.02,2026-05-10T11:37:09.629260,-0.0168,,,2026-05-10T11:51:28.645946,-0.0391,,,5.3013741527705,5.3045819906336416,10.605956143404143,-3.4774275586455934,-0.0295176751592364,0.4766238853503098,-0.11864952229298567,315.78,314.0,0.0,0.217,0.1812,2026-05-10T11:32:17.071894,2026-05-10T11:58:23.339811,-0.288,ENDED_NEG,1,0.5,,False,,False,,,,2.0,PAIR_60-65_18-22,False,-0.016784554140121588,,0,,-0.1009,-0.1357,True,314.94,312.73,2026-05-10T12:21:51.816882,2026-05-10T12:43:23.562419,0.2094,-0.4945,20.63,42.16,0.0,-0.0295,-0.1664,0.0,2.22,-0.2715,27.88,-0.1824,,,,,,,,,,,,,,,,,,,,,,False,,,,False,,,2026-05-10T11:20:26.491691,0.3111,,,,,0.2824,23.77,0.0628,20.44,2026-05-10T11:02:49,2026-05-10T12:01:13.753598,EMA13_CROSS_EXIT L1,TAKER_FALLBACK,TAKER,True,
36,,MITOUSDT,LONG,CLOSED,0.0693,0.06965,0.06965,589.0415725300556,20.0,11780.831450601112,169997.56782974186,STRONG_BUY,0.626,0.1697,62.64,15.9936,15.2882,0.4016,0.4032,BULLISH,0.246,0.0262,15.9368,15.8328,60.9,60.2,0.5848,0.9908,36.4,40.9,94.2,0.7054,1.0,CHOPPY_WEAK,HEALTHY_BULL,,0.0306,23.784533581153802,14.220869405104864,0.8083,0.1279,-3.2e-05,0.1128,,0.0443,,,,,,,,,2.1205496611081998,5.3281487697036845,7.448698430811884,52.05045030959829,0.4418232323232367,0.9322229437229381,-0.6110937950938027,0.06999,0.0693,0.0,1.1067,0.4871,2026-05-10T11:09:11.834447,2026-05-10T11:05:54.540439,-0.181,RECOVERED,2,1.0,,True,,False,,,,2.0,PAIR_60-65_15-18,False,,0.6293290043289961,1,,0.423,0.688,True,0.07102,0.06866,2026-05-10T11:30:56.166004,2026-05-10T11:14:10.089594,2.419,-0.9865,20.53,3.77,3.92,-0.8999,0.5431,0.6441,30.68,1.2068,2.8,-0.4093,,,,2026-05-10T11:08:50.797278,,,,2026-05-10T11:10:24.084727,0.6441,2026-05-10T11:10:24.084727,0.6441,2026-05-10T11:10:24.084727,0.6441,2026-05-10T11:10:36.235385,0.4421,2026-05-10T11:10:37.245973,0.4421,2026-05-10T11:10:37.245973,0.4421,2026-05-10T11:11:01.534223,0.1246,False,,,,False,,,,,,,,,,,-0.438,4.82,2026-05-10T11:01:22,2026-05-10T11:10:21.778482,TRAILING_STOP L2,MAKER,TAKER,True,
35,,STRKUSDT,LONG,CLOSED,0.05332,0.05289,0.05291,323.91176099396523,20.0,6478.235219879305,121497.28469391045,STRONG_BUY,0.2777,0.1341,59.76,20.13,20.0898,0.3732,0.3746,BULLISH,0.1611,0.0205,25.2241,23.9454,57.9,66.7,0.657,0.6802,70.5,20.5,65.5,0.0403,5.0,HEALTHY_BULL,CHOPPY_FLAT,,0.0655,28.283886867966984,18.60066170141677,0.6103,-0.1506,5e-05,-0.0897,,0.0524,2026-05-10T09:25:08.104397,-0.5587,,,2026-05-10T09:30:44.548579,-0.6336,,,2.9152058489456874,2.8916961243574155,5.806901973303103,-58.05073439168458,-0.896088709677419,0.09746249062266103,-0.896088709677419,0.05342,0.05332,0.0,0.5286,0.5587,2026-05-10T09:16:14.437963,2026-05-10T09:31:12.382749,-0.4664,ENDED_NEG,1,0.5,,True,,False,,,,1.0,,False,-0.5586562265566397,,0,,-0.4664,-0.0723,True,0.05332,0.05263,2026-05-10T09:40:10.663036,2026-05-10T10:16:11.920288,-0.09,-1.3841,8.97,44.99,0.91,-0.8777,-1.3653,0.0,0.91,-0.8777,20.99,-0.7652,,,,,,,,,,,,,,,,,,,,,,False,,,,False,,,2026-05-10T09:12:28.117144,-0.0525,2026-05-10T09:13:34.962791,-0.0525,,,-0.315,13.51,-0.09,7.84,2026-05-10T09:10:47,2026-05-10T09:31:12.385060,STOP_LOSS_WIDE L1,TAKER_FALLBACK,TAKER,True,
34,,WLFIUSDT,LONG,CLOSED,0.0684,0.0679,0.0679,647.8235219879305,20.0,12956.47043975861,189422.08245261124,VERY_STRONG,0.4054,0.1599,64.66,23.164,23.103,0.2218,0.2223,BULLISH,0.192,0.0213,25.2241,23.9454,59.1,66.7,0.85,1.1728,70.5,22.7,77.8,0.061,4.0,HEALTHY_BULL,CHOPPY_FLAT,,0.0663,26.1874304901244,16.064796036201113,0.5138,-0.1055,5e-05,-0.0844,,0.0544,2026-05-10T09:24:09.923154,-0.6745,,,2026-05-10T09:28:15.438934,-0.8207,,,5.830411697891375,5.787791729339537,11.618203427230911,-106.32924465353662,-0.8206652046783632,0.2022660818713331,-0.8206652046783632,0.0686,0.0684,0.0,0.6581,0.4179,2026-05-10T09:09:21.976940,2026-05-10T09:28:15.439119,-0.2959,ENDED_NEG,1,0.5,,False,,False,,,,2.0,STRETCH_0.20-0.25,False,-0.6745321637426865,,0,,-0.1646,-0.2432,True,0.068,0.0674,2026-05-10T09:32:16.518726,2026-05-10T09:57:21.056596,-0.6748,-1.552,0.14,25.21,0.0,-0.821,-1.4058,0.0,24.53,-1.4058,25.63,-1.4058,,,,,,,,,,,,,,,,,,,,,,False,,,,False,,,2026-05-10T09:12:28.115488,-0.3823,2026-05-10T09:13:34.961115,-0.6745,,,-0.3823,2.59,-0.3823,4.84,2026-05-10T09:09:19,2026-05-10T09:32:07.840677,EMA13_CROSS_EXIT L1,TAKER_FALLBACK,TAKER,True,
33,,JUPUSDT,LONG,CLOSED,0.2511,0.2529,0.2529,642.1396121014413,20.0,12842.792242028827,51146.12601365523,STRONG_BUY,0.3112,0.092,64.28,16.8247,15.997,0.6141,0.6179,BULLISH,0.091,0.0301,22.1126,20.4648,62.3,62.5,0.812,1.2821,56.8,29.5,96.0,0.8277,3.0,HEALTHY_BULL,CHOPPY_FLAT,,0.0469,29.403178071184083,16.688833360056627,0.5545,0.3124,5e-05,0.5223,,0.0561,,,,,,,,,2.3117026035651884,5.820684870984034,8.132387474549223,83.93063935003141,0.653523297491049,0.9719780963759423,-0.6202958980485802,0.2537,0.2511,0.0,0.7802,0.7402,2026-05-10T08:50:05.716111,2026-05-10T08:44:07.588149,-0.1221,RECOVERED,2,1.0,,True,,False,,,,2.0,PAIR_60-65_15-18,False,,0.653523297491049,0,,0.4004,0.8059,True,0.2561,0.2518,2026-05-10T09:19:09.715293,2026-05-10T09:32:05.423536,1.9282,0.2158,27.42,40.35,43.73,0.3352,0.5344,1.9282,7.22,0.4547,2.77,0.4945,,,,2026-05-10T08:49:42.926848,,,,2026-05-10T08:53:52.280033,0.3751,2026-05-10T08:53:04.926662,0.5742,2026-05-10T08:53:08.956504,0.614,2026-05-10T08:51:44.220880,0.6538,2026-05-10T08:51:44.220880,0.6538,2026-05-10T08:53:48.244073,0.4945,2026-05-10T08:53:28.093414,0.5742,False,,,,False,,,2026-05-10T08:46:07.716659,-0.2222,2026-05-10T08:48:20.960838,0.136,,,,,-0.3815,5.58,2026-05-10T08:38:52,2026-05-10T08:51:43.813982,TRAILING_STOP L2,MAKER,TAKER,True,
32,,BANANAUSDT,LONG,CLOSED,4.289,4.263,4.263,642.1396121014413,20.0,12842.792242028827,2994.35585032148,STRONG_BUY,0.2885,0.0912,64.17,17.8247,17.7467,0.2204,0.2209,BULLISH,0.138,0.0311,20.5155,18.6145,62.5,67.4,0.9523,0.5586,65.9,27.3,92.2,0.078,4.0,HEALTHY_BULL,CHOPPY_FLAT,,0.0413,21.80288042423527,14.890339537209469,0.4423,0.107,5e-05,0.1699,,0.0543,2026-05-10T08:41:34.427435,-0.3893,,,2026-05-10T08:41:53.006022,-0.5058,,,2.3117026035651884,5.74422254546421,8.055925149029399,-85.90917725738728,-0.6689291210072232,0.0,-0.7155390533923893,4.291,4.289,0.0,,,,2026-05-10T08:55:13.131559,-0.4003,ENDED_NEG,1,0.5,,False,,False,,,,2.0,PAIR_60-65_15-18,False,-0.3892695266961843,,0,,-0.1782,-0.1999,True,4.281,4.25,2026-05-10T09:03:25.049960,2026-05-10T09:22:56.136962,-0.2495,-0.9723,7.75,27.27,0.02,-0.6226,-0.6459,0.0,1.06,-0.6925,12.21,-0.6459,,,,,,,,,,,,,,,,,,,,,,False,,,,False,,,2026-05-10T08:46:07.713766,-0.296,2026-05-10T08:48:20.958054,-0.3427,,,-0.366,5.93,-0.366,5.93,2026-05-10T08:35:11,2026-05-10T08:55:39.821103,EMA13_CROSS_EXIT L1,MAKER,TAKER,True,
31,,TAOUSDT,LONG,CLOSED,313.14,312.43,312.43,328.14415877525323,20.0,6562.883175505065,20.958303555933657,VERY_STRONG,0.209,0.0522,62.52,26.0871,25.9039,0.195,0.1954,BULLISH,0.0885,0.0258,29.8358,28.9961,58.5,58.0,0.9251,0.74,72.7,15.9,65.8,0.1832,1.0,STRONG_BULL,CHOPPY_FLAT,,0.0568,22.971326392848887,12.79042462122843,0.3423,0.2947,-2e-05,0.4977,,0.0411,2026-05-10T04:04:33.902267,-0.2481,,,2026-05-10T04:05:11.010918,-0.3567,,,1.1813189715909118,2.9466012509911588,4.127920222582071,-19.00831574729454,-0.2896336143577887,0.29131452385514905,-0.38539429648080437,314.25,313.14,0.0,0.4333,0.2091,2026-05-10T03:59:08.796914,2026-05-10T04:05:16.003059,-0.2125,ENDED_NEG,1,0.5,,False,,False,,,,2.0,STRETCH_0.16-0.20,True,-0.24813731877115164,,0,,-0.0713,-0.0588,True,313.09,311.03,2026-05-10T04:57:59.337589,2026-05-10T04:46:20.399908,-0.079,-0.7368,30.21,18.56,0.01,-0.3121,-0.5229,0.0,3.3,-0.4079,7.78,-0.4845,,,,,,,,,,,,,,,,,,,,,,False,,,,False,,,2026-05-10T03:51:05.484930,0.1732,2026-05-10T03:53:20.181227,0.0998,,,-0.2034,32.66,-0.3758,15.8,2026-05-10T03:49:24,2026-05-10T04:27:46.382668,EMA13_CROSS_EXIT L1,MAKER,TAKER,True,
30,,PENGUUSDT,LONG,CLOSED,0.010623,0.010587,0.010587,640.7318537270871,20.0,12814.637074541743,1206310.5595916165,VERY_STRONG,0.2923,0.0818,64.45,23.2218,22.2984,0.1617,0.162,BULLISH,0.1461,0.029,29.8358,28.9961,61.6,58.0,0.8237,0.8856,79.5,15.9,84.9,0.9234,4.0,STRONG_BULL,CHOPPY_FLAT,,0.0603,27.71301068399715,13.274589597994584,0.2919,0.0462,-2e-05,0.0386,,0.0418,2026-05-10T04:04:26.500024,-0.2876,,,2026-05-10T04:04:49.688106,-0.3911,,,5.766586683543784,5.7470444524783995,11.513631136022184,-54.940811281321956,-0.4287348206721388,0.0511395086133803,-0.4475534218205765,0.010638,0.010623,0.0,0.1867,0.1217,2026-05-10T04:00:29.085982,2026-05-10T04:11:55.901918,-0.1969,ENDED_NEG,1,0.5,,False,,False,,,,2.0,STRETCH_0.16-0.20,False,-0.2875953120587422,,0,,-0.1496,-0.138,True,0.010613,0.01054,2026-05-10T04:56:20.872805,2026-05-10T04:45:45.218833,-0.1841,-0.8713,44.33,33.73,0.01,-0.4195,-0.3348,0.0,3.3,-0.4665,3.3,-0.4665,,,,,,,,,,,,,,,,,,,,,,False,,,,False,,,2026-05-10T03:51:05.483003,-0.1465,2026-05-10T03:53:20.178546,-0.09,,,-0.1935,1.17,,,2026-05-10T03:48:15,2026-05-10T04:12:00.834137,EMA13_CROSS_EXIT L1,TAKER_FALLBACK,TAKER,True,
29,,BIOUSDT,LONG,CLOSED,0.05859,0.05877,0.05877,316.4768109076887,20.0,6329.536218153773,108030.9987737459,STRONG_BUY,0.2586,0.1388,63.17,21.4926,21.2943,1.4305,1.4513,BULLISH,0.0991,0.0252,29.0099,28.1062,60.9,67.4,0.9811,0.9451,75.0,15.9,81.1,0.1983,3.0,STRONG_BULL,STRONG_BULL,,0.0564,28.08354560289443,17.186779485517967,1.1526,0.1321,-0.000319,0.2136,,0.0542,,,,,,,,,2.848291298169198,2.8570418090698713,5.705333107239069,13.74024667203515,0.21708141321044477,0.5924031404676524,-0.24354070660522237,0.05899,0.05859,0.0,1.5691,1.6396,2026-05-10T03:45:48.579602,2026-05-10T03:44:38.820429,1.4474,NEVER,2,1.0,,True,,False,,,,1.0,,False,,0.23414149172212959,1,,1.2006,1.6396,False,0.06036,0.05803,2026-05-10T04:01:34.541081,2026-05-10T04:30:42.813146,2.931,-1.0458,15.5,44.63,39.38,-0.5338,-0.8239,2.931,24.74,0.7975,10.08,1.1901,,,,2026-05-10T03:45:42.202237,,,,2026-05-10T03:46:45.211463,0.0807,2026-05-10T03:46:44.196778,0.0636,2026-05-10T03:46:44.196778,0.0636,2026-05-10T03:52:47.802937,1.3096,2026-05-10T03:53:36.369491,1.412,2026-05-10T03:53:36.369491,1.412,2026-05-10T03:53:57.606436,1.1901,False,,,,False,,,,,,,,,,,,,2026-05-10T03:44:27,2026-05-10T03:46:04.374704,TRAILING_STOP L2,TAKER_FALLBACK,TAKER,True,
28,,JUPUSDT,LONG,CLOSED,0.2457,0.2469,0.2469,632.9536218153775,20.0,12659.07243630755,51522.47633824807,STRONG_BUY,0.2937,0.104,64.84,20.408,19.2315,0.2349,0.2355,BULLISH,0.1437,0.0258,29.0099,28.1062,61.8,67.4,0.9426,1.0978,77.3,15.9,90.7,1.1765,4.0,STRONG_BULL,STRONG_BULL,,0.0571,27.8766770937062,13.208289369366183,0.367,-0.0726,-0.000319,-0.1358,,0.0568,,,,,,,,,2.278633038535359,5.724404733561052,8.00303777209641,53.82393383380161,0.42518070818071085,0.7506345136345144,-0.1443634513634537,0.2477,0.2457,0.0,0.7161,0.5999,2026-05-10T03:47:43.704214,2026-05-10T03:44:00.711969,0.113,NEVER,2,1.0,,True,,False,,,,2.0,STRETCH_0.20-0.25,False,,0.42518070818071085,1,,0.3404,0.6538,False,0.2486,0.2454,2026-05-10T03:56:29.676525,2026-05-10T04:13:19.665562,1.1173,-0.1851,7.09,23.93,24.79,-0.063,0.5068,1.1173,16.92,0.3847,19.17,0.2626,,,,2026-05-10T03:46:03.467656,,,,2026-05-10T04:01:12.286860,0.5475,2026-05-10T03:49:24.116293,0.4254,2026-05-10T03:49:28.162940,0.4254,2026-05-10T03:49:24.116293,0.4254,2026-05-10T03:49:28.162940,0.4254,2026-05-10T03:49:24.116293,0.4254,2026-05-10T03:49:24.116293,0.4254,False,,,,False,,,,,,,,,,,,,2026-05-10T03:42:59,2026-05-10T03:49:23.776224,TRAILING_STOP L2,MAKER,TAKER,True,
27,,DYMUSDT,LONG,CLOSED,0.02553,0.02561,0.02561,646.9933298779224,20.0,12939.866597558448,506849.45544686436,VERY_STRONG,0.5086,0.1984,60.13,23.2861,21.6699,0.2985,0.2994,BULLISH,0.2713,0.0203,20.0599,19.345,60.9,60.9,1.1101,0.7113,68.2,22.7,89.4,1.6162,4.0,HEALTHY_BULL,HEALTHY_BULL,,-0.0119,26.386520385932126,10.18613109953025,0.7623,0.1758,0.0001,0.3617,,0.0191,,,,,,,,,5.822939968901301,5.8411865492973885,11.664126518198689,28.883829917550568,0.22321582452017313,0.49727967097532627,-0.5598237367802665,0.02568,0.02553,0.0,0.6509,0.2576,2026-05-10T03:00:04.154159,2026-05-10T02:46:06.561099,-0.1067,RECOVERED,1,0.5,,True,,False,,,,2.0,BTC_60-65_20-25,False,,0.2623678025851931,0,,0.3793,0.2576,True,0.02592,0.02529,2026-05-10T03:14:31.539477,2026-05-10T03:30:03.515212,1.4376,-1.0301,14.4,29.93,29.36,-0.4425,-0.5209,1.4376,0.0,0.2234,18.07,0.8109,,,,,,,,2026-05-10T03:01:28.505997,0.6934,2026-05-10T03:01:26.487426,0.6934,2026-05-10T03:01:28.505997,0.6934,2026-05-10T03:07:24.710189,1.0851,2026-05-10T03:10:40.492977,0.8892,2026-05-10T03:06:46.390876,0.9676,2026-05-10T03:10:40.492977,0.8892,False,,,,False,,,2026-05-10T02:43:41.256463,-0.09,2026-05-10T02:44:49.144889,-0.2466,,,-0.3249,3.43,-0.2075,11.37,2026-05-10T02:43:08,2026-05-10T03:00:07.083012,TRAILING_STOP L1,TAKER_FALLBACK,TAKER,True,
26,,JTOUSDT,LONG,CLOSED,0.539,0.5412,0.5412,315.6491923060188,20.0,6312.983846120376,11712.400456624075,STRONG_BUY,0.6005,0.1964,63.94,20.5666,19.0632,0.3502,0.3515,BULLISH,0.2747,0.0256,18.706,17.8799,64.1,57.1,1.3866,1.3779,77.3,22.7,81.3,1.5034,3.0,HEALTHY_BULL,HEALTHY_BULL,,-0.0118,31.930890142793412,13.648571788260375,0.6372,0.1661,0.0001,0.2785,,-0.002,,,,,,,,,2.840842730754169,2.8524380072062274,5.6932807379603965,20.07400026661233,0.3179795918367309,0.6332365491651233,-0.08999999999999998,0.5429,0.539,0.0,0.5802,0.682,2026-05-10T02:46:51.596792,,,NEVER,2,1.0,,True,,False,,,,1.0,,False,,0.3179795918367309,1,,0.2679,0.682,False,0.55,0.5413,2026-05-10T03:30:23.705915,2026-05-10T02:47:26.695196,1.9508,0.3367,42.95,0.0,,,1.3015,,34.13,1.0603,19.5,0.8191,,,,2026-05-10T02:46:06.646265,,,,2026-05-10T02:50:47.302124,0.448,2026-05-10T02:47:26.699163,0.3553,2026-05-10T02:47:26.699163,0.3553,2026-05-10T02:50:49.339874,0.448,2026-05-10T02:50:51.377435,0.4295,2026-05-10T02:50:53.405348,0.4109,2026-05-10T02:55:49.930712,0.8747,False,,,,False,,,2026-05-10T02:41:04.526963,0.2253,2026-05-10T02:42:13.257705,0.0954,,,,,,,2026-05-10T02:39:23,2026-05-10T02:47:26.340178,TRAILING_STOP L2,TAKER_FALLBACK,TAKER,True,
25,,ICPUSDT,LONG,CLOSED,3.568,3.539,3.541,623.8740743189153,20.0,12477.481486378307,3497.0519860925747,VERY_STRONG,0.5226,0.1554,63.04,28.2108,27.7016,0.2526,0.2532,BULLISH,0.2575,0.0247,17.9179,17.8337,63.1,62.7,1.4511,0.9892,75.0,22.7,88.8,0.5091,2.0,CHOPPY_WEAK,HEALTHY_BULL,,-0.0197,26.724575922566945,12.917429741356127,0.5556,0.1634,0.0001,0.2283,,0.0131,2026-05-10T02:50:13.036486,-0.6783,,,2026-05-10T02:50:42.199032,-0.8184,,,5.6148666688702376,5.5692301404517295,11.184096809321968,-112.59860440600634,-0.9024145179372174,0.21815723094170741,-0.9024145179372174,3.579,3.568,0.0,0.6065,0.1631,2026-05-10T02:41:34.538005,2026-05-10T02:52:00.747928,-0.3637,ENDED_NEG,1,0.5,,True,,False,,,,2.0,STRETCH_0.25-0.30,False,-0.6783001681614323,,0,,-0.3637,-0.1005,True,3.539,3.484,2026-05-10T02:52:01.113962,2026-05-10T03:15:07.953484,-0.9028,-2.4443,0.0,23.11,0.2,-0.9308,-1.2391,0.0,0.0,-0.9028,2.48,-1.4073,,,,,,,,,,,,,,,,,,,,,,False,,,,False,,,2026-05-10T02:35:03.021377,-0.3701,2026-05-10T02:36:10.831800,-0.2021,,,-0.3982,4.57,-0.2581,13.23,2026-05-10T02:33:20,2026-05-10T02:52:00.750259,STOP_LOSS_WIDE L1,TAKER_FALLBACK,TAKER,True,
24,,JTOUSDT,LONG,CLOSED,0.5378,0.5394,0.5394,311.93703715945765,20.0,6238.740743189153,11600.484833003262,STRONG_BUY,0.487,0.1586,61.5,19.0809,18.0562,0.3221,0.3231,BULLISH,0.2165,0.0243,17.9179,17.8337,62.7,62.7,1.3651,0.7742,77.3,22.7,84.0,1.0248,3.0,CHOPPY_WEAK,HEALTHY_BULL,,-0.0201,30.223320913810053,15.430282908795698,0.6085,0.0783,0.0001,0.1747,,-0.0139,,,,,,,,,2.8074333344351188,2.8157856835148816,5.62321901795,12.937556714855752,0.2073744886575021,0.6906080327259377,-0.09,0.542,0.5378,0.0,0.8895,0.5537,2026-05-10T02:36:01.696080,2026-05-10T02:31:52.633772,0.3777,NEVER,2,1.0,,True,,False,,,,1.0,,False,,0.3746476385273444,0,,0.4117,0.5537,False,0.5478,0.5388,2026-05-10T03:20:19.843376,2026-05-10T02:38:20.660426,1.7694,0.0959,43.96,1.97,,,1.2488,,,,30.57,1.0443,,,,2026-05-10T02:35:54.275644,0.1887885831164108,,,2026-05-10T02:42:05.175754,0.2819,2026-05-10T02:38:22.685392,0.0959,2026-05-10T02:42:06.185878,0.2819,2026-05-10T02:37:30.127908,0.2075,2026-05-10T02:43:57.464870,0.2261,2026-05-10T02:37:30.127908,0.2075,2026-05-10T02:37:59.443101,0.1703,False,,,,False,,,2026-05-10T02:35:03.019548,0.0215,2026-05-10T02:36:10.829710,0.5791,,,,,,,2026-05-10T02:31:52,2026-05-10T02:36:21.961550,TRAILING_STOP L2,TAKER_FALLBACK,TAKER,True,
23,,DYMUSDT,LONG,CLOSED,0.02544,0.02552,0.02552,623.8740743189153,20.0,12477.481486378307,490467.0395588957,STRONG_BUY,0.1728,0.0763,55.29,19.7616,18.5982,0.2358,0.2363,BULLISH,0.0799,0.0243,17.9179,17.8337,62.7,62.7,1.3651,0.6749,77.3,22.7,76.8,1.1635,2.0,CHOPPY_WEAK,CHOPPY_FLAT,,-0.0201,24.10790116034699,11.6374665203523,0.7779,0.053,0.0001,0.1367,,-0.0133,,,,,,,,,5.6148666688702376,5.632523482294358,11.247390151164595,27.989973013547164,0.22432389937107003,0.53864779874214,-0.24716194968554178,0.0256,0.02544,0.0,0.7981,0.572,2026-05-10T02:39:21.173375,2026-05-10T02:33:30.482371,0.2486,NEVER,2,1.0,,True,,False,,,,2.0,STRETCH_0.20-0.25,False,,0.22432389937107003,0,,0.448,0.6111,False,0.02592,0.02541,2026-05-10T03:14:31.539477,2026-05-10T02:46:07.189335,1.7968,-0.2079,33.26,4.85,,,0.7748,,5.29,0.0279,5.29,0.0279,,,,2026-05-10T02:39:21.173396,,,,2026-05-10T02:41:16.084219,0.2245,2026-05-10T02:41:16.084219,0.2245,2026-05-10T02:41:16.084219,0.2245,2026-05-10T02:41:20.130539,0.2638,2026-05-10T02:41:21.142892,0.1852,2026-05-10T02:41:20.130539,0.2638,2026-05-10T02:41:20.130539,0.2638,False,,,,False,,,2026-05-10T02:35:03.016238,-0.1293,2026-05-10T02:36:10.826374,0.3029,,,,,,,2026-05-10T02:31:32,2026-05-10T02:41:15.650941,TRAILING_STOP L2,TAKER_FALLBACK,TAKER,True,
22,,TONUSDT,LONG,CLOSED,2.4405,2.4488,2.4488,302.9230504453407,20.0,6058.461008906815,2482.4671210435627,STRONG_BUY,0.4382,0.1708,63.16,15.8903,15.5146,0.4001,0.4017,BULLISH,0.2113,0.0202,20.4698,20.7532,52.0,62.9,0.5697,1.1558,68.2,11.4,85.1,0.3757,4.0,HEALTHY_BULL,CHOPPY_WEAK,,0.1252,27.275318210115213,17.891965603756617,0.5685,-0.052,-0.000566,0.0108,,0.091,,,,,,,,,2.7263074540080665,2.735579468705164,5.46188692271323,15.142590181947725,0.24994120057364283,0.5243515673017694,-0.6019596394181593,2.4555,2.4405,0.0,0.6724,0.3306,2026-05-09T20:22:35.885307,2026-05-09T20:09:30.876566,-0.196,RECOVERED,1,0.5,,True,,False,,,,1.0,,False,,0.3195677115345129,2,,0.4006,0.3306,True,2.4479,2.4083,2026-05-09T20:23:51.037365,2026-05-09T20:43:04.756007,0.2132,-1.4094,1.21,20.44,17.44,-1.2332,-0.2006,0.2132,3.95,-0.3768,3.95,-0.3768,,,,2026-05-09T20:22:35.603804,,,,,,,,,,,,,,,,,,False,,,,False,,,2026-05-09T20:05:42.901348,-0.176,,,,,,,-0.0941,14.69,2026-05-09T20:05:09,2026-05-09T20:22:36.056557,TRAILING_STOP L1,TAKER_FALLBACK,TAKER,True,
21,,PLAYUSDT,LONG,CLOSED,0.1086,0.1092,0.1092,302.9230504453407,20.0,6058.461008906815,55786.93378367233,STRONG_BUY,0.5624,0.1228,59.94,15.0171,14.8948,0.493,0.4954,BULLISH,0.2334,0.0243,20.8922,20.7532,57.6,62.9,0.5068,0.8128,70.5,11.4,84.8,0.1223,4.0,HEALTHY_BULL,CHOPPY_FLAT,,0.1297,22.90077513413184,16.3779852243629,1.1545,0.1029,-0.000566,-0.0412,,0.1216,,,,,,,,,1.0905229816032267,2.7413699261296585,3.831892907732885,29.640267362470695,0.48923756906077653,0.8573959484346232,-0.2470791896869298,0.1096,0.1086,0.0,1.3525,0.3566,2026-05-09T20:05:27.304957,2026-05-09T20:03:51.896314,0.2543,NEVER,2,1.0,,True,,False,,,,1.0,,False,,0.48923756906077653,1,,0.9912,0.3566,False,0.1094,0.10596,2026-05-09T20:06:04.923630,2026-05-09T20:50:21.864012,0.6736,-2.4939,0.34,44.63,10.73,-1.3798,-2.0612,0.6736,5.05,-0.4774,11.84,-1.389,,,,2026-05-09T20:05:23.544318,,,,,,,,,,,,,,,,2026-05-09T20:06:56.569640,0.0659,False,,,,False,,,2026-05-09T20:05:42.898023,0.5353,,,,,,,,,2026-05-09T20:03:42,2026-05-09T20:05:43.925709,TRAILING_STOP L2,MAKER,TAKER,True,
20,,WLFIUSDT,LONG,CLOSED,0.07010000000000001,0.0699,0.0699,619.997250692508,20.0,12399.94501385016,176889.3725228268,STRONG_BUY,0.1108,0.0507,63.98,19.0955,17.4308,0.2429,0.2435,BULLISH,0.0459,0.0207,20.7874,20.6399,63.5,63.1,0.4234,0.5726,72.7,11.4,80.0,1.6648,2.0,HEALTHY_BULL,CHOPPY_FLAT,,0.1313,18.126995703126862,7.633004354655033,0.389,-0.2404,-0.000566,-0.3795,,0.1266,2026-05-09T19:58:07.982921,-0.3482,,,2026-05-09T19:58:07.982921,-0.3482,,,2.231990102493029,5.564055212705517,7.796045315198546,-43.17391981976492,-0.34817831669045035,0.07958915834520537,-0.34817831669045035,0.0702,0.07010000000000001,0.0,0.2429,0.15,2026-05-09T19:56:53.894974,2026-05-09T19:58:07.987005,-0.0898,ENDED_NEG,1,0.5,,False,,False,,,,2.0,BTC_60-65_20-25,False,-0.34817831669045035,,0,,-0.0281,0.0048,True,0.071,0.0695,2026-05-09T20:45:04.756772,2026-05-09T20:22:03.677840,1.2209,-0.9189,44.78,21.76,0.01,-0.3483,1.2209,0.0,0.01,-0.3483,22.93,-0.7763,,,,,,,,,,2026-05-09T20:39:33.031878,0.365,,,2026-05-09T20:41:24.976221,0.365,,,2026-05-09T20:44:07.337350,0.365,,,False,,,,False,,,2026-05-09T19:57:26.347274,-0.2056,,,,,-0.3482,3.4,-0.3482,3.4,2026-05-09T19:56:53,2026-05-09T20:00:17.743167,EMA13_CROSS_EXIT L1,MAKER,TAKER,True,
19,,ICPUSDT,LONG,CLOSED,3.564,3.591,3.591,626.7514236645575,20.0,12535.02847329115,3517.1235895878644,STRONG_BUY,0.2909,0.1401,63.26,21.5008,21.1365,0.24,0.2406,BULLISH,0.1493,0.0203,32.5948,33.7044,57.0,59.4,1.3016,0.7253,54.5,27.3,82.4,0.3643,4.0,STRONG_BULL,CHOPPY_FLAT,,0.2158,22.849514869413294,13.351653517302045,0.4232,-0.2701,1.8e-05,-0.3107,,0.1161,2026-05-09T19:12:35.915270,-0.4556,,,2026-05-09T19:15:54.922875,-0.5117,,,2.256305125192407,5.6834958645945095,7.939800989786916,87.0225359290859,0.6942348484848523,1.0027379349045962,-0.5958689674523043,3.602,3.564,0.0,0.718,0.1971,2026-05-09T20:10:54.724608,2026-05-09T19:17:00.188564,-0.2532,RECOVERED,2,1.0,,True,,False,,,,2.0,STRETCH_0.20-0.25,False,-0.455640291806965,0.6661891133557745,11,,0.4139,0.1971,True,3.597,3.557,2026-05-09T20:12:33.173258,2026-05-09T20:32:38.775407,0.8629,-0.2594,1.61,21.7,20.14,-0.063,0.0212,0.8629,14.52,0.1054,5.52,0.5823,,,,2026-05-09T20:10:54.647601,,2026-05-09T20:10:54.724628,,2026-05-09T20:15:40.496993,0.4982,2026-05-09T20:12:29.127181,0.5262,2026-05-09T20:15:49.588554,0.5262,2026-05-09T20:15:39.487532,0.5262,2026-05-09T20:15:49.588554,0.5262,2026-05-09T20:15:39.487532,0.5262,2026-05-09T20:15:49.588554,0.5262,False,,,,False,,,2026-05-09T19:04:18.122792,-0.1752,2026-05-09T19:56:08.792427,0.2175,,,-0.3715,6.76,-0.2313,5.63,2026-05-09T18:59:15,2026-05-09T20:10:56.503423,TRAILING_STOP L2,MAKER,TAKER,True,
18,,DOGSUSDT,LONG,CLOSED,7.771e-05,7.864e-05,7.864e-05,300.2360984097396,20.0,6004.721968194792,77270904.23619601,STRONG_BUY,0.4349,0.1934,64.69,15.2108,14.0154,0.3673,0.3686,BULLISH,0.2293,0.0281,34.9614,36.3573,56.1,58.4,0.5737,1.0694,63.6,22.7,81.9,1.1953,3.0,STRONG_BULL,STRONG_BULL,,0.2285,25.146607478914344,13.318574683237113,0.6057,-0.0582,2e-05,0.1001,,0.2161,,,,,,,,,2.702124885687656,2.734462759110505,5.436587644798161,66.42535329486462,1.1062186333805255,1.9422854201518407,-0.21862565950328455,7.929e-05,7.771e-05,0.0,2.1324,0.5115,2026-05-09T18:56:25.236954,2026-05-09T18:50:38.118369,0.3416,NEVER,3,1.5,,True,,False,,,,1.0,,False,,1.003318105777884,17,,1.3235,0.5115,False,7.894e-05,7.756e-05,2026-05-09T18:58:02.792979,2026-05-09T19:19:23.713233,1.4928,-0.283,1.59,22.94,,,1.0553,,9.56,0.1931,17.43,0.1545,,,,2026-05-09T18:56:25.025315,,2026-05-09T18:56:25.141644,,2026-05-09T18:58:23.053177,0.8365,2026-05-09T18:58:21.029387,0.8751,2026-05-09T18:58:23.053177,0.8365,2026-05-09T18:58:19.004794,0.8108,2026-05-09T18:58:20.017400,0.8623,2026-05-09T18:58:21.029387,0.8751,2026-05-09T18:58:32.166305,0.7207,False,,,,False,,,,,,,,,,,,,2026-05-09T18:50:09,2026-05-09T18:56:27.244086,TRAILING_STOP L3,TAKER_FALLBACK,TAKER,True,
17,,ORDIUSDT,LONG,CLOSED,5.5600000000000005,5.597,5.597,291.86267723165474,20.0,5837.253544633095,1049.8657454376068,VERY_STRONG,0.3205,0.0663,64.09,22.4713,21.7588,0.2124,0.2128,BULLISH,0.1378,0.0689,37.8465,36.9788,74.4,79.7,0.3815,0.4787,70.5,22.7,68.2,0.7125,4.0,BULL_EXHAUSTED,STRONG_BULL,,0.2435,25.3109160518452,13.1164715109891,0.5036,0.321,-6.2e-05,0.4421,,0.2222,,,,,,,,,1.0507056380339572,2.6442443597464287,3.6949499977803857,35.150082583410985,0.6021681654676244,0.9077859712230104,-0.27873021582734625,5.614,5.5600000000000005,0.0,0.5809,0.559,2026-05-09T18:48:43.669740,,,NEVER,2,1.0,,True,,False,,,,2.0,STRETCH_0.20-0.25,True,,0.6021681654676244,1,,0.2729,0.5649,True,5.661,5.575,2026-05-09T19:24:25.624786,2026-05-09T18:56:32.738097,1.7535,0.2068,33.21,5.33,,,1.7535,,6.36,0.4406,37.27,1.1241,,,,2026-05-09T18:45:00.678459,,,,2026-05-09T19:15:05.318253,0.9982,2026-05-09T19:10:16.654194,1.0521,2026-05-09T19:12:49.903713,0.9622,2026-05-09T19:10:16.654194,1.0521,2026-05-09T19:10:18.678957,1.0521,2026-05-09T19:10:13.611991,1.0881,2026-05-09T19:10:15.639627,1.0521,False,,,,False,,,2026-05-09T18:42:10.704401,0.3505,2026-05-09T18:42:25.868193,0.3685,,,,,,,2026-05-09T18:32:24,2026-05-09T18:51:12.758821,TRAILING_STOP L2,MAKER,TAKER,True,
16,,ORCAUSDT,LONG,CLOSED,1.733,1.719,1.722,278.57298144763763,20.0,5571.459628952753,3214.9218862970297,STRONG_BUY,0.6629,0.2375,64.43,16.4338,14.9373,0.4713,0.4735,BULLISH,0.3238,0.0526,37.009,36.2012,79.9,67.1,0.4336,0.8638,68.2,27.3,84.3,1.4964,2.0,BULL_EXHAUSTED,STRONG_BULL,,0.2309,28.526764228164236,13.459058798536741,0.8507,0.6825,-6.2e-05,1.2109,,0.2285,2026-05-09T18:44:51.915945,-0.7821,,,,,,,2.5071568330287386,2.486902825145067,4.994059658173805,-50.002966066332256,-0.8974841315637628,0.42909694171955554,-0.8974841315637628,1.742,1.733,0.0,,,,2026-05-09T18:50:03.268116,-0.3623,ENDED_NEG,1,0.5,,True,,False,,,,1.0,,False,-0.7821292556260826,,0,,-0.3623,0.0193,True,1.739,1.709,2026-05-09T19:30:06.134070,2026-05-09T19:02:06.189242,0.2562,-1.4749,40.05,12.05,8.06,-1.0133,-0.1477,0.0,7.5,-0.8978,11.46,-1.4172,,,,,,,,,,,,,,,,,,,,,,False,,,,False,,,2026-05-09T18:42:09.694069,-0.263,2026-05-09T18:42:25.866589,-0.3207,,,,,,,2026-05-09T18:30:05,2026-05-09T18:50:03.270497,STOP_LOSS_WIDE L1,TAKER_FALLBACK,TAKER,True,
15,,NILUSDT,LONG,CLOSED,0.06609,0.06634,0.06636,271.33498858123585,20.0,5426.699771624717,82110.75460167525,STRONG_BUY,0.2966,0.0975,60.0,17.9161,17.5784,0.2236,0.2241,BULLISH,0.1322,0.0272,37.1995,38.0271,63.5,63.8,0.3026,0.6041,65.9,27.3,56.3,0.3377,4.0,STRONG_BULL,BULL_EXHAUSTED,,0.2073,25.15695820730767,15.980852610992056,0.5769,0.0247,-0.000531,0.1014,,0.2435,,,,,,,,,2.4420148972311226,2.451252357123811,4.893267254354933,15.634421396063898,0.2881018308367381,0.49983885610531315,-0.5285981237706138,0.06648,0.06609,0.0,0.6079,0.3744,2026-05-09T18:31:24.324628,2026-05-09T18:22:51.897807,-0.1808,RECOVERED,1,0.5,,True,,False,,,,2.0,STRETCH_0.20-0.25,True,,,0,,0.3982,0.3744,True,0.06789,0.06629,2026-05-09T19:06:41.372312,2026-05-09T18:35:25.696081,2.6336,0.2126,34.7,3.44,,,1.5744,,44.13,1.5744,38.51,1.7257,,,,,,,,2026-05-09T18:59:21.870492,1.6501,2026-05-09T18:59:20.857352,1.6501,2026-05-09T18:59:21.870492,1.6501,2026-05-09T18:59:24.915550,1.6349,2026-05-09T18:59:45.206760,1.7257,2026-05-09T18:59:44.193666,1.7257,2026-05-09T19:00:11.985269,1.6047,False,,,,False,,,,,,,,,-0.4227,5.63,,,2026-05-09T18:20:46,2026-05-09T18:31:59.473816,TRAILING_STOP L1,TAKER_FALLBACK,TAKER,True,
14,,ACEUSDT,LONG,CLOSED,0.1443,0.1441,0.1441,609.1419749166974,20.0,12182.83949833395,84427.16215061641,STRONG_BUY,0.2764,0.0934,59.5,20.8718,20.8554,0.1869,0.1872,BULLISH,0.1258,0.0288,37.0665,38.0271,65.1,63.8,0.3464,0.6595,63.6,27.3,95.5,0.0164,5.0,STRONG_BULL,CHOPPY_FLAT,,0.2091,20.29423768937679,13.22658076459658,0.4558,-0.2946,-5.5e-05,-0.4965,,0.2014,2026-05-09T19:01:15.430385,-0.063,,,2026-05-09T19:02:01.723224,-0.2015,,,2.192911109700111,5.474679329656721,7.6675904393568315,-24.553022869480596,-0.20153776853777247,0.4218821898821748,-0.4093444213444216,0.145,0.1443,0.0,,,,,,ENDED_NEG,1,0.5,,False,,False,,,,2.0,STRETCH_0.16-0.20,False,-0.4093444213444216,,0,,-0.1265,-0.1961,True,0.1452,0.1439,2026-05-09T19:53:55.561837,2026-05-09T19:15:00.064451,0.5607,-0.3402,43.37,4.44,0.01,-0.2016,0.1449,0.0,0.01,-0.2016,31.57,-0.1323,,,,,,,,2026-05-09T19:54:47.119646,0.2835,2026-05-09T19:39:24.848276,0.0756,2026-05-09T19:54:50.140760,0.2142,2026-05-09T19:54:48.126027,0.2835,2026-05-09T19:54:50.140760,0.2142,2026-05-09T19:54:53.163534,0.2142,2026-05-09T19:54:50.140760,0.2142,False,,,,False,,,2026-05-09T18:57:16.276525,0.0063,2026-05-09T18:57:32.366994,0.0063,,,-0.2708,8.3,-0.2015,6.06,2026-05-09T18:16:58,2026-05-09T19:10:33.022498,EMA13_CROSS_EXIT L1,MAKER,TAKER,True,
13,,ZEREBROUSDT,LONG,CLOSED,0.048399,0.048011,0.048415,650.8855821612373,20.0,13017.711643224746,268966.5415240965,STRONG_BUY,0.7821,0.1385,60.29,18.6531,18.5885,0.2275,0.228,BULLISH,0.3173,0.0278,38.239,39.2183,60.4,62.9,0.441,0.5907,68.2,29.5,83.9,0.0646,2.0,STRONG_BULL,STRONG_BULL,,0.2087,20.526159105002357,13.829126829097257,1.1539,0.8707,-4.6e-05,1.0416,,0.2073,2026-05-09T18:14:17.242625,-0.7447,,,,,,,5.857970239451135,5.811008681301028,11.668978920752163,-116.02799703210147,-0.8913087047253031,0.1165228620426101,-0.8913087047253031,0.048499,0.048399,0.0,0.4291,0.3261,2026-05-09T18:14:06.828305,2026-05-09T18:14:17.370473,-0.583,ENDED_NEG,1,0.5,,True,,False,,,,2.0,STRETCH_0.20-0.25,False,-0.7446774726750509,,0,,-0.583,0.3261,False,0.049065,0.04769,2026-05-09T18:54:33.334298,2026-05-09T18:14:19.789212,1.2861,-1.5549,40.27,0.04,,,0.753,,,,,,,,,,,,,2026-05-09T18:58:24.066958,0.5402,2026-05-09T18:58:13.938837,0.6848,2026-05-09T18:58:15.964502,0.6786,2026-05-09T18:58:16.977502,0.6786,2026-05-09T18:58:22.041457,0.5856,2026-05-09T18:58:21.029387,0.6435,2026-05-09T18:58:32.166305,0.6228,False,,,,False,,,2026-05-09T18:13:52.219812,0.005,2026-05-09T18:14:07.483624,0.0732,,,,,,,2026-05-09T18:13:39,2026-05-09T18:14:17.373621,STOP_LOSS_WIDE L1,TAKER_FALLBACK,TAKER,True,
12,,ONDOUSDT,LONG,CLOSED,0.4305,0.4274,0.4273,325.44279108061863,20.0,6508.855821612373,15119.293429993897,VERY_STRONG,0.6116,0.1235,63.88,26.8511,26.7431,0.3324,0.3335,BULLISH,0.184,0.0338,39.2098,39.9801,65.6,64.6,0.5428,1.3076,65.9,29.5,81.0,0.1079,2.0,STRONG_BULL,BULL_EXHAUSTED,,0.2172,28.573066086572922,15.983893376118516,0.6146,0.5553,-4.6e-05,0.7625,,0.2245,2026-05-09T18:21:38.110613,-0.6435,,,2026-05-09T18:27:53.409814,-0.8292,,,1.171594047890227,2.9078937053907263,4.0794877532809535,-50.949297386261904,-0.7827688734030178,0.09952845528456074,-0.8292055749128848,0.4312,0.4305,0.0,,,,2026-05-09T18:27:53.409910,-0.3342,ENDED_NEG,1,0.5,,False,,False,,,,1.0,,False,-0.6434587688734036,,0,,-0.2482,-0.165,True,0.4284,0.4245,2026-05-09T18:33:54.077452,2026-05-09T19:07:32.130160,-0.5508,-1.4567,5.23,38.87,28.89,-0.9922,-1.2941,0.0,28.89,-0.9922,36.21,-1.178,,,,,,,,,,,,,,,,,,,,,,False,,,,False,,,2026-05-09T18:13:51.210644,-0.3184,2026-05-09T18:14:07.481616,-0.3648,,,-0.4113,5.87,-0.4809,8.15,2026-05-09T18:09:57,2026-05-09T18:28:40.060975,EMA13_CROSS_EXIT L1,MAKER,TAKER,True,
11,,DOGSUSDT,LONG,CLOSED,7.736e-05,7.696e-05,7.696e-05,316.9351827131918,20.0,6338.703654263836,81937741.13577864,STRONG_BUY,0.6285,0.1891,59.28,18.5423,18.4613,0.2246,0.2251,BULLISH,0.3122,0.0552,35.3094,33.9565,70.5,72.7,0.4579,0.5174,81.8,13.6,89.9,0.081,3.0,BULL_EXHAUSTED,BULL_EXHAUSTED,,0.1822,23.891385264095497,16.062368441593634,0.7482,0.0804,5e-05,0.0143,,0.2184,2026-05-09T17:17:03.023898,-0.4518,,,2026-05-09T17:18:31.199934,-0.6327,,,2.852416644418726,2.8376678510142854,5.690084495433012,-38.46518094974526,-0.6068304033092162,0.4268304033091987,-0.645592683557404,7.776e-05,7.736e-05,0.0,0.7404,-0.1702,2026-05-09T17:27:26.869442,2026-05-09T17:21:08.341332,-0.4208,ENDED_NEG,1,0.5,,False,,False,,,,1.0,,False,-0.4517812823164479,,0,,-0.1827,-0.2029,True,7.732e-05,7.624e-05,2026-05-09T17:34:16.911129,2026-05-09T18:00:53.657839,-0.1417,-1.5378,2.93,29.54,42.77,-1.1371,-1.1112,0.0,,,,,,,,,,,,,,,,,,,,,,,,,,False,,,,False,,,,,,,,,-0.3484,3.39,-0.3484,3.39,2026-05-09T17:12:11,2026-05-09T17:31:21.263021,EMA13_CROSS_EXIT L1,TAKER_FALLBACK,TAKER,True,
10,,WLDUSDT,LONG,CLOSED,0.2708,0.2721,0.2722,316.93518271319186,20.0,6338.703654263837,23407.325163455826,STRONG_BUY,0.1161,0.0833,57.68,16.0708,16.0333,0.2064,0.2069,BULLISH,0.0951,0.0552,35.3094,33.9565,70.5,72.7,0.4579,0.7981,81.8,13.6,85.2,0.0374,2.0,BULL_EXHAUSTED,BULL_EXHAUSTED,,0.1822,25.699582909609298,18.398070776033357,0.3229,-0.127,5e-05,-0.169,,0.2307,,,,,,,,,2.8524166444187267,2.8661099296393484,5.718526574058075,24.710996138435046,0.3898430576070988,0.7220420974889348,-0.20073301329393164,0.273,0.2708,0.0,0.417,0.4703,2026-05-09T17:31:23.865589,2026-05-09T17:13:21.491194,0.1203,NEVER,2,1.0,,True,,False,,,,1.0,,False,,,0,,0.0217,0.4236,False,0.2727,0.2711,2026-05-09T18:02:06.488516,2026-05-09T17:55:14.711147,0.6116,0.0208,22.97,16.11,,,0.3901,,36.68,0.3162,43.89,0.3531,,,,2026-05-09T17:28:08.532663,,,,,,,,,,,,,,,,,,False,,,,False,,,,,,,,,,,0.0207,9.34,2026-05-09T17:11:51,2026-05-09T17:39:08.359722,TRAILING_STOP L2,TAKER_FALLBACK,TAKER,True,
9,,TIAUSDT,LONG,CLOSED,0.4358,0.4373,0.4376,316.93518271319186,20.0,6338.703654263837,14544.983144249281,STRONG_BUY,0.266,0.1089,63.49,17.3276,16.1836,0.3751,0.3765,BULLISH,0.1024,0.034,33.941,32.5347,67.3,65.6,0.4682,1.6326,77.3,15.9,90.9,1.144,2.0,STRONG_BULL,BULL_EXHAUSTED,,0.1627,31.701311842440834,16.25869183402107,0.4254,-0.0785,5e-05,-0.0994,,0.2053,,,,,,,,,1.1409666577674908,2.862234508041095,4.003201165808585,17.814273550565353,0.28103969710876575,0.6021434144102704,-0.22355185865076505,0.4387,0.4358,0.0,0.5308,0.368,2026-05-09T17:28:11.641429,2026-05-09T17:15:03.077084,0.0462,RECOVERED,2,1.0,,True,,False,,,,1.0,,False,,,0,,0.2352,0.3451,True,0.4395,0.4353,2026-05-09T17:34:02.676210,2026-05-09T17:54:42.295062,,,,,,,,,,,,,,,,2026-05-09T17:27:35.550935,,,,,,,,,,,,,,,,,,False,,,,False,,,,,,,,,-0.1777,7.43,-0.1777,7.43,2026-05-09T17:08:09,2026-05-09T17:29:46.578333,TRAILING_STOP L2,MAKER,TAKER,True,
8,,AVAXUSDT,LONG,CLOSED,9.893,9.929,9.931,316.93518271319186,20.0,6338.703654263837,640.7261350716503,STRONG_BUY,0.1271,0.0566,63.8,17.6474,17.1149,0.2049,0.2053,BULLISH,0.0567,0.034,33.941,32.5347,67.3,65.6,0.4682,1.0033,77.3,15.9,86.9,0.5326,1.0,STRONG_BULL,BULL_EXHAUSTED,,0.1627,34.12704267221304,20.664259956469973,0.1873,-0.0599,5e-05,-0.1123,,0.2415,,,,,,,,,2.8524166444187267,2.8627964078068873,5.715213052225614,17.350927810353532,0.273729910037396,0.5768381684018897,-0.19103608612151582,9.959,9.893,0.0,0.4089,0.355,2026-05-09T17:35:21.756691,2026-05-09T17:18:05.664690,0.0498,ENDED_NEG,2,1.0,,True,,False,,,,1.0,,False,,,0,,-0.0188,0.2612,True,9.969,9.918,2026-05-09T18:27:03.351882,2026-05-09T17:51:40.029109,0.6782,0.1627,44.98,9.59,,,0.6782,,33.74,0.2739,,,,,,2026-05-09T17:35:09.646643,,,,,,,,,,,,,,,,,,False,,,,False,,,,,,,,,0.3242,33.68,0.4152,32.56,2026-05-09T17:07:53,2026-05-09T17:42:04.747002,TRAILING_STOP L2,TAKER_FALLBACK,TAKER,True,
7,,ADAUSDT,LONG,CLOSED,0.2716,0.2718,0.2718,316.93518271319186,20.0,6338.703654263837,23338.37869758408,VERY_STRONG,0.0953,0.0509,61.4,24.0492,23.6995,0.1604,0.1607,BULLISH,0.0462,0.034,33.941,32.5347,67.3,65.6,0.4682,0.611,77.3,15.9,84.0,0.3497,2.0,STRONG_BULL,STRONG_BULL,,0.1627,30.372550948949755,16.865099017356716,0.1936,-0.1194,5e-05,-0.1951,,0.2293,2026-05-09T18:42:09.151804,0.0572,,,2026-05-09T18:46:22.072594,-0.0164,,,2.8524166444187267,2.8545170985015087,5.706933742920235,-1.0392580034039325,-0.016395434462452868,0.35162739322532355,-0.23720913107511463,0.2728,0.2716,0.0,,,,,,ENDED_NEG,1,0.5,,False,,False,,,,1.0,,False,-0.16360456553756755,,0,,-0.0885,-0.086,True,0.2724,0.2715,2026-05-09T19:08:47.231718,2026-05-09T18:55:51.565632,0.2046,-0.1268,22.42,9.49,11.19,-0.0532,0.0941,0.0,11.19,-0.0532,32.0,-0.0164,,,,,,,,,,,,,,,,,,,,,,False,,,,False,,,2026-05-09T18:42:09.692119,0.0572,2026-05-09T18:42:25.862860,0.0572,,,0.0572,34.01,0.0572,34.01,2026-05-09T17:07:33,2026-05-09T18:46:22.075302,EMA13_CROSS_EXIT L1,TAKER_FALLBACK,TAKER,True,
6,,TIAUSDT,LONG,CLOSED,0.4339,0.4357,0.436,300.0,20.0,6000.0,13828.070984097718,STRONG_BUY,0.1263,0.0648,58.04,15.9802,15.3401,0.1884,0.1888,BULLISH,0.0709,0.03,32.0434,31.5151,58.7,62.0,0.4516,1.387,31.8,50.0,76.1,0.6401,1.0,STRONG_BULL,BULL_EXHAUSTED,,0.1555,28.81350421396079,17.5470878378535,0.4233,-0.1835,5e-05,-0.2318,,0.1695,2026-05-09T16:57:02.044479,-0.3164,,,2026-05-09T17:00:04.441524,-0.3394,,,1.08,2.7112007374971188,3.791200737497119,21.099327033878335,0.3516554505646389,0.5589831758469648,-0.3394369670431054,0.4366,0.4339,0.0,0.7297,0.1479,2026-05-09T17:05:26.187411,2026-05-09T16:57:08.860625,-0.1128,RECOVERED,1,0.5,,True,,False,,,,1.0,,False,-0.31640055312283705,,0,,0.5246,0.1479,True,0.4395,0.4344,2026-05-09T17:34:02.676210,2026-05-09T17:05:57.601571,1.2276,0.0522,28.5,0.42,,,0.5132,,10.03,0.2597,10.03,0.2597,,,,2026-05-09T17:05:25.608220,,,,2026-05-09T17:05:59.614626,0.0753,2026-05-09T17:06:03.664861,0.1214,2026-05-09T17:06:03.664861,0.1214,2026-05-09T17:06:20.761855,0.1675,2026-05-09T17:12:28.217519,0.3749,2026-05-09T17:06:18.752376,0.1675,2026-05-09T17:06:33.828720,0.1444,False,,,,False,,,,,,,,,,,,,2026-05-09T16:53:41,2026-05-09T17:05:32.264287,TRAILING_STOP L1,MAKER,TAKER,True,
5,,SAHARAUSDT,LONG,CLOSED,0.03914,0.03953,0.03965,300.0,20.0,6000.0,153295.86101175268,VERY_STRONG,0.6,0.2466,60.27,23.0221,22.9161,1.0117,1.022,BULLISH,0.2849,0.03,32.0434,31.5151,58.7,62.0,0.4516,0.549,31.8,50.0,68.0,0.106,2.0,STRONG_BULL,STRONG_BULL,,0.1555,24.937356057651666,15.15461428441101,1.8656,0.9047,5e-05,1.6474,,0.1566,,,,,,,,,2.6999999999999997,2.7269034236075624,5.426903423607563,54.358482370976205,0.9059747061829369,1.4933444047010618,-0.1921512519161941,0.03976,0.03914,0.0,2.5035,1.0809,2026-05-09T16:55:05.276543,2026-05-09T16:53:41.828219,1.0623,NEVER,3,1.5,,True,,False,,,,1.0,,False,,,0,,1.9362,1.0809,False,0.04278,0.03944,2026-05-09T17:34:51.403972,2026-05-09T16:55:10.592072,9.2099,0.6765,39.73,0.05,,,6.9361,,,,43.07,6.9616,,,,2026-05-09T16:54:25.902033,0.1909159427695426,2026-05-09T16:55:04.975622,,2026-05-09T16:56:38.777858,1.4174,2026-05-09T16:56:53.935726,1.3408,2026-05-09T16:56:53.935726,1.3408,2026-05-09T16:57:55.452159,1.1108,2026-05-09T16:57:56.458853,1.1619,2026-05-09T16:57:55.452159,1.1108,2026-05-09T16:57:56.458853,1.1619,False,,,,False,,,,,,,,,,,,,2026-05-09T16:53:39,2026-05-09T16:55:06.620219,TRAILING_STOP L3,TAKER_FALLBACK,TAKER,True,
