id,pair,source_filter,blocked_direction,flip_direction,entry_price,pnl_pct,peak_pct,trough_pct,exit_reason,is_paper,entry_at,exit_at,entry_cohort,entry_gap,entry_rsi,entry_rsi_prev,entry_adx,entry_adx_prev,entry_adx_delta,entry_pos_di,entry_neg_di,entry_ema_gap_5_8,entry_ema_gap_8_13,entry_ema5_stretch,entry_price_vs_ema5_pct,entry_atr_pct,entry_pair_ema20_ema50_gap_pct,entry_dist_from_ema13_pct,entry_range_position,entry_btc_adx,entry_btc_rsi,entry_btc_ema20_slope,entry_btc_1h_slope,entry_btc_dist_from_ema13_pct,entry_macro_trend,entry_btc_regime,entry_ema20_slope,entry_ema50_slope,entry_global_volume_ratio,entry_pair_volume_ratio,entry_bull_pct,entry_bear_pct,entry_pair_volume_24h_usd,entry_pair_rank,entry_quality_score,entry_btc_adx_prev,entry_btc_rsi_prev,entry_btc_rsi_prev6,entry_btc_atr_pct,entry_btc_rsi_1h,entry_btc_rsi_1h_prev
135,BTCUSDT,SPIKE_REV_BTC,SHORT,LONG,61728.4,0.4215,0.6715,-0.0209,trail,True,2026-07-08T09:18:24.899685,2026-07-08T10:01:37.598098,,,,,,,,,,,,,,,,,,,,,,,BEARISH,BEAR_EXHAUSTED,,,,,,,,,,,,,,,
134,BTCUSDT,SPIKE_REV_BTC,LONG,SHORT,62304.9,0.384,0.634,-0.005,trail,True,2026-07-08T08:47:26.790177,2026-07-08T09:04:25.957625,,,,,,,,,,,,,,,,,,,,,,,BEARISH,STRONG_BEAR,,,,,,,,,,,,,,,
133,BTCUSDT,SPIKE_REV_BTC,SHORT,LONG,62547.5,-0.7,0.0566,-0.7195,sl,True,2026-07-08T08:17:11.199761,2026-07-08T08:27:14.020011,,,,,,,,,,,,,,,,,,,,,,,NEUTRAL,CHOPPY_FLAT,,,,,,,,,,,,,,,
128,NEARUSDT,PASS:FLIP_SHORT_REGIME,SHORT,SHORT,1.915,0.951,1.201,-0.0522,trail,True,2026-07-08T08:10:26.695987,2026-07-08T08:17:16.225612,,0.1223,58.0,47.43,20.3595,20.8851,-0.5256,23.620009929228264,17.99147824463795,0.0738,0.0532,0.2087,0.2092,0.3617,-0.3105,0.3365,84.0,21.9502,57.0,0.0512,-0.1912,0.0587,BULLISH,HEALTHY_BULL,0.0667,-0.2107,1.0431,0.7025,65.0,27.5,174441049.529,16,0,22.7096,61.3,54.7,0.1437,41.8,42.5
127,1000PEPEUSDT,PASS:LONG_UNMATCHED_ONLY,LONG,LONG,0.0026257,-0.7,0.198,-0.7236,sl,True,2026-07-08T07:57:11.068514,2026-07-08T08:16:52.953553,C2+W6,0.3135,64.84,60.75,22.2246,22.0684,0.1562,26.214594267844447,15.98037773788866,0.0975,0.1254,0.1482,0.1485,0.2914,0.0674,0.3718,97.1,22.785,59.6,0.0657,-0.2471,0.1268,BULLISH,HEALTHY_BULL,0.1287,0.0304,0.7923,0.7557,60.0,27.5,143997119.9802156,18,5,23.1151,62.3,60.2,0.136,42.2,36.4
129,1000PEPEUSDT,LONG_UNMATCHED_ONLY,LONG,SHORT,0.0026257,0.7631,1.0131,-0.198,trail,True,2026-07-08T07:57:11.068491,2026-07-08T08:17:21.255591,C2+W6,0.3135,64.84,60.75,22.2246,22.0684,0.1562,26.214594267844447,15.98037773788866,0.0975,0.1254,0.1482,0.1485,0.2914,0.0674,0.3718,97.1,22.785,59.6,0.0657,-0.2471,0.1268,BULLISH,HEALTHY_BULL,0.1287,0.0304,0.7923,0.7557,60.0,27.5,143997119.9802156,18,5,23.1151,62.3,60.2,0.136,42.2,36.4
122,RIFUSDT,PASS:FLIP_SHORT_REGIME,SHORT,SHORT,0.13652,-0.7,0.1538,-0.8204,sl,True,2026-07-08T07:56:10.220722,2026-07-08T07:57:41.470011,,0.1717,59.34,55.34,15.3922,16.3696,-0.9774,21.74391113281275,22.944553494158093,0.0927,0.0446,0.3916,0.3931,0.6667,0.3036,0.531,87.7,22.785,60.4,0.067,-0.245,0.1384,BULLISH,HEALTHY_BULL,0.1283,0.1717,0.675,1.0053,60.0,27.5,47622352.82867,43,1,23.1151,62.3,60.2,0.1349,42.5,36.4
131,DOGEUSDT,PASS:FLIP_SHORT_REGIME,SHORT,SHORT,0.07241,0.9515,1.2015,-0.1381,trail,True,2026-07-08T07:55:09.270521,2026-07-08T08:18:17.674482,,0.1405,57.67,59.62,29.484,30.9483,-1.4643,25.74230876130627,20.872021388798352,0.0647,0.0628,0.0757,0.0758,0.25,-0.2396,0.2034,76.9,23.2002,62.0,0.065,-0.2437,0.1877,BULLISH,HEALTHY_BULL,0.0755,-0.171,0.8206,0.6138,62.5,20.0,292503924.42532,11,1,23.5653,60.6,55.9,0.1428,42.7,36.4
132,LINKUSDT,PASS:FLIP_SHORT_REGIME,SHORT,SHORT,7.704,0.8923,1.1423,-0.1947,trail,True,2026-07-08T07:35:47.435255,2026-07-08T08:18:20.690369,,0.1503,62.31,58.65,24.4168,25.1031,-0.6862,29.08085334624172,21.277285065911038,0.0777,0.0599,0.1291,0.1292,0.1945,-0.1852,0.267,93.7,26.2319,62.3,0.0758,-0.2487,0.2002,BULLISH,HEALTHY_BULL,0.0858,-0.1496,0.907,0.5932,72.5,17.5,77998977.094,29,0,26.9767,64.3,46.1,0.141,41.9,36.4
130,HYPEUSDT,PASS:FLIP_SHORT_REGIME,SHORT,SHORT,68.278,0.5702,0.8202,-0.2153,trail,True,2026-07-08T07:35:47.382765,2026-07-08T08:18:16.667030,,0.1127,58.23,50.52,15.3248,15.9084,-0.5836,24.201241524968285,20.724839077958777,0.0639,0.0411,0.1514,0.1516,0.2634,-0.1179,0.2568,82.1,26.2319,62.3,0.0758,-0.2487,0.2002,BULLISH,HEALTHY_BULL,0.0622,-0.0914,0.907,0.7423,72.5,17.5,685427502.20595,8,0,26.9767,64.3,46.1,0.141,41.9,36.4
126,SUIUSDT,PASS:FLIP_SHORT_REGIME,SHORT,SHORT,0.7165,-0.1814,0.0558,-0.3908,horizon,True,2026-07-08T07:29:42.480205,2026-07-08T08:14:43.466496,,0.1192,60.72,51.96,21.0097,21.9179,-0.9082,24.396567529368564,20.284403781919693,0.0667,0.0439,0.2037,0.2042,0.2434,-0.1592,0.315,96.5,27.692,60.9,0.0412,-0.2543,0.2151,BULLISH,HEALTHY_BULL,0.0615,-0.1431,1.2088,1.0567,55.0,30.0,100672507.5796,21,0,29.0133,55.9,49.0,0.1516,41.0,36.4
123,UNIUSDT,PASS:FLIP_SHORT_REGIME,SHORT,SHORT,3.331,1.3711,1.6211,-0.1501,trail,True,2026-07-08T07:26:39.745481,2026-07-08T08:01:19.604985,,0.2691,55.56,52.69,20.0837,20.433,-0.3493,22.7625369471344,16.63831143206368,0.1105,0.0699,0.1493,0.1496,0.7167,0.8361,0.3303,56.0,27.692,61.0,0.0414,-0.2541,0.2168,BULLISH,HEALTHY_BULL,0.1373,0.4162,0.828,0.547,55.0,27.5,85279697.779,27,2,29.0133,55.9,49.0,0.1516,41.0,36.4
124,TAOUSDT,PASS:FLIP_SHORT_REGIME,SHORT,SHORT,208.57,0.3014,0.5514,-0.3021,trail,True,2026-07-08T07:26:39.730279,2026-07-08T08:02:10.000433,,0.1111,57.92,53.72,17.9141,17.9472,-0.0331,28.5625808682499,20.061377113322067,0.0603,0.0437,0.1358,0.136,0.2835,-0.1415,0.2402,88.7,27.692,61.0,0.0414,-0.2541,0.2168,BULLISH,HEALTHY_BULL,0.0616,-0.1283,0.828,0.9812,55.0,27.5,97838551.16,22,0,29.0133,55.9,49.0,0.1516,41.0,36.4
125,1000PEPEUSDT,PASS:FLIP_SHORT_REGIME,SHORT,SHORT,0.002613,-0.4707,0.0,-0.685,horizon,True,2026-07-08T07:26:39.718648,2026-07-08T08:11:40.526699,,0.0936,59.34,52.16,22.7572,23.8951,-1.1379,23.5481283219141,20.073746959992437,0.0713,0.0378,0.176,0.1764,0.2895,-0.2572,0.2856,92.8,27.692,61.0,0.0414,-0.2541,0.2168,BULLISH,HEALTHY_BULL,0.0621,-0.2239,0.828,0.7953,55.0,27.5,144777093.0959071,18,0,29.0133,55.9,49.0,0.1516,41.0,36.4
121,TACUSDT,PASS:FLIP_SHORT_REGIME,SHORT,SHORT,0.004464,0.6461,0.8961,-0.6048,trail,True,2026-07-08T07:26:39.697484,2026-07-08T07:29:25.950515,,0.3189,56.45,53.11,29.4243,31.4273,-2.003,19.964127764086946,18.656668425744343,0.1855,0.1231,0.4737,0.476,1.5365,-0.2453,0.7864,78.5,27.692,61.0,0.0414,-0.2541,0.2168,BULLISH,HEALTHY_BULL,0.1724,-0.3376,0.828,0.733,55.0,27.5,346897891.710299,10,3,29.0133,55.9,49.0,0.1516,41.0,36.4
120,BTCUSDT,SPIKE_REV_BTC,LONG,SHORT,62995.8,0.1118,0.2154,-0.1145,horizon,True,2026-07-08T02:49:08.241141,2026-07-08T03:34:08.253045,,,,,,,,,,,,,,,,,,,,,,,BEARISH,STRONG_BEAR,,,,,,,,,,,,,,,
119,BTCUSDT,SPIKE_REV_BTC,SHORT,LONG,63050.4,-0.3185,0.2213,-0.4324,horizon,True,2026-07-08T01:36:35.287018,2026-07-08T02:21:35.724085,,,,,,,,,,,,,,,,,,,,,,,BEARISH,CHOPPY_WEAK,,,,,,,,,,,,,,,
117,JTOUSDT,PASS:FLIP_SHORT_REGIME,SHORT,SHORT,0.7301,-0.7,0.2055,-0.7259,sl,True,2026-07-07T22:40:38.627635,2026-07-07T23:05:52.915702,,0.1829,57.8,52.4,22.735,24.0074,-1.2723,23.576100568192544,20.825643378063265,0.1039,0.0837,0.1979,0.1983,0.4062,-0.7286,0.3864,92.6,23.0998,56.8,0.0357,0.0031,0.1763,BULLISH,HEALTHY_BULL,0.1087,-0.4767,0.5042,0.7353,45.0,40.0,39503123.8469,47,1,24.572,56.0,43.7,0.1696,51.4,47.6
118,1000PEPEUSDT,PASS:FLIP_SHORT_REGIME,SHORT,SHORT,0.0026818,0.2088,0.2163,-0.1678,horizon,True,2026-07-07T22:40:38.570293,2026-07-07T23:25:38.992359,,0.0886,57.6,49.65,27.3508,29.0199,-1.6691,24.58199089123034,27.52741518991042,0.0767,0.0405,0.2058,0.2062,0.3294,-0.3505,0.3237,86.5,23.0998,56.8,0.0357,0.0031,0.1763,BULLISH,HEALTHY_BULL,0.0662,-0.2491,0.5042,0.7923,45.0,40.0,140114901.0201821,20,1,24.572,56.0,43.7,0.1696,51.4,47.6
116,BTCUSDT,SPIKE_REV_BTC,SHORT,LONG,63465.6,-0.2058,0.0723,-0.4508,horizon,True,2026-07-07T21:20:23.305620,2026-07-07T22:05:23.534507,,,,,,,,,,,,,,,,,,,,,,,NEUTRAL,CHOPPY_WEAK,,,,,,,,,,,,,,,
115,TAOUSDT,PASS:FLIP_SHORT_BTC1H_SLOPE,SHORT,SHORT,214.31,0.3753,0.6253,-0.322,trail,True,2026-07-07T20:14:55.649176,2026-07-07T20:57:51.008619,,0.076,55.92,53.84,16.491,17.082,-0.5911,23.57092293806778,19.755092495942822,0.0748,0.042,0.1891,0.1895,0.3624,-0.2449,0.3066,62.9,18.7657,45.3,-0.014,0.0898,-0.0504,NEUTRAL,CHOPPY_FLAT,0.0459,-0.2207,0.4751,0.6254,17.5,67.5,98176107.11,25,1,19.5494,42.5,48.9,0.1937,53.8,55.3
114,XPLUSDT,PASS:FLIP_SHORT_BTC1H_SLOPE,SHORT,SHORT,0.10418,0.2491,0.4991,-0.4031,trail,True,2026-07-07T20:07:48.771122,2026-07-07T20:37:12.149899,,0.183,52.2,52.06,29.9794,31.6824,-1.7029,23.142648559073294,19.77706865327797,0.1456,0.1007,0.0197,0.0197,0.5356,-0.6733,0.2662,78.0,19.2045,43.8,-0.0003,0.0882,-0.085,NEUTRAL,CHOPPY_FLAT,0.1194,-0.5267,0.3532,0.7318,22.5,57.5,39221562.3739,48,2,20.4154,54.5,47.4,0.1944,53.6,55.3
112,PUMPUSDT,PASS:FLIP_SHORT_BTC1H_SLOPE,SHORT,SHORT,0.001602,0.4366,0.6866,0.0,trail,True,2026-07-07T20:07:48.743351,2026-07-07T20:19:32.167757,,0.1311,53.07,52.68,15.7576,16.0999,-0.3423,16.043605491513294,12.78387675807201,0.0784,0.0695,0.0373,0.0373,0.4882,-0.464,0.1854,75.0,19.2045,43.8,-0.0003,0.0882,-0.085,NEUTRAL,CHOPPY_FLAT,0.0744,-0.3186,0.3532,0.5945,22.5,57.5,60405467.501454,33,0,20.4154,54.5,47.4,0.1944,53.6,55.3
113,LITUSDT,PASS:FLIP_SHORT_BTC1H_SLOPE,SHORT,SHORT,2.5597,0.6485,0.8985,-0.3946,trail,True,2026-07-07T20:07:48.720795,2026-07-07T20:20:08.389247,,0.3362,57.44,60.2,22.3163,23.0515,-0.7352,22.843120764093854,17.673543824860314,0.215,0.1396,0.1785,0.1788,0.6401,-0.4368,0.5344,73.7,19.2045,43.8,-0.0003,0.0882,-0.085,NEUTRAL,CHOPPY_FLAT,0.2194,-0.4395,0.3532,0.6575,22.5,57.5,112138786.1368,23,2,20.4154,54.5,47.4,0.1944,53.6,55.3
110,SPELLUSDT,PASS:FLIP_SHORT_BTC1H_SLOPE,SHORT,SHORT,0.0001045,-0.7,0.0957,-0.8612,sl,True,2026-07-07T18:55:32.185704,2026-07-07T18:56:02.139598,,0.5946,56.12,45.52,19.023,19.7862,-0.7632,26.501975154105857,22.080175478006648,0.3485,0.1989,1.3823,1.4016,3.1819,2.0405,1.9574,59.2,26.1536,33.8,-0.0961,0.2331,-0.3124,BEARISH,HEALTHY_BEAR,0.239,1.2146,0.4906,0.4821,12.5,85.0,37419502.6208424,48,2,26.3226,33.3,45.6,0.1847,54.7,64.0
111,BTCUSDT,SPIKE_REV_BTC,SHORT,LONG,63681.9,0.0722,0.1837,-0.5135,horizon,True,2026-07-07T18:52:50.302308,2026-07-07T19:37:50.940154,,,,,,,,,,,,,,,,,,,,,,,BEARISH,HEALTHY_BEAR,,,,,,,,,,,,,,,
109,WLDUSDT,PASS:FLIP_SHORT_BTC1H_SLOPE,SHORT,SHORT,0.3973,0.4296,0.6796,-0.4027,trail,True,2026-07-07T18:13:49.266520,2026-07-07T18:30:32.715088,,0.1983,61.98,56.37,20.1351,20.9129,-0.7778,24.259455015370925,19.83935835795159,0.0701,0.0488,0.2639,0.2646,0.4359,0.5133,0.3838,75.8,35.9551,49.9,-0.0041,0.272,-0.0872,NEUTRAL,CHOPPY_FLAT,0.0925,0.2546,0.8928,0.6923,20.0,47.5,157709166.5876,17,0,37.3151,52.5,69.2,0.1806,60.1,64.0
108,RIFUSDT,PASS:FLIP_SHORT_BTC1H_SLOPE,SHORT,SHORT,0.12958,-0.7,0.2778,-0.7717,sl,True,2026-07-07T18:10:41.530957,2026-07-07T18:14:18.303545,,0.1488,52.84,46.05,28.1048,27.8877,0.2172,23.459270228642385,12.37606418149956,0.2572,0.096,0.3696,0.371,1.092,-2.0062,0.7258,68.1,35.9551,49.7,-0.0044,0.2731,-0.0902,NEUTRAL,CHOPPY_FLAT,0.1895,-1.4103,0.773,0.8441,20.0,55.0,59822391.67947,34,2,37.3151,52.5,69.2,0.1793,60.3,64.0
107,XPLUSDT,PASS:FLIP_SHORT_BTC1H_SLOPE,SHORT,SHORT,0.10652,0.8014,1.0514,-0.291,trail,True,2026-07-07T16:43:02.359537,2026-07-07T17:19:34.770914,,0.0695,56.12,47.1,19.032,19.0656,-0.0337,24.396542783116534,16.74624852514998,0.0613,0.0108,0.4362,0.4381,0.6852,-0.1119,0.5105,56.3,35.0151,65.5,0.0995,0.2109,0.1259,BULLISH,STRONG_BULL,0.0408,-0.0741,0.9464,0.5938,60.0,30.0,38969073.37358,44,0,34.4672,70.0,65.5,0.252,61.1,60.3
105,ADAUSDT,PASS:FLIP_SHORT_BTC1H_SLOPE,SHORT,SHORT,0.1779,0.4807,0.7307,-0.2811,trail,True,2026-07-07T16:29:49.465347,2026-07-07T17:06:54.046878,,0.175,58.31,49.32,17.357,16.8015,0.5555,26.89414238738913,16.28201082899737,0.0684,0.0717,0.2317,0.2323,0.4647,-0.085,0.3728,88.9,33.7743,68.8,0.1128,0.2124,0.2287,BULLISH,STRONG_BULL,0.0765,-0.0279,1.219,0.7344,67.5,30.0,184763856.7767,16,1,32.8578,71.1,70.5,0.272,61.3,60.3
106,XLMUSDT,PASS:FLIP_SHORT_BTC1H_SLOPE,SHORT,SHORT,0.19296,-0.1814,0.2591,-0.4664,horizon,True,2026-07-07T16:22:10.425984,2026-07-07T17:07:11.109699,,0.2017,62.0,51.18,17.0083,16.8163,0.192,29.423092053195234,19.818676822671492,0.0766,0.0852,0.2963,0.2972,0.3654,-0.1532,0.4595,96.0,32.8821,67.7,0.0911,0.203,0.189,BULLISH,STRONG_BULL,0.0811,-0.0914,1.1054,0.6012,58.5,29.3,74465941.54108,32,2,32.0018,63.9,72.4,0.2821,60.3,60.3
99,AAVEUSDT,PASS:FLIP_SHORT_REGIME,SHORT,SHORT,91.89,-0.7,0.0544,-0.7291,sl,True,2026-07-07T15:45:29.340535,2026-07-07T15:53:42.363714,,0.1521,57.13,54.38,29.727,31.9921,-2.265,23.355253313701464,23.487140511205247,0.1496,0.0727,0.2595,0.2602,0.5035,-0.6252,0.4832,80.2,23.8036,69.6,0.1712,0.0614,0.371,BULLISH,HEALTHY_BULL,0.1176,-0.4965,1.287,0.4502,73.2,22.0,128479953.12,24,2,22.379,70.7,60.7,0.312,58.7,54.4
104,BTCUSDT,SPIKE_REV_BTC,LONG,SHORT,63910.4,-0.0457,0.34,-0.2626,horizon,True,2026-07-07T15:36:54.286461,2026-07-07T16:21:54.368099,,,,,,,,,,,,,,,,,,,,,,,BULLISH,HEALTHY_BULL,,,,,,,,,,,,,,,
103,AVAXUSDT,PASS:FLIP_SHORT_REGIME,SHORT,SHORT,6.744,-0.1038,0.0593,-0.6821,horizon,True,2026-07-07T15:36:32.430720,2026-07-07T16:21:33.221178,,0.0562,57.22,50.67,25.1462,26.4077,-1.2614,21.35556133616814,25.449832434106796,0.0724,0.0273,0.193,0.1934,0.3301,-0.2871,0.2933,70.4,21.7209,67.7,0.1621,0.0509,0.3347,BULLISH,HEALTHY_BULL,0.0556,-0.2335,1.1254,0.5944,65.9,24.4,94375441.29,28,1,20.8622,68.2,61.2,0.2966,57.6,54.4
93,JTOUSDT,PASS:FLIP_SHORT_REGIME,SHORT,SHORT,0.7779,0.4313,0.6813,-0.09,trail,True,2026-07-07T15:31:46.770620,2026-07-07T15:33:58.534333,,0.1916,57.33,51.51,20.4449,20.8894,-0.4445,21.488396346995078,15.991260451029843,0.0935,0.0843,0.2958,0.2967,0.6328,-0.2905,0.475,80.2,20.8755,66.3,0.1723,0.0457,0.3533,BULLISH,HEALTHY_BULL,0.0801,-0.2317,1.2327,0.6052,65.9,31.7,43600587.661,41,0,19.952,67.8,59.9,0.3042,57.1,54.4
101,LTCUSDT,PASS:LONG_BTC1H_DEADBAND,LONG,LONG,44.28,0.2468,0.4968,-0.1355,trail,True,2026-07-07T15:27:09.889359,2026-07-07T15:55:26.247779,,0.2818,61.07,56.84,17.4448,16.9293,0.5154,30.143789781436226,18.41834557726244,0.0797,0.1099,0.1339,0.1341,0.2919,0.1893,0.324,93.0,19.8086,65.9,0.1662,0.0417,0.4032,BULLISH,HEALTHY_BULL,0.1145,0.1196,,,,,,,1,18.8769,67.7,63.6,0.3112,56.7,54.4
100,1000PEPEUSDT,PASS:LONG_BTC1H_DEADBAND,LONG,LONG,0.0027041,0.4933,0.7433,-0.0777,trail,True,2026-07-07T15:27:09.842650,2026-07-07T15:54:49.371424,,0.4503,63.59,63.31,17.2514,17.3018,-0.0504,26.89717000493529,19.24019212061994,0.1544,0.1824,0.1375,0.1377,0.4575,0.0947,0.4753,90.5,19.8086,65.9,0.1662,0.0417,0.4032,BULLISH,HEALTHY_BULL,0.2072,0.0232,,,,,,,2,18.8769,67.7,63.6,0.3112,56.7,54.4
95,SOLUSDT,PASS:LONG_BTC1H_DEADBAND,LONG,LONG,81.83,0.3121,0.5621,-0.0489,trail,True,2026-07-07T15:27:09.796481,2026-07-07T15:40:03.783172,,0.3738,63.64,59.93,18.5109,17.806,0.7049,27.67557607916497,15.677581159103562,0.1082,0.1464,0.1416,0.1418,0.3684,0.2489,0.397,92.6,19.8086,65.9,0.1662,0.0417,0.4032,BULLISH,HEALTHY_BULL,0.157,0.155,,,,,,,2,18.8769,67.7,63.6,0.3112,56.7,54.4
102,DOGEUSDT,PASS:FLIP_SHORT_REGIME,SHORT,SHORT,0.07485,-0.1336,0.0267,-0.6814,horizon,True,2026-07-07T15:24:32.839403,2026-07-07T16:09:33.412460,,0.2154,60.24,53.71,15.2781,15.75,-0.472,23.28256046960307,19.381905296617408,0.078,0.0909,0.1884,0.1887,0.382,-0.0335,0.358,93.7,18.8686,67.4,0.1493,0.046,0.5024,BULLISH,HEALTHY_BULL,0.0752,-0.0372,1.6392,0.608,56.1,36.6,313645120.67516,12,1,17.8667,63.7,57.8,0.3263,57.1,54.4
96,LINKUSDT,PASS:FLIP_SHORT_REGIME,SHORT,SHORT,7.932,-0.7,0.0,-0.7186,sl,True,2026-07-07T15:22:19.863096,2026-07-07T15:45:14.866159,,0.2878,61.4,56.99,17.415,18.0128,-0.5978,25.472815925723847,20.992164792527408,0.105,0.1204,0.1545,0.1548,0.3578,0.0197,0.3807,93.3,18.4884,63.9,0.1316,0.0292,0.344,BULLISH,HEALTHY_BULL,0.1141,-0.0183,1.4563,0.6125,56.1,36.6,79315400.774,32,2,17.8667,63.7,57.8,0.3157,55.3,54.4
97,DOTUSDT,PASS:FLIP_SHORT_REGIME,SHORT,SHORT,0.866,-0.7,0.0,-0.8083,sl,True,2026-07-07T15:21:13.564269,2026-07-07T15:45:38.181132,,0.3496,62.81,64.75,21.2458,21.2771,-0.0313,24.33281751563518,15.94047896922765,0.1348,0.1428,0.095,0.0951,0.4071,0.0551,0.3731,94.1,18.4884,64.6,0.1352,0.0322,0.3758,BULLISH,HEALTHY_BULL,0.1702,-0.0113,1.3251,0.6175,56.1,36.6,57948055.873,36,2,17.8667,63.7,57.8,0.3106,55.6,54.4
98,1000PEPEUSDT,PASS:FLIP_SHORT_REGIME,SHORT,SHORT,0.0027019,-0.7,0.0074,-0.7106,sl,True,2026-07-07T15:21:13.518674,2026-07-07T15:47:37.052791,,0.405,63.48,60.09,16.8525,17.3701,-0.5176,25.222334781481848,20.585054274963763,0.151,0.1652,0.1793,0.1796,0.4608,0.0233,0.4966,96.0,18.4884,64.6,0.1352,0.0322,0.3758,BULLISH,HEALTHY_BULL,0.1814,-0.0255,1.3251,0.7443,56.1,36.6,145566625.0891597,21,1,17.8667,63.7,57.8,0.3106,55.6,54.4
94,XRPUSDT,PASS:FLIP_SHORT_REGIME,SHORT,SHORT,1.1228,-0.7,0.0089,-0.7838,sl,True,2026-07-07T15:21:13.480580,2026-07-07T15:36:42.019687,,0.1399,55.47,51.0,16.3326,16.932,-0.5994,25.8808143278584,21.807864799784266,0.0704,0.0634,0.0873,0.0874,0.3117,-0.1366,0.2213,77.7,18.4884,64.6,0.1352,0.0322,0.3758,BULLISH,HEALTHY_BULL,0.0551,-0.1407,1.3251,0.3428,56.1,36.6,583209444.5634,7,0,17.8667,63.7,57.8,0.3106,55.6,54.4
92,BTCUSDT,SPIKE_REV_BTC,LONG,SHORT,63208.2,-0.7,0.0225,-0.711,sl,True,2026-07-07T14:50:49.835538,2026-07-07T15:22:20.922680,,,,,,,,,,,,,,,,,,,,,,,NEUTRAL,CHOPPY_WEAK,,,,,,,,,,,,,,,
91,BTCUSDT,SPIKE_REV_BTC,LONG,SHORT,63349.9,0.5431,0.7931,-0.0264,trail,True,2026-07-07T13:50:40.640327,2026-07-07T14:01:01.432830,,,,,,,,,,,,,,,,,,,,,,,NEUTRAL,CHOPPY_FLAT,,,,,,,,,,,,,,,
90,JTOUSDT,PASS:FLIP_SHORT_BTC1H_SLOPE,SHORT,SHORT,0.7808,0.8258,1.0758,-0.333,trail,True,2026-07-07T13:45:35.696340,2026-07-07T13:58:51.006540,,0.084,56.05,43.32,26.1703,27.7455,-1.5752,19.048264206342306,16.996389088749012,0.1021,0.0377,0.2489,0.2495,0.5105,-0.3399,0.3897,71.9,24.4698,41.3,-0.1038,0.0015,-0.1576,BEARISH,HEALTHY_BEAR,0.0805,-0.2689,0.5913,0.8921,22.0,75.6,42928309.3565,43,2,24.2731,31.3,42.3,0.2006,46.2,53.2
89,DEXEUSDT,PASS:FLIP_SHORT_BTC1H_SLOPE,SHORT,SHORT,28.52,0.2058,0.4558,0.0,trail,True,2026-07-07T13:35:35.865398,2026-07-07T13:35:53.812188,,0.241,56.31,42.14,22.6957,22.5037,0.192,28.26561682125459,16.889924966761612,0.1407,0.0522,0.7538,0.7596,1.3472,0.3572,0.954,49.1,24.0913,37.1,-0.1189,0.0029,-0.2426,BEARISH,HEALTHY_BEAR,0.1105,0.1475,0.6297,0.5584,12.2,85.4,50726121.77451,38,3,24.6564,32.0,42.5,0.1836,46.3,53.2
88,TACUSDT,PASS:FLIP_SHORT_BTC1H_SLOPE,SHORT,SHORT,0.051235,-0.7,0.0,-0.7846,sl,True,2026-07-07T13:21:09.239174,2026-07-07T13:21:49.177168,,0.1791,56.16,48.12,22.4281,22.7317,-0.3037,20.288334569851,13.95917719335246,0.1263,0.0178,1.0378,1.0487,2.7358,3.7829,1.1582,63.7,22.8227,40.1,-0.0647,0.0202,-0.196,BEARISH,HEALTHY_BEAR,0.1683,2.4153,0.615,0.8105,19.5,68.3,160408300.47081,18,2,23.3812,40.6,51.2,0.1669,48.8,53.2
86,EPICUSDT,PASS:FLIP_SHORT_BTC1H_SLOPE,SHORT,SHORT,0.3602,-0.7,0.111,-0.7496,sl,True,2026-07-07T13:01:12.960721,2026-07-07T13:02:34.968022,,0.4876,58.9,47.97,24.2209,25.6504,-1.4296,21.451190374268812,19.16194829417143,0.3091,0.2646,0.906,0.9142,1.528,-3.2394,1.494,94.7,25.8084,47.5,-0.0108,0.0421,-0.1251,NEUTRAL,CHOPPY_FLAT,0.2029,-2.0587,0.6631,0.6958,31.7,58.5,144815262.89927,22,1,27.2612,50.0,58.3,0.1644,52.3,53.2
85,DEXEUSDT,PASS:FLIP_SHORT_BTC1H_SLOPE,SHORT,SHORT,28.74,1.9769,2.2269,0.0,trail,True,2026-07-07T13:00:04.502304,2026-07-07T13:02:05.826919,,0.2501,59.97,42.97,26.9791,26.3298,0.6493,29.566611329654886,14.099867721638084,0.0928,0.0384,1.4546,1.4761,1.3374,0.5738,1.6093,64.7,27.2704,49.2,-0.0076,0.0184,-0.101,NEUTRAL,CHOPPY_FLAT,0.1017,0.5838,0.8434,0.8626,34.1,51.2,50749080.74049,39,3,28.6526,51.2,65.8,0.1713,52.9,51.6
84,XLMUSDT,PASS:LONG_UNMATCHED_ONLY,LONG,LONG,0.19499,-0.7,0.1282,-0.7077,sl,True,2026-07-07T12:27:34.321339,2026-07-07T13:00:49.436140,C6,0.2841,61.21,56.07,24.6119,23.9755,0.6365,31.972296782661797,16.147675390083112,0.093,0.1143,0.0798,0.0798,0.2745,0.0462,0.2874,80.7,32.6582,66.9,0.1404,0.0561,0.2756,BULLISH,STRONG_BULL,0.1152,0.0235,0.8454,1.152,85.4,12.2,78260508.2982,33,3,30.7021,69.5,61.8,0.1792,57.8,51.6
87,XLMUSDT,LONG_UNMATCHED_ONLY,LONG,SHORT,0.19499,0.8462,0.9744,-0.1282,horizon,True,2026-07-07T12:27:34.321321,2026-07-07T13:12:35.111662,C6,0.2841,61.21,56.07,24.6119,23.9755,0.6365,31.972296782661797,16.147675390083112,0.093,0.1143,0.0798,0.0798,0.2745,0.0462,0.2874,80.7,32.6582,66.9,0.1404,0.0561,0.2756,BULLISH,STRONG_BULL,0.1152,0.0235,0.8454,1.152,85.4,12.2,78260508.2982,33,3,30.7021,69.5,61.8,0.1792,57.8,51.6
81,YFIUSDT,PASS:LONG_BTC1H_DEADBAND,LONG,LONG,2383.0,0.2536,0.5036,0.0,trail,True,2026-07-07T12:22:01.854914,2026-07-07T12:22:58.283183,,0.5952,58.74,54.77,15.2445,15.5197,-0.2752,25.09450442081727,19.850890547709742,0.1764,0.2105,0.2907,0.2915,0.9925,0.7392,0.6799,81.3,30.6987,63.9,0.1564,0.0449,0.23,BULLISH,STRONG_BULL,0.2161,0.3843,,,,,,,2,28.6181,67.5,57.3,0.1757,56.4,51.6
83,PUMPUSDT,PASS:FLIP_SHORT_REGIME,SHORT,SHORT,0.001651,0.7797,1.0297,-0.3028,trail,True,2026-07-07T12:10:58.326640,2026-07-07T12:40:44.676779,,0.1169,59.86,42.52,21.5648,22.7923,-1.2275,24.844751156955358,22.206607893017505,0.1275,0.05,0.3884,0.39,0.4374,-0.2482,0.5683,90.9,25.618,67.9,0.1614,0.0548,0.4015,BULLISH,HEALTHY_BULL,0.0811,-0.2298,0.6047,0.9775,85.4,14.6,58527739.360781,34,0,23.0515,77.1,54.1,0.1637,57.6,51.6
82,WLDUSDT,PASS:FLIP_SHORT_REGIME,SHORT,SHORT,0.3947,0.4087,0.6587,-0.228,trail,True,2026-07-07T12:10:58.287866,2026-07-07T12:33:21.795450,,0.2573,60.1,58.26,22.4442,23.2774,-0.8332,26.6941685913399,21.13925870638748,0.1228,0.1079,0.1293,0.1295,0.3153,-0.2092,0.3606,87.3,25.618,67.9,0.1614,0.0548,0.4015,BULLISH,HEALTHY_BULL,0.1351,-0.1714,0.6047,0.846,85.4,14.6,161653378.5409,18,2,23.0515,77.1,54.1,0.1637,57.6,51.6
80,1000BONKUSDT,PASS:FLIP_SHORT_REGIME,SHORT,SHORT,0.004279,-0.7,0.0234,-0.7011,sl,True,2026-07-07T12:05:30.002743,2026-07-07T12:07:51.295599,,0.0703,59.13,53.06,20.2798,21.3296,-1.0498,21.461966733398615,18.79193491640119,0.0755,0.0284,0.1849,0.1852,0.3106,-0.4647,0.2894,72.5,20.1338,65.7,0.0695,0.0227,0.2694,BULLISH,HEALTHY_BULL,0.0617,-0.3592,0.6455,0.6757,80.5,17.1,130169891.406492,23,0,19.0357,61.8,40.3,0.1369,53.5,51.6
79,ONDOUSDT,PASS:FLIP_SHORT_REGIME,SHORT,SHORT,0.3314,-0.7,0.0905,-0.7242,sl,True,2026-07-07T11:51:07.931112,2026-07-07T12:05:36.737545,,0.065,59.66,48.54,18.5665,18.9748,-0.4084,25.602472625304163,19.608506176749504,0.074,0.024,0.2081,0.2085,0.2431,-0.1143,0.3067,65.2,18.5147,66.6,0.0655,-0.0096,0.2698,BULLISH,HEALTHY_BULL,0.0503,-0.1604,0.6224,1.2065,73.2,19.5,44839436.46028,45,0,17.943,64.9,45.8,0.1281,52.3,48.9
78,XLMUSDT,PASS:FLIP_SHORT_REGIME,SHORT,SHORT,0.1949,0.6619,0.7491,-0.0564,horizon,True,2026-07-07T10:08:07.176026,2026-07-07T10:53:07.344758,,0.0953,57.64,47.78,28.6121,29.8013,-1.1892,23.372134829926697,17.938766954389507,0.0687,0.0443,0.1091,0.1092,0.2473,-0.2572,0.2224,81.1,20.4739,64.4,0.0672,-0.0528,0.1805,BULLISH,HEALTHY_BULL,0.0538,-0.2025,0.7683,0.763,80.5,12.2,87964417.11195,30,1,18.3811,70.2,56.8,0.1278,50.9,48.3
76,TAOUSDT,PASS:LONG_UNMATCHED_ONLY,LONG,LONG,213.86,0.4,0.65,-0.159,trail,True,2026-07-07T10:08:07.175271,2026-07-07T10:45:15.578721,C4,0.276,61.81,61.78,20.7617,19.8073,0.9544,21.717634840990037,10.89914693686109,0.0824,0.105,0.0667,0.0668,0.3024,0.2707,0.2544,84.2,20.4739,64.4,0.0672,-0.0528,0.1805,BULLISH,HEALTHY_BULL,0.125,0.1867,0.7683,1.3067,80.5,12.2,88782723.01,29,5,18.3811,70.2,56.8,0.1278,50.9,48.3
77,TAOUSDT,LONG_UNMATCHED_ONLY,LONG,SHORT,213.86,-0.1216,0.159,-0.65,horizon,True,2026-07-07T10:08:07.175252,2026-07-07T10:53:07.341230,C4,0.276,61.81,61.78,20.7617,19.8073,0.9544,21.717634840990037,10.89914693686109,0.0824,0.105,0.0667,0.0668,0.3024,0.2707,0.2544,84.2,20.4739,64.4,0.0672,-0.0528,0.1805,BULLISH,HEALTHY_BULL,0.125,0.1867,0.7683,1.3067,80.5,12.2,88782723.01,29,5,18.3811,70.2,56.8,0.1278,50.9,48.3
75,TAOUSDT,PASS:LONG_BTC1H_DEADBAND,LONG,LONG,214.0,0.3341,0.5841,-0.2243,trail,True,2026-07-07T10:07:00.618519,2026-07-07T10:45:15.575951,,0.2914,64.28,61.78,20.7617,19.8073,0.9544,22.108324280985915,11.095217164782877,0.0896,0.1102,0.1103,0.1104,0.2968,0.2776,0.3106,88.9,20.4739,69.0,0.0729,-0.048,0.2324,BULLISH,HEALTHY_BULL,0.1312,0.1893,,,,,,,4,18.3811,70.2,56.8,0.1255,51.5,48.3
74,LITUSDT,PASS:FLIP_SHORT_REGIME,SHORT,SHORT,2.5671,-0.7,0.3389,-0.7401,sl,True,2026-07-07T10:07:00.586687,2026-07-07T10:09:10.353178,,0.366,54.21,56.65,29.0791,31.1292,-2.0501,22.165931593104855,21.1153969247477,0.2593,0.1672,0.1343,0.1345,0.9198,-0.5648,0.5621,81.8,20.4739,69.0,0.0729,-0.048,0.2324,BULLISH,HEALTHY_BULL,0.2548,-0.5782,0.7275,0.5968,80.5,14.6,183503175.26754,17,3,18.3811,70.2,56.8,0.1255,51.5,48.3
72,NEARUSDT,PASS:LONG_UNMATCHED_ONLY,LONG,LONG,2.022,0.2446,0.4946,-0.0989,trail,True,2026-07-07T07:02:42.225833,2026-07-07T07:34:33.772456,W6,0.3556,62.76,62.84,23.7325,24.2356,-0.5031,21.861265230604822,15.447026869510527,0.1185,0.144,0.1763,0.1766,0.3682,-0.17,0.4398,97.4,23.1563,66.3,0.0822,-0.0683,0.2171,BULLISH,HEALTHY_BULL,0.165,-0.1243,0.8023,0.8745,85.0,10.0,182751218.087,17,5,23.0714,63.1,58.4,0.1517,49.7,49.0
73,NEARUSDT,LONG_UNMATCHED_ONLY,LONG,SHORT,2.022,-0.7,0.1484,-0.7418,sl,True,2026-07-07T07:02:42.225811,2026-07-07T07:46:23.737459,W6,0.3556,62.76,62.84,23.7325,24.2356,-0.5031,21.861265230604822,15.447026869510527,0.1185,0.144,0.1763,0.1766,0.3682,-0.17,0.4398,97.4,23.1563,66.3,0.0822,-0.0683,0.2171,BULLISH,HEALTHY_BULL,0.165,-0.1243,0.8023,0.8745,85.0,10.0,182751218.087,17,5,23.0714,63.1,58.4,0.1517,49.7,49.0
61,BLURUSDT,PASS:FLIP_SHORT_REGIME,SHORT,SHORT,0.02048,0.3848,0.6348,-0.1465,trail,True,2026-07-07T06:58:38.645328,2026-07-07T07:00:46.876308,,0.3459,56.55,48.8,15.5035,16.3798,-0.8763,19.428164762877014,17.893685216998744,0.0678,0.0795,0.6253,0.6292,1.6285,0.7622,0.7776,69.5,22.9886,64.8,0.0799,-0.1198,0.1926,BULLISH,HEALTHY_BULL,0.1242,0.4997,0.8021,0.6626,87.5,10.0,173387434.28133,18,2,22.3958,67.6,53.0,0.1479,49.2,44.8
63,YFIUSDT,PASS:FLIP_SHORT_REGIME,SHORT,SHORT,2341.0,1.2451,1.4951,-0.299,trail,True,2026-07-07T06:54:32.565690,2026-07-07T07:04:10.530008,,0.0913,53.35,45.72,25.3366,26.1758,-0.8391,21.07939284962367,15.763683270354242,0.2163,0.1442,0.5178,0.5205,1.2795,-3.2931,0.8832,93.1,22.388,68.7,0.077,-0.113,0.2912,BULLISH,HEALTHY_BULL,0.0797,-2.0647,0.9086,0.6975,82.5,12.5,350241512.3,11,1,21.7755,63.5,47.5,0.1524,50.0,44.8
71,ONDOUSDT,PASS:LONG_UNMATCHED_ONLY,LONG,LONG,0.331,0.2417,0.3927,-0.1511,horizon,True,2026-07-07T06:44:17.613636,2026-07-07T07:29:18.303860,C2,0.2321,64.9,57.28,16.3453,15.8434,0.5019,28.77680838505219,18.0644523253652,0.0688,0.0857,0.1893,0.1897,0.2635,-0.0017,0.3445,95.9,21.9325,59.2,0.0551,-0.1347,0.1474,BULLISH,HEALTHY_BULL,0.1023,0.0265,0.968,0.6986,77.5,20.0,49931944.24947,39,2,22.4529,60.2,42.7,0.1525,47.4,44.8
70,ONDOUSDT,LONG_UNMATCHED_ONLY,LONG,SHORT,0.331,-0.2417,0.1511,-0.3927,horizon,True,2026-07-07T06:44:17.613614,2026-07-07T07:29:18.301227,C2,0.2321,64.9,57.28,16.3453,15.8434,0.5019,28.77680838505219,18.0644523253652,0.0688,0.0857,0.1893,0.1897,0.2635,-0.0017,0.3445,95.9,21.9325,59.2,0.0551,-0.1347,0.1474,BULLISH,HEALTHY_BULL,0.1023,0.0265,0.968,0.6986,77.5,20.0,49931944.24947,39,2,22.4529,60.2,42.7,0.1525,47.4,44.8
69,AVAXUSDT,PASS:FLIP_SHORT_REGIME,SHORT,SHORT,6.771,-0.4283,0.1034,-0.5021,horizon,True,2026-07-07T06:42:15.783391,2026-07-07T07:27:16.759328,,0.1046,59.51,55.75,26.0597,27.0316,-0.9719,24.632080844206957,18.800975159509996,0.0603,0.0469,0.1546,0.1548,0.2172,-0.3587,0.2622,93.0,21.9325,58.7,0.0543,-0.1361,0.1397,BULLISH,HEALTHY_BULL,0.0648,-0.2264,0.8383,0.5496,75.0,22.5,97546373.119,28,1,22.4529,60.2,42.7,0.1503,47.2,44.8
68,XLMUSDT,PASS:LONG_UNMATCHED_ONLY,LONG,LONG,0.19643,-0.1985,0.2138,-0.2342,horizon,True,2026-07-07T06:41:14.861891,2026-07-07T07:26:15.485311,C4+C9,0.2101,59.08,62.83,19.8681,19.7712,0.0969,27.593779564397686,17.967859731849916,0.0709,0.0838,0.0887,0.0887,0.2639,-0.1444,0.2436,87.2,21.9325,60.4,0.0569,-0.1345,0.1637,BULLISH,HEALTHY_BULL,0.1145,-0.0783,0.7761,0.4935,75.0,20.0,102985735.59777,25,3,22.4529,60.2,42.7,0.1494,47.5,44.8
67,XLMUSDT,LONG_UNMATCHED_ONLY,LONG,SHORT,0.19643,0.1985,0.2342,-0.2138,horizon,True,2026-07-07T06:41:14.861737,2026-07-07T07:26:15.482499,C4+C9,0.2101,59.08,62.83,19.8681,19.7712,0.0969,27.593779564397686,17.967859731849916,0.0709,0.0838,0.0887,0.0887,0.2639,-0.1444,0.2436,87.2,21.9325,60.4,0.0569,-0.1345,0.1637,BULLISH,HEALTHY_BULL,0.1145,-0.0783,0.7761,0.4935,75.0,20.0,102985735.59777,25,3,22.4529,60.2,42.7,0.1494,47.5,44.8
60,HYPEUSDT,PASS:LONG_UNMATCHED_ONLY,LONG,LONG,70.59,0.311,0.561,-0.1119,trail,True,2026-07-07T06:39:12.909986,2026-07-07T06:57:59.240666,W1+W5+W6,0.2742,62.32,55.19,22.1505,21.3973,0.7532,28.76670097266128,14.838229507645456,0.089,0.1085,0.2448,0.2454,0.3211,-0.0539,0.4435,93.4,22.5306,59.6,0.0441,-0.1346,0.1747,BULLISH,HEALTHY_BULL,0.1167,-0.0076,1.0068,0.9762,72.5,17.5,639612378.60771,8,4,23.0992,58.4,45.1,0.1575,47.4,44.8
62,HYPEUSDT,LONG_UNMATCHED_ONLY,LONG,SHORT,70.59,-0.7,0.1119,-0.7055,sl,True,2026-07-07T06:39:12.909966,2026-07-07T07:02:33.222105,W1+W5+W6,0.2742,62.32,55.19,22.1505,21.3973,0.7532,28.76670097266128,14.838229507645456,0.089,0.1085,0.2448,0.2454,0.3211,-0.0539,0.4435,93.4,22.5306,59.6,0.0441,-0.1346,0.1747,BULLISH,HEALTHY_BULL,0.1167,-0.0076,1.0068,0.9762,72.5,17.5,639612378.60771,8,4,23.0992,58.4,45.1,0.1575,47.4,44.8
66,XRPUSDT,PASS:FLIP_SHORT_REGIME,SHORT,SHORT,1.1306,-0.1504,0.0708,-0.3449,horizon,True,2026-07-07T06:39:12.894757,2026-07-07T07:24:13.695987,,0.147,65.0,54.04,24.4513,24.8229,-0.3716,24.892870613635402,16.726747892744708,0.0609,0.0577,0.183,0.1834,0.1881,-0.1705,0.3022,97.2,22.5306,59.6,0.0441,-0.1346,0.1747,BULLISH,HEALTHY_BULL,0.0718,-0.0979,1.0068,0.8921,72.5,17.5,647941021.4411,7,0,23.0992,58.4,45.1,0.1575,47.4,44.8
64,NEARUSDT,PASS:FLIP_SHORT_REGIME,SHORT,SHORT,2.013,-0.7,0.0994,-0.7452,sl,True,2026-07-07T06:38:11.872541,2026-07-07T07:16:47.043682,,0.1227,56.92,49.21,25.5532,27.113,-1.5599,21.098235092530953,18.983926011692017,0.0686,0.0606,0.2221,0.2226,0.3816,-0.4966,0.3521,93.9,22.1926,59.4,0.0436,-0.1305,0.1702,BULLISH,HEALTHY_BULL,0.056,-0.2909,0.926,0.5161,80.0,17.5,181578263.349,17,1,23.0992,58.4,45.1,0.1536,48.0,44.8
58,PYTHUSDT,PASS:LONG_UNMATCHED_ONLY,LONG,LONG,0.04465,0.2875,0.5375,0.0,trail,True,2026-07-07T06:37:11.128647,2026-07-07T06:39:34.719125,C2+W6,0.2547,58.55,50.18,17.0211,16.5423,0.4787,26.52086995413187,16.51685003206629,0.0821,0.1056,0.2717,0.2724,0.506,-0.1071,0.4607,89.0,22.0757,56.1,0.0378,-0.1409,0.1177,BULLISH,HEALTHY_BULL,0.0687,-0.0431,0.8479,0.6844,75.0,17.5,45609295.49,44,4,23.0992,58.4,45.1,0.1515,46.6,44.8
65,PYTHUSDT,LONG_UNMATCHED_ONLY,LONG,SHORT,0.04465,0.2427,0.4927,-0.6495,trail,True,2026-07-07T06:37:11.128626,2026-07-07T07:16:59.107313,C2+W6,0.2547,58.55,50.18,17.0211,16.5423,0.4787,26.52086995413187,16.51685003206629,0.0821,0.1056,0.2717,0.2724,0.506,-0.1071,0.4607,89.0,22.0757,56.1,0.0378,-0.1409,0.1177,BULLISH,HEALTHY_BULL,0.0687,-0.0431,0.8479,0.6844,75.0,17.5,45609295.49,44,4,23.0992,58.4,45.1,0.1515,46.6,44.8
59,FARTCOINUSDT,PASS:FLIP_SHORT_REGIME,SHORT,SHORT,0.1609,-0.7,0.0622,-0.7458,sl,True,2026-07-07T06:35:08.801467,2026-07-07T06:49:28.696465,,0.083,57.34,49.5,16.48,17.2802,-0.8002,23.133106220771165,20.482412681066517,0.0633,0.0458,0.3856,0.3871,0.4895,-0.5168,0.4967,96.6,23.0512,57.7,0.0206,-0.139,0.1603,BULLISH,HEALTHY_BULL,0.0469,-0.2662,1.0522,0.799,75.0,15.0,39236342.95212,48,0,24.2775,53.0,48.3,0.1588,46.9,44.8
56,DEXEUSDT,PASS:FLIP_SHORT_BTC1H_SLOPE,SHORT,SHORT,27.74,0.471,0.721,-0.4326,trail,True,2026-07-07T02:51:12.607315,2026-07-07T03:03:28.795488,,0.0597,53.64,48.14,16.1055,17.1167,-1.0111,21.498929161426254,20.262435921473703,0.0736,0.0253,0.1939,0.1943,0.5314,-0.3251,0.2934,78.0,29.3169,29.0,-0.1334,0.1495,-0.3142,BEARISH,BEAR_EXHAUSTED,0.0683,-0.2216,0.7816,0.7364,17.5,80.0,61818393.15543,36,1,27.7523,28.1,29.8,0.1814,49.4,56.1
55,TLMUSDT,PASS:FLIP_SHORT_BTC1H_SLOPE,SHORT,SHORT,0.003134,-0.7,0.0,-0.702,sl,True,2026-07-07T02:45:06.377377,2026-07-07T02:45:29.368314,,0.1654,59.85,42.27,16.537,16.9634,-0.4265,27.213566852075626,21.823134023293136,0.2331,0.0483,1.9758,2.0157,1.6197,-1.4502,2.3028,92.7,26.1017,34.4,-0.1381,0.1722,-0.1924,BEARISH,HEALTHY_BEAR,0.105,-0.9428,1.0993,1.1807,15.0,82.5,288521538.314455,13,2,24.7331,27.7,39.0,0.1842,51.7,56.1
57,BTCUSDT,SPIKE_REV_BTC,SHORT,LONG,63487.6,-0.3459,0.1638,-0.3943,horizon,True,2026-07-07T02:31:05.283934,2026-07-07T03:16:06.177112,,,,,,,,,,,,,,,,,,,,,,,BEARISH,HEALTHY_BEAR,,,,,,,,,,,,,,,
53,LITUSDT,PASS:FLIP_SHORT_BTC1H_SLOPE,SHORT,SHORT,2.589,0.341,0.591,-0.3708,trail,True,2026-07-07T01:25:44.250479,2026-07-07T01:37:32.387753,,0.1737,57.18,52.93,18.6872,19.9091,-1.2219,23.382810157540085,22.107834615150256,0.1674,0.067,0.4315,0.4333,0.6842,-0.4467,0.6689,84.1,18.2123,41.9,-0.0445,0.2876,-0.1226,BEARISH,HEALTHY_BEAR,0.1566,-0.3204,0.9278,0.6437,17.5,77.5,260401945.7675,14,2,19.1355,43.0,53.3,0.1699,58.7,63.2
54,1000BONKUSDT,PASS:FLIP_SHORT_BTC1H_SLOPE,SHORT,SHORT,0.004457,-0.7,0.3814,-0.718,sl,True,2026-07-07T01:15:35.348702,2026-07-07T01:47:12.315826,,0.1591,55.45,51.53,15.5202,15.4094,0.1108,25.56071926583261,18.147551409820796,0.0663,0.0657,0.2106,0.211,0.6151,-0.0229,0.3433,72.0,20.2792,42.3,-0.0615,0.2886,-0.1297,BEARISH,HEALTHY_BEAR,0.0785,0.0418,0.9721,0.3914,15.0,80.0,118455306.148155,25,1,21.6254,41.2,52.0,0.1759,58.8,63.2
50,IDUSDT,PASS:FLIP_SHORT_BTC1H_SLOPE,SHORT,SHORT,0.03977,0.2529,0.5029,0.0,trail,True,2026-07-07T01:02:22.765150,2026-07-07T01:03:50.530374,,0.1158,58.21,52.52,21.9412,21.8394,0.1018,28.140762387260892,17.51834250484947,0.1858,0.0403,0.7485,0.7541,0.9118,-0.3,0.982,77.4,24.961,44.8,0.0137,0.3013,-0.1153,NEUTRAL,CHOPPY_FLAT,0.115,-0.4635,0.9314,0.8679,30.0,45.0,38671348.14288,50,1,25.8016,53.3,56.0,0.1641,60.5,63.2
51,PUMPUSDT,PASS:FLIP_SHORT_BTC1H_SLOPE,SHORT,SHORT,0.001643,0.2369,0.4869,-0.1217,trail,True,2026-07-07T01:02:22.730098,2026-07-07T01:06:00.980326,,0.2459,54.96,61.35,16.1666,16.2048,-0.0382,26.894101821961602,19.607452915076827,0.1022,0.1079,0.003,-0.003,0.4282,-0.1568,0.2071,74.1,24.961,44.8,0.0137,0.3013,-0.1153,NEUTRAL,CHOPPY_FLAT,0.1467,-0.1216,0.9314,0.9958,30.0,45.0,68838552.098325,33,2,25.8016,53.3,56.0,0.1641,60.5,63.2
52,ONDOUSDT,PASS:FLIP_SHORT_BTC1H_SLOPE,SHORT,SHORT,0.3358,0.4349,0.6849,-0.2978,trail,True,2026-07-07T00:52:11.469562,2026-07-07T01:06:03.158130,,0.1526,56.39,51.56,25.0338,25.822,-0.7882,28.935642904276186,21.480707891261318,0.0637,0.0742,0.0455,0.0455,0.263,-0.1532,0.1835,73.8,24.9882,49.8,-0.0043,0.3538,0.0071,NEUTRAL,CHOPPY_FLAT,0.0542,-0.1272,0.9549,0.7633,27.5,50.0,48792166.20211,44,1,25.445,52.0,58.8,0.147,62.4,61.3
47,BLURUSDT,PASS:FLIP_SHORT_BTC1H_SLOPE,SHORT,SHORT,0.02136,2.1376,2.3876,0.0,trail,True,2026-07-07T00:15:38.309259,2026-07-07T00:15:50.015770,,0.2309,53.45,40.3,23.6328,25.0168,-1.384,18.719948516393682,16.720982314569525,0.0738,0.0171,0.5661,0.5693,2.0345,1.6785,0.6607,53.2,26.0067,38.8,-0.0453,0.3379,-0.0947,BEARISH,HEALTHY_BEAR,0.0424,1.1312,0.7553,1.1277,20.0,77.5,110182259.0537,25,2,27.3681,38.9,43.7,0.1238,61.0,61.3
48,BELUSDT,PASS:FLIP_SHORT_BTC1H_SLOPE,SHORT,SHORT,0.12816,-0.7,0.0,-0.7179,sl,True,2026-07-07T00:15:38.300627,2026-07-07T00:16:14.087213,,0.1041,56.16,47.41,24.4608,25.4564,-0.9956,17.233457607943894,21.720183765799888,0.1004,0.029,0.4942,0.4966,0.8391,-0.4798,0.6267,74.3,26.0067,38.8,-0.0453,0.3379,-0.0947,BEARISH,HEALTHY_BEAR,0.082,-0.2918,0.7553,0.7932,20.0,77.5,134763190.86248,22,1,27.3681,38.9,43.7,0.1238,61.0,61.3
46,VANRYUSDT,PASS:FLIP_SHORT_BTC1H_SLOPE,SHORT,SHORT,0.007563,-0.7,0.0,-0.7404,sl,True,2026-07-07T00:10:33.693374,2026-07-07T00:10:42.936925,,0.2223,55.71,47.33,19.924,19.5093,0.4147,23.659019396030693,14.100357527181103,0.1928,0.0325,0.8187,0.8254,1.7997,-0.2164,1.0527,66.1,27.549,39.0,-0.0448,0.3382,-0.1066,BEARISH,HEALTHY_BEAR,0.2001,-0.1942,0.7457,0.7559,15.0,82.5,677931652.251821,6,3,28.856,39.4,40.6,0.1289,61.0,61.3
49,DEXEUSDT,PASS:FLIP_SHORT_BTC1H_SLOPE,SHORT,SHORT,27.94,-0.7,0.1432,-0.7158,sl,True,2026-07-07T00:01:24.077362,2026-07-07T00:38:37.263879,,0.1786,61.28,52.55,15.4466,14.6887,0.7579,23.3745885890119,13.93541557397058,0.1142,0.0793,0.2605,0.2612,0.4874,-0.3206,0.4553,72.7,30.9862,42.0,-0.0392,0.3435,-0.0906,BEARISH,STRONG_BEAR,0.1046,-0.24,0.6015,1.1745,12.5,87.5,61000129.06805,36,3,32.6945,39.6,46.0,0.1351,61.6,61.3
45,PYTHUSDT,PASS:FLIP_SHORT_BTC1H_SLOPE,SHORT,SHORT,0.04555,0.7599,1.0099,0.0,trail,True,2026-07-07T00:00:23.187626,2026-07-07T00:05:05.859695,,0.0751,59.44,40.5,29.8847,30.1225,-0.2378,26.33025749340424,15.2023397843318,0.1294,0.036,0.4561,0.4581,0.576,-0.6061,0.6243,82.6,32.6574,39.6,-0.0378,0.4523,-0.1395,BEARISH,STRONG_BEAR,0.0717,-0.4508,0.5564,1.2191,12.5,85.0,43425261.60648,47,3,34.4959,44.8,41.6,0.1414,61.3,65.4
42,YFIUSDT,PASS:FLIP_SHORT_BTC1H_SLOPE,SHORT,SHORT,2671.0,0.4613,0.7113,-0.1498,trail,True,2026-07-06T23:32:53.824182,2026-07-06T23:33:38.492258,,0.1035,56.24,47.41,24.2073,24.1066,0.1007,23.955449590647266,14.215467061213511,0.073,0.0265,0.838,0.8451,1.5872,0.7905,0.892,50.3,39.2499,46.4,-0.0436,0.4683,-0.0718,BEARISH,STRONG_BEAR,0.0995,0.6034,0.6434,0.7898,22.5,67.5,259131513.3,14,1,40.619,41.6,53.3,0.1541,63.4,65.4
43,EPICUSDT,PASS:FLIP_SHORT_BTC1H_SLOPE,SHORT,SHORT,0.4031,1.5113,1.7613,-0.3225,trail,True,2026-07-06T23:31:52.987927,2026-07-06T23:35:33.874310,,0.5324,59.38,62.67,27.2844,26.4327,0.8517,24.92570446361034,11.105431964128973,0.1654,0.1685,0.1273,0.1275,0.8305,1.1633,0.4622,73.0,39.1682,45.7,-0.0449,0.4669,-0.084,BEARISH,STRONG_BEAR,0.2867,0.6603,0.5791,0.5685,25.0,70.0,102676315.04618,26,3,40.619,41.6,53.3,0.1531,63.2,65.4
44,BELUSDT,PASS:FLIP_SHORT_BTC1H_SLOPE,SHORT,SHORT,0.12891,1.0843,1.3343,0.0,trail,True,2026-07-06T23:31:52.977025,2026-07-06T23:36:46.110930,,0.5472,59.74,61.88,23.0378,24.232,-1.1942,19.690233017973828,16.938318483756,0.2193,0.2298,0.258,0.2587,0.71,-0.359,0.7095,94.0,39.1682,45.7,-0.0449,0.4669,-0.084,BEARISH,STRONG_BEAR,0.2747,-0.2836,0.5791,0.7442,25.0,70.0,134529173.4248,22,2,40.619,41.6,53.3,0.1531,63.2,65.4
41,BTCUSDT,SPIKE_REV_BTC,LONG,SHORT,64499.9,0.4521,0.5338,-0.0274,horizon,True,2026-07-06T21:55:49.942162,2026-07-06T22:40:50.742277,,,,,,,,,,,,,,,,,,,,,,,BULLISH,BULL_EXHAUSTED,,,,,,,,,,,,,,,
39,LITUSDT,PASS:FLIP_SHORT_BTC1H_SLOPE,SHORT,SHORT,2.5986,-0.7,0.2386,-0.7004,sl,True,2026-07-06T21:35:55.852220,2026-07-06T21:41:27.126886,,0.4712,54.67,50.71,21.3285,21.7788,-0.4504,23.91991117927508,17.50930220850195,0.2034,0.2224,0.1562,0.1565,0.9448,-0.2961,0.5834,84.1,38.9097,64.6,0.1207,0.3883,0.2205,BULLISH,STRONG_BULL,0.1698,-0.2575,0.4388,0.5396,75.0,17.5,265932200.69552,14,1,37.5225,66.6,78.5,0.2136,68.5,63.3
40,BTCUSDT,SPIKE_REV_BTC,LONG,SHORT,64351.6,-0.1217,0.3489,-0.52,horizon,True,2026-07-06T21:09:10.326490,2026-07-06T21:54:10.648335,,,,,,,,,,,,,,,,,,,,,,,BULLISH,HEALTHY_BULL,,,,,,,,,,,,,,,
37,FARTCOINUSDT,PASS:FLIP_SHORT_BTC1H_SLOPE,SHORT,SHORT,0.1653,-0.7,0.0,-0.8469,sl,True,2026-07-06T21:06:26.307586,2026-07-06T21:09:06.296483,,0.2456,58.15,54.47,27.3868,27.0868,0.3,27.478352731878008,14.381646442843174,0.1342,0.1054,0.1854,0.1857,0.4849,0.2005,0.4259,88.9,23.6581,56.1,0.0229,0.3261,0.0634,BULLISH,HEALTHY_BULL,0.119,0.0309,0.4651,0.6963,25.0,42.5,39919457.33469,50,3,23.6701,54.0,61.1,0.1277,63.6,63.3
35,BLURUSDT,PASS:FLIP_SHORT_REGIME,SHORT,SHORT,0.02005,-0.7,0.1995,-0.798,sl,True,2026-07-06T20:56:14.686347,2026-07-06T20:57:10.752850,,0.1766,54.72,48.93,15.7895,16.849,-1.0594,15.840547596781121,16.49259886867342,0.1166,0.0441,0.5269,0.5297,1.7132,2.0555,0.6913,72.5,23.6636,59.1,0.0418,0.3445,0.1142,BULLISH,HEALTHY_BULL,0.108,1.2189,0.3273,0.4962,37.5,35.0,73709200.41177,32,1,23.4802,61.3,54.1,0.1347,63.9,62.1
36,TRBUSDT,PASS:FLIP_SHORT_REGIME,SHORT,SHORT,17.952,0.3962,0.6462,-0.1225,trail,True,2026-07-06T20:53:11.217011,2026-07-06T21:03:03.058909,,0.085,55.94,43.79,19.5306,19.9342,-0.4036,24.72700868915022,18.54595506278876,0.1238,0.0374,0.381,0.3824,0.5918,-0.4457,0.5443,70.5,22.6684,57.2,0.0305,0.3386,0.0853,BULLISH,HEALTHY_BULL,0.0699,-0.3948,0.4151,0.9639,37.5,40.0,68171835.659,34,0,23.0048,54.5,45.4,0.1344,63.4,62.1
38,UNIUSDT,PASS:FLIP_SHORT_REGIME,SHORT,SHORT,3.208,-0.7,0.2805,-0.904,sl,True,2026-07-06T20:40:57.679756,2026-07-06T21:09:07.307931,,0.1098,61.02,59.09,15.7558,16.4689,-0.7131,20.795028667610875,18.2619851382966,0.0609,0.0339,0.1382,0.1384,0.2279,0.2199,0.2333,84.6,23.8442,61.1,0.0616,0.3435,0.1508,BULLISH,HEALTHY_BULL,0.0769,0.0924,0.4384,0.6547,45.0,40.0,47988253.461,45,0,23.3061,61.1,38.4,0.1361,63.8,62.1
33,BELUSDT,PASS:FLIP_SHORT_REGIME,SHORT,SHORT,0.12971,0.5826,0.8326,0.0,trail,True,2026-07-06T20:35:52.783849,2026-07-06T20:37:37.961378,,0.1446,53.16,45.8,20.0416,20.7486,-0.707,18.038335589123932,22.42910954958269,0.1682,0.0965,0.3082,0.3092,1.0033,-0.9715,0.5749,70.0,23.3682,60.3,0.0492,0.3422,0.1643,BULLISH,HEALTHY_BULL,0.0416,-0.7477,0.4263,0.4676,47.5,37.5,132708256.32213,22,0,22.7922,62.6,37.9,0.1445,63.7,62.1
34,1000BONKUSDT,PASS:FLIP_SHORT_REGIME,SHORT,SHORT,0.004431,1.1267,1.3767,-0.1354,trail,True,2026-07-06T20:34:51.820843,2026-07-06T20:49:01.075080,,0.5228,57.99,55.32,17.1341,17.5933,-0.4591,22.090486234280444,17.652957449230353,0.2297,0.2187,0.4297,0.4315,1.1967,-0.9229,0.8824,91.7,22.7698,62.0,0.0215,0.3442,0.2148,BULLISH,HEALTHY_BULL,0.2918,-0.6431,0.5897,0.5236,35.0,47.5,110378540.235471,25,1,22.2391,54.1,38.0,0.1516,63.9,62.1
32,BELUSDT,PASS:FLIP_SHORT_BTC1H_SLOPE,SHORT,SHORT,0.12966,0.5598,0.8098,-0.0308,trail,True,2026-07-06T20:25:42.672135,2026-07-06T20:28:17.211343,,0.1388,52.99,50.52,21.0109,22.2723,-1.2614,20.615842028828272,22.609489111060878,0.2296,0.0831,0.2735,0.2742,1.0058,-1.125,0.588,61.6,21.5184,43.9,-0.0328,0.311,-0.0694,BEARISH,HEALTHY_BEAR,0.1445,-0.951,0.4076,0.5362,30.0,62.5,132594095.97672,22,1,22.7824,45.4,47.6,0.1371,60.3,62.1
31,VANRYUSDT,PASS:FLIP_SHORT_BTC1H_SLOPE,SHORT,SHORT,0.007646,0.3385,0.5885,-0.1439,trail,True,2026-07-06T20:21:38.893191,2026-07-06T20:22:11.065087,,0.2378,56.25,47.47,17.5275,18.3743,-0.8468,23.310827412707923,20.457753335075655,0.3093,0.1192,1.4032,1.4231,2.0044,-1.9958,1.858,92.8,22.6978,43.8,-0.0461,0.3111,-0.0764,BEARISH,HEALTHY_BEAR,0.1783,-1.3915,0.4193,0.6886,27.5,62.5,675830748.795035,7,2,24.2231,40.9,56.5,0.1406,60.3,62.1
30,BLURUSDT,PASS:FLIP_SHORT_BTC1H_SLOPE,SHORT,SHORT,0.02007,0.8462,1.0962,-0.0498,trail,True,2026-07-06T20:17:34.968817,2026-07-06T20:19:06.477215,,0.1158,53.85,45.49,25.0812,26.1004,-1.0191,19.77914773032257,15.59358382307418,0.0966,0.0171,0.5932,0.5968,2.1078,2.9274,0.6767,57.6,24.2282,39.7,-0.061,0.3056,-0.1437,BEARISH,HEALTHY_BEAR,0.0727,1.7885,0.4893,0.9934,12.5,67.5,71698188.25455,32,2,25.5575,38.4,57.4,0.1476,59.6,62.1
29,1000BONKUSDT,PASS:FLIP_SHORT_BTC1H_SLOPE,SHORT,SHORT,0.00439,0.5928,0.8428,0.0,trail,True,2026-07-06T20:01:16.795777,2026-07-06T20:04:59.325600,,0.0501,51.03,47.73,21.4565,22.4953,-1.0387,18.76909790501541,22.012495555954604,0.0711,0.0764,0.2042,0.2046,1.505,-1.5736,0.3524,74.9,27.2402,43.6,-0.0116,0.3164,-0.142,NEUTRAL,CHOPPY_FLAT,0.0473,-0.8904,0.4331,0.2446,25.0,40.0,108995576.875981,25,0,28.8851,47.5,55.7,0.1599,61.1,62.1
28,PUMPUSDT,PASS:FLIP_SHORT_BTC1H_SLOPE,SHORT,SHORT,0.001653,0.234,0.484,0.0,trail,True,2026-07-06T19:49:56.184657,2026-07-06T19:52:06.620884,,0.2257,59.3,58.02,20.5677,20.597,-0.0293,24.500556548512563,16.270226159268482,0.0774,0.0839,0.0888,0.0889,0.4225,0.4916,0.2505,83.3,31.4688,60.4,0.0329,0.3548,0.108,BULLISH,STRONG_BULL,0.0971,0.2841,0.4716,0.6769,62.5,25.0,69918334.97436,33,2,31.5247,58.4,61.9,0.1603,63.8,61.7
27,USELESSUSDT,PASS:FLIP_SHORT_BTC1H_SLOPE,SHORT,SHORT,0.09608,-0.7,0.3018,-0.7702,sl,True,2026-07-06T18:51:44.896992,2026-07-06T19:04:14.803990,,0.2861,56.9,54.27,29.8659,30.4914,-0.6255,29.519132854594528,18.978610722598894,0.1131,0.0364,0.5156,0.5183,1.2542,1.325,0.6686,52.9,39.2954,60.0,0.0456,0.3874,0.0936,BULLISH,STRONG_BULL,0.1793,0.7715,0.7118,0.4314,62.5,27.5,40924715.49165,48,3,39.6246,57.9,62.0,0.1939,63.0,60.3
25,BTCUSDT,SPIKE_REV_BTC,LONG,SHORT,62858.6,-0.7,0.1312,-0.7498,sl,True,2026-07-06T15:44:08.624090,2026-07-06T15:51:04.029941,,,,,,,,,,,,,,,,,,,,,,,BULLISH,STRONG_BULL,,,,,,,,,,,,,,,
19,USELESSUSDT,PASS:LONG_UNMATCHED_ONLY,LONG,LONG,0.09186,0.4358,0.6858,0.0,trail,True,2026-07-06T15:44:05.359403,2026-07-06T15:44:19.689164,C6,0.389,62.88,56.17,20.731,20.4489,0.2822,26.230366245047744,15.940927729601876,0.0884,0.1248,0.4957,0.4982,0.7387,0.5537,0.7126,96.9,30.6848,69.7,0.1321,-0.2803,0.5726,BULLISH,STRONG_BULL,0.1425,0.3703,0.9745,0.7876,82.9,9.8,48400008.24057,38,4,29.5853,60.0,68.6,0.3122,48.9,34.5
24,USELESSUSDT,LONG_UNMATCHED_ONLY,LONG,SHORT,0.09186,-0.7,0.0653,-0.8709,sl,True,2026-07-06T15:44:05.359382,2026-07-06T15:50:51.910551,C6,0.389,62.88,56.17,20.731,20.4489,0.2822,26.230366245047744,15.940927729601876,0.0884,0.1248,0.4957,0.4982,0.7387,0.5537,0.7126,96.9,30.6848,69.7,0.1321,-0.2803,0.5726,BULLISH,STRONG_BULL,0.1425,0.3703,0.9745,0.7876,82.9,9.8,48400008.24057,38,4,29.5853,60.0,68.6,0.3122,48.9,34.5
22,TAOUSDT,PASS:LONG_UNMATCHED_ONLY,LONG,LONG,210.36,0.2206,0.4706,-0.0048,trail,True,2026-07-06T15:41:52.766350,2026-07-06T15:46:03.329678,W1+W2,0.2247,60.74,51.46,22.3367,21.5169,0.8197,30.07920559288638,15.15510965446117,0.0681,0.0861,0.2733,0.274,0.4098,-0.0274,0.4287,89.4,29.825,63.6,0.0986,-0.3111,0.2721,BULLISH,STRONG_BULL,0.0736,-0.0203,0.8499,0.5434,80.5,9.8,68505955.48,32,2,29.5853,60.0,68.6,0.2854,45.0,34.5
23,TAOUSDT,LONG_UNMATCHED_ONLY,LONG,SHORT,210.36,-0.7,0.0048,-0.7083,sl,True,2026-07-06T15:41:52.766321,2026-07-06T15:50:51.905568,W1+W2,0.2247,60.74,51.46,22.3367,21.5169,0.8197,30.07920559288638,15.15510965446117,0.0681,0.0861,0.2733,0.274,0.4098,-0.0274,0.4287,89.4,29.825,63.6,0.0986,-0.3111,0.2721,BULLISH,STRONG_BULL,0.0736,-0.0203,0.8499,0.5434,80.5,9.8,68505955.48,32,2,29.5853,60.0,68.6,0.2854,45.0,34.5
10,UNIUSDT,PASS:LONG_UNMATCHED_ONLY,LONG,LONG,3.159,0.3831,0.6331,-0.1266,trail,True,2026-07-06T15:35:15.070436,2026-07-06T15:42:20.044963,W2,0.4484,63.55,63.82,19.0622,18.7391,0.323,26.741461054772202,16.648284311895033,0.1069,0.161,0.1334,0.1336,0.4207,0.536,0.402,90.2,29.7779,60.1,0.1257,-0.3245,0.174,BULLISH,STRONG_BULL,0.2016,0.3474,1.1283,0.8182,82.9,14.6,41409476.935,44,3,29.4169,65.5,60.9,0.3033,43.1,34.5
13,UNIUSDT,LONG_UNMATCHED_ONLY,LONG,SHORT,3.159,-0.7,0.1266,-0.7597,sl,True,2026-07-06T15:35:15.070411,2026-07-06T15:43:45.464204,W2,0.4484,63.55,63.82,19.0622,18.7391,0.323,26.741461054772202,16.648284311895033,0.1069,0.161,0.1334,0.1336,0.4207,0.536,0.402,90.2,29.7779,60.1,0.1257,-0.3245,0.174,BULLISH,STRONG_BULL,0.2016,0.3474,1.1283,0.8182,82.9,14.6,41409476.935,44,3,29.4169,65.5,60.9,0.3033,43.1,34.5
26,LTCUSDT,PASS:LONG_UNMATCHED_ONLY,LONG,LONG,44.45,0.9873,1.2373,-0.1125,trail,True,2026-07-06T15:35:15.026267,2026-07-06T16:00:36.996470,W2,0.2513,60.25,60.2,19.6419,19.1651,0.4769,27.04919744889348,15.940295736010142,0.0631,0.0964,0.0156,0.0156,0.2659,0.1047,0.1752,79.5,29.7779,60.1,0.1257,-0.3245,0.174,BULLISH,STRONG_BULL,0.1001,0.0629,1.1283,0.8775,82.9,14.6,72289293.04,30,2,29.4169,65.5,60.9,0.3033,43.1,34.5
18,LTCUSDT,LONG_UNMATCHED_ONLY,LONG,SHORT,44.45,-0.7,0.1125,-0.7649,sl,True,2026-07-06T15:35:15.026243,2026-07-06T15:44:10.644770,W2,0.2513,60.25,60.2,19.6419,19.1651,0.4769,27.04919744889348,15.940295736010142,0.0631,0.0964,0.0156,0.0156,0.2659,0.1047,0.1752,79.5,29.7779,60.1,0.1257,-0.3245,0.174,BULLISH,STRONG_BULL,0.1001,0.0629,1.1283,0.8775,82.9,14.6,72289293.04,30,2,29.4169,65.5,60.9,0.3033,43.1,34.5
11,DOTUSDT,PASS:LONG_UNMATCHED_ONLY,LONG,LONG,0.868,0.326,0.576,-0.2304,trail,True,2026-07-06T15:33:02.079487,2026-07-06T15:42:57.213327,W2,0.3849,62.2,61.75,24.8814,23.9892,0.8922,23.98836305372227,11.164644319281361,0.0909,0.1405,0.0542,0.0542,0.3922,0.3619,0.2859,83.3,29.7779,61.2,0.1286,-0.3238,0.1997,BULLISH,STRONG_BULL,0.156,0.2315,1.0225,1.0327,80.5,14.6,40019714.28,46,4,29.4169,65.5,60.9,0.2998,43.1,34.5
16,DOTUSDT,LONG_UNMATCHED_ONLY,LONG,SHORT,0.868,-0.7,0.2304,-0.8065,sl,True,2026-07-06T15:33:02.079463,2026-07-06T15:44:04.599164,W2,0.3849,62.2,61.75,24.8814,23.9892,0.8922,23.98836305372227,11.164644319281361,0.0909,0.1405,0.0542,0.0542,0.3922,0.3619,0.2859,83.3,29.7779,61.2,0.1286,-0.3238,0.1997,BULLISH,STRONG_BULL,0.156,0.2315,1.0225,1.0327,80.5,14.6,40019714.28,46,4,29.4169,65.5,60.9,0.2998,43.1,34.5
20,ONDOUSDT,PASS:LONG_UNMATCHED_ONLY,LONG,LONG,0.3323,0.6528,0.9028,-0.3611,trail,True,2026-07-06T15:33:02.043397,2026-07-06T15:44:23.711245,W2+W4,0.3602,60.87,53.5,24.1787,23.4986,0.68,27.84492234197289,14.021107906235297,0.0673,0.1307,0.1577,0.158,0.4913,0.5102,0.3563,67.2,29.7779,61.2,0.1286,-0.3238,0.1997,BULLISH,STRONG_BULL,0.1104,0.3425,1.0225,0.8959,80.5,14.6,47156289.53804,41,3,29.4169,65.5,60.9,0.2998,43.1,34.5
15,ONDOUSDT,LONG_UNMATCHED_ONLY,LONG,SHORT,0.3323,-0.7,0.3611,-0.8125,sl,True,2026-07-06T15:33:02.043376,2026-07-06T15:44:03.590796,W2+W4,0.3602,60.87,53.5,24.1787,23.4986,0.68,27.84492234197289,14.021107906235297,0.0673,0.1307,0.1577,0.158,0.4913,0.5102,0.3563,67.2,29.7779,61.2,0.1286,-0.3238,0.1997,BULLISH,STRONG_BULL,0.1104,0.3425,1.0225,0.8959,80.5,14.6,47156289.53804,41,3,29.4169,65.5,60.9,0.2998,43.1,34.5
21,HYPEUSDT,PASS:LONG_UNMATCHED_ONLY,LONG,LONG,70.11,0.6343,0.8843,-0.1983,trail,True,2026-07-06T15:33:01.683609,2026-07-06T15:45:56.206063,W2+W4,0.3164,57.81,56.36,28.4742,28.0249,0.4493,27.980069253111967,13.68334950357063,0.0699,0.1204,0.0008,0.0008,0.4189,0.1747,0.1911,70.3,29.7779,61.2,0.1286,-0.3238,0.1997,BULLISH,STRONG_BULL,0.1198,0.1153,1.0225,0.6966,80.5,14.6,628094367.3783,6,3,29.4169,65.5,60.9,0.2998,43.1,34.5
12,HYPEUSDT,LONG_UNMATCHED_ONLY,LONG,SHORT,70.11,-0.7,0.1983,-0.7303,sl,True,2026-07-06T15:33:01.683589,2026-07-06T15:43:45.461465,W2+W4,0.3164,57.81,56.36,28.4742,28.0249,0.4493,27.980069253111967,13.68334950357063,0.0699,0.1204,0.0008,0.0008,0.4189,0.1747,0.1911,70.3,29.7779,61.2,0.1286,-0.3238,0.1997,BULLISH,STRONG_BULL,0.1198,0.1153,1.0225,0.6966,80.5,14.6,628094367.3783,6,3,29.4169,65.5,60.9,0.2998,43.1,34.5
9,SOLUSDT,PASS:LONG_UNMATCHED_ONLY,LONG,LONG,80.63,0.4569,0.7069,-0.2604,trail,True,2026-07-06T15:33:01.630100,2026-07-06T15:42:04.972266,W2,0.268,57.86,53.89,22.8743,22.2177,0.6566,27.86439464974824,14.544032507499344,0.0682,0.0988,0.0519,0.0519,0.3804,0.2206,0.2191,81.2,29.7779,61.2,0.1286,-0.3238,0.1997,BULLISH,STRONG_BULL,0.1025,0.1416,1.0225,0.7011,80.5,14.6,1667345509.4747,3,4,29.4169,65.5,60.9,0.2998,43.1,34.5
8,SOLUSDT,LONG_UNMATCHED_ONLY,LONG,SHORT,80.63,-0.7,0.2604,-0.7069,sl,True,2026-07-06T15:33:01.630080,2026-07-06T15:41:44.836007,W2,0.268,57.86,53.89,22.8743,22.2177,0.6566,27.86439464974824,14.544032507499344,0.0682,0.0988,0.0519,0.0519,0.3804,0.2206,0.2191,81.2,29.7779,61.2,0.1286,-0.3238,0.1997,BULLISH,STRONG_BULL,0.1025,0.1416,1.0225,0.7011,80.5,14.6,1667345509.4747,3,4,29.4169,65.5,60.9,0.2998,43.1,34.5
14,BTCUSDT,SPIKE_REV_BTC,LONG,SHORT,62375.0,-0.7,0.2099,-0.7957,sl,True,2026-07-06T15:12:06.433839,2026-07-06T15:44:03.588091,,,,,,,,,,,,,,,,,,,,,,,BULLISH,HEALTHY_BULL,,,,,,,,,,,,,,,
17,TAOUSDT,PASS:FLIP_SHORT_REGIME,SHORT,SHORT,209.79,-0.7,0.3718,-0.7436,sl,True,2026-07-06T15:07:33.097491,2026-07-06T15:44:10.641847,,0.1458,59.86,48.55,20.1035,20.3652,-0.2617,25.041246045904096,17.87367982330968,0.0691,0.0597,0.2769,0.2776,0.4251,-0.2411,0.4068,77.2,24.5989,64.6,0.1116,-0.3322,0.4548,BULLISH,HEALTHY_BULL,0.0699,-0.1495,1.0402,0.6913,87.8,7.3,68913217.55,32,0,23.9127,60.9,57.8,0.3113,41.9,34.5
1,HMSTRUSDT,PASS:FLIP_SHORT_REGIME,SHORT,SHORT,0.0003147,-0.7,0.2224,-0.7309,sl,True,2026-07-06T15:01:59.092024,2026-07-06T15:03:09.609426,,0.5699,56.33,49.88,24.6166,25.3525,-0.7359,29.45453900509738,21.748743610979844,0.1193,0.1162,1.0367,1.0476,2.0824,1.6872,1.2857,55.2,23.5132,57.2,0.0544,-0.3651,0.2032,BULLISH,HEALTHY_BULL,0.3759,1.4327,1.0083,0.8032,82.9,7.3,73559320.1344758,31,1,23.5297,54.5,54.4,0.3094,36.4,34.5
2,BELUSDT,PASS:FLIP_SHORT_REGIME,SHORT,SHORT,0.13181,-0.7,0.0,-0.7511,sl,True,2026-07-06T15:01:59.069895,2026-07-06T15:04:11.314206,,0.3223,55.44,43.88,16.6418,17.6359,-0.9942,17.40443875974782,18.748405673653274,0.1615,0.1476,0.7634,0.7693,1.6207,-0.0554,1.081,94.4,23.5132,57.2,0.0544,-0.3651,0.2032,BULLISH,HEALTHY_BULL,0.0742,0.0431,1.0083,0.7083,82.9,7.3,116500023.96969,22,1,23.5297,54.5,54.4,0.3094,36.4,34.5
5,1000PEPEUSDT,PASS:LONG_UNMATCHED_ONLY,LONG,LONG,0.0026669,0.7774,1.0274,0.0,trail,True,2026-07-06T15:01:59.060258,2026-07-06T15:10:09.105166,W6,0.3443,59.47,58.56,27.2173,27.3108,-0.0934,27.219958669346468,15.985349115415081,0.0924,0.1429,0.1269,0.1271,0.4693,-0.0421,0.3628,76.4,23.5132,57.2,0.0544,-0.3651,0.2032,BULLISH,HEALTHY_BULL,0.1509,0.0006,1.0083,0.364,82.9,7.3,168959649.2256004,17,5,23.5297,54.5,54.4,0.3094,36.4,34.5
3,1000PEPEUSDT,LONG_UNMATCHED_ONLY,LONG,SHORT,0.0026669,-0.7,0.0,-0.7124,sl,True,2026-07-06T15:01:59.060241,2026-07-06T15:09:08.146453,W6,0.3443,59.47,58.56,27.2173,27.3108,-0.0934,27.219958669346468,15.985349115415081,0.0924,0.1429,0.1269,0.1271,0.4693,-0.0421,0.3628,76.4,23.5132,57.2,0.0544,-0.3651,0.2032,BULLISH,HEALTHY_BULL,0.1509,0.0006,1.0083,0.364,82.9,7.3,168959649.2256004,17,5,23.5297,54.5,54.4,0.3094,36.4,34.5
7,DOGEUSDT,PASS:FLIP_SHORT_REGIME,SHORT,SHORT,0.07564,-0.7,0.0925,-0.7007,sl,True,2026-07-06T15:01:59.033589,2026-07-06T15:41:43.828801,,0.1675,57.75,53.68,24.5685,25.1469,-0.5784,23.417605142927925,16.595436347649837,0.0697,0.0809,0.1631,0.1634,0.3806,-0.3822,0.3144,83.5,23.5132,57.2,0.0544,-0.3651,0.2032,BULLISH,HEALTHY_BULL,0.0814,-0.2293,1.0083,0.4912,82.9,7.3,325248449.39586,12,0,23.5297,54.5,54.4,0.3094,36.4,34.5
4,XRPUSDT,PASS:LONG_UNMATCHED_ONLY,LONG,LONG,1.1239,0.275,0.525,-0.0356,trail,True,2026-07-06T15:01:59.029927,2026-07-06T15:10:09.102405,W6,0.2089,59.72,57.42,23.996,24.4114,-0.4154,24.31193480548647,16.687720678080513,0.0763,0.0948,0.1198,0.12,0.3353,-0.2822,0.2913,85.4,23.5132,57.2,0.0544,-0.3651,0.2032,BULLISH,HEALTHY_BULL,0.0959,-0.174,1.0083,0.4514,82.9,7.3,544833869.8902,8,4,23.5297,54.5,54.4,0.3094,36.4,34.5
6,XRPUSDT,LONG_UNMATCHED_ONLY,LONG,SHORT,1.1239,-0.7,0.0356,-0.7207,sl,True,2026-07-06T15:01:59.029911,2026-07-06T15:41:32.737502,W6,0.2089,59.72,57.42,23.996,24.4114,-0.4154,24.31193480548647,16.687720678080513,0.0763,0.0948,0.1198,0.12,0.3353,-0.2822,0.2913,85.4,23.5132,57.2,0.0544,-0.3651,0.2032,BULLISH,HEALTHY_BULL,0.0959,-0.174,1.0083,0.4514,82.9,7.3,544833869.8902,8,4,23.5297,54.5,54.4,0.3094,36.4,34.5
