variant,scenario,seed,end,ret,daily_cal,daily_trade,trade_days,mdd,worst_day,worst_day_date,H1_ret,H2_ret,H1_usd,H2_usd
F0,ALL 7,1,634.1529339628044,-78.86156886790651,-0.567641919150641,-0.5697228818428157,272,-98.98358663294081,-41.32372812808293,2026-08-24,-98.5936208655889,1403.039302481186,-2957.808625967667,591.9615599304715
F0,ALL 7,2,65.02630311017415,-97.8324565629942,-1.3937043373769997,-1.398792245970315,272,-98.71667147130802,-47.031736361161045,2026-08-15,-97.33722472769195,-18.59833386814441,-2920.1167418307587,-14.85695505906726
F0,ALL 7,3,327.57717577701305,-89.0807608074329,-0.8079433184516427,-0.8109016222434873,272,-99.02898210288087,-61.68726260216475,2026-09-04,-93.90473163064516,79.142878227737,-2817.141948919355,144.71912469636803
F0,without BULLRUN,1,266.1422056718052,-91.12859314427317,-0.8833779403431885,-0.8866112134045756,272,-98.98358663294081,-40.2498051872017,2026-02-17,-98.5936208655889,530.7976731638323,-2957.808625967667,223.9508316394723
F0,without BULLRUN,2,67.10359510261803,-97.76321349657941,-1.3823456214879126,-1.3873923559266643,272,-98.71667147130802,-47.031736361161045,2026-08-15,-97.33722472769195,-15.997924170228849,-2920.1167418307587,-12.779663066623385
F0,without BULLRUN,3,107.50735375730989,-96.416421541423,-1.211939833343767,-1.2163682855274693,272,-99.02898210288087,-60.927546968316705,2026-09-04,-93.90473163064516,-41.20720792879039,-2817.141948919355,-75.35069732333514
F0,without LITE,1,24.39617959634402,-99.1867940134552,-1.7471725551355677,-3.2641192519503703,145,-99.2162816672461,-40.12321903098515,2026-02-17,-99.0015449495204,-18.553570723671886,-2970.046348485612,-5.557471918044239
F0,without LITE,2,25.985203270235928,-99.1338265576588,-1.7244599500093938,-1.8098980359877226,260,-99.19082552774677,-42.67776767032457,2026-08-15,-98.21262634466231,-51.539319170643516,-2946.3787903398693,-27.636006389894618
F0,without LITE,3,24.56256578877463,-99.18124780704085,-1.7447262733170654,-3.03326506592535,156,-99.30602603192918,-33.76816769673928,2026-03-22,-96.43110451157597,-77.05866715304963,-2892.933135347279,-82.50429886394663
F0,without MOM_LONG,1,37126.79375328464,1137.5597917761547,0.9257705741430255,0.9648257216462675,262,-82.22555830404967,-34.606803263965915,2026-04-15,-69.20023610916826,3918.0820741438956,-2076.007083275048,36202.80083655969
F0,without MOM_LONG,2,10341.489630291442,244.71632100971473,0.45434464673868025,0.46987000199760764,264,-77.24581608454886,-29.978044806068247,2026-06-08,-55.74063101826185,678.8550287554892,-1672.2189305478555,9013.708560839297
F0,without MOM_LONG,3,18768.616476663035,525.6205492221012,0.6738993241517166,0.704992167942109,261,-91.46273457785657,-32.07904554025384,2026-05-14,-42.181908581154616,982.0498115200404,-1265.4572574346384,17034.073734097674
—,without SPIKE_FADE,1,2128.092136634025,-29.06359544553251,-0.12570349861475982,-0.127571502835222,269,-89.39368449770562,-41.32372812808291,2026-08-24,-84.62967989207158,361.51546653785414,-2538.8903967621472,1666.9825333961721
—,without SPIKE_FADE,2,744.1438002785544,-75.19520665738152,-0.509369817756089,-0.5169244799331896,269,-90.85933943438236,-38.91514917227711,2026-08-24,-83.44561083512826,49.838167362007056,-2503.368325053848,247.5121253324022
—,without SPIKE_FADE,3,3550.943599774894,18.364786659163144,0.06177771276154598,0.06316641433643522,267,-82.09816899578544,-40.59896891359224,2026-08-24,-74.0149138963499,355.51046545324533,-2220.447416890497,2771.3910166653914
—,5-sleeve (without MOM_LONG and SPIKE_FADE),1,31849.481099021465,961.6493699673821,0.8691061962647684,1.0060476501388527,236,-48.627162858189024,-20.533008467046276,2026-05-14,87.78380503880656,465.35725737796525,2633.514151164197,26215.96694785727
—,5-sleeve (without MOM_LONG and SPIKE_FADE),2,19323.51943616767,544.1173145389223,0.6846446565298425,0.7890506023106703,237,-48.62716285818901,-20.533008467046255,2026-05-14,91.63732457868683,236.11266278894743,2749.1197373606046,13574.399698807065
—,5-sleeve (without MOM_LONG and SPIKE_FADE),3,38396.85899934383,1179.8952999781277,0.9382065585404886,1.0860943608001605,236,-48.62716285818901,-20.533008467046265,2026-05-14,93.86866240308431,560.186790434969,2816.059872092529,32580.7991272513
F0,ALL 7 without heat re-admits,1,782.0544219788341,-73.93151926737221,-0.49125940431200554,-0.4930610451508777,272,-98.94971160537955,-41.32372812808291,2026-08-24,-98.30367921740171,1436.7659820036,-2949.1103765220514,731.1647985008852
F0,ALL 7 without heat re-admits,2,66.86963090820498,-97.77101230305983,-1.3836073068490107,-1.388658615003291,272,-98.8416978795198,-47.032346353883305,2026-08-15,-96.89286862831705,-28.262199749447745,-2906.7860588495114,-26.34431024228381
F0,ALL 7 without heat re-admits,3,328.3450705388979,-89.05516431537008,-0.8070925808100093,-0.8100477823421492,272,-99.03234957960096,-61.68657244647885,2026-09-04,-93.93916385199725,80.58293306999627,-2818.1749155599177,146.51998609881568
F1,ALL 7,1,9960.296969628096,232.0098989876032,0.4405259362903369,0.4421490921632909,272,-98.07060833949753,-39.71675770186811,2026-02-17,-97.51560961800864,13263.83772028132,-2925.468288540259,9885.765258168356
F1,ALL 7,2,500.7144758776331,-83.30951747074556,-0.6536534286723961,-0.6560486661381204,272,-97.63123783543372,-38.91514917227711,2026-08-24,-94.93871779677264,229.76787025650646,-2848.161533903179,348.8760097808124
F1,ALL 7,3,9468.099255242096,215.6033085080699,0.4218822582355619,0.42343657516341615,272,-98.20316660643891,-33.43216610939413,2026-05-14,-87.90125793178419,2508.562995463638,-2637.0377379535253,9105.136993195621
F1,without BULLRUN,1,2291.4335410018434,-23.618881966605223,-0.09864533051388014,-0.09900781757683497,272,-98.07060833949753,-39.7790081722593,2026-09-07,-97.51560961800864,2974.4410615601987,-2925.468288540259,2216.9018295421024
F1,without BULLRUN,2,516.6801186714424,-82.77732937761859,-0.6422305161227992,-0.6445840315820073,272,-97.63123783543372,-36.29625762757149,2026-08-25,-94.93871779677264,240.28275703337147,-2848.161533903179,364.8416525746218
F1,without BULLRUN,3,1065.8822418367547,-64.47059193877485,-0.37833358383498883,-0.37972187194859064,272,-98.20316660643891,-42.33874881361349,2026-09-04,-87.90125793178419,193.6620010650795,-2637.0377379535253,702.9199797902802
F1,without LITE,1,2327.7217213788863,-22.40927595403712,-0.09289539743936315,-0.09462770026226197,268,-98.86280383005251,-39.66109934248963,2026-02-17,-98.40520666645291,4765.252595042397,-2952.1561999935875,2279.877921372474
F1,without LITE,2,114.45342982368012,-96.184885672544,-1.189281564554645,-1.2158438680185402,267,-98.5513426125172,-43.80944991900976,2026-08-15,-96.75522416399086,17.577130756383585,-2902.656724919726,17.110154743405943
F1,without LITE,3,1650.241387604525,-44.99195374651583,-0.21869484178661525,-0.22194319828025,269,-99.02885143536625,-37.9083502647271,2026-09-04,-93.26425282335066,716.6584168149786,-2797.9275847005197,1448.1689723050447
F1,without MOM_LONG,1,44256.51958465157,1375.2173194883858,0.9907328739298782,1.0325425548521006,262,-74.3120627422716,-31.662382628232233,2026-05-14,-32.98704734234788,2101.3913146385325,-989.6114202704362,42246.131004922005
F1,without MOM_LONG,2,21177.237843000123,605.907928100004,0.7184346117200757,0.7430174701827941,264,-52.41190339478714,-25.704699775406027,2026-05-14,6.213449551615757,564.6125618554166,186.40348654847276,17990.83435645165
F1,without MOM_LONG,3,42538.848940877346,1317.9616313625781,0.9760902997240306,1.021196400466784,261,-72.30978718485147,-26.70097210689677,2026-05-14,30.5564260785822,986.0910289541044,916.6927823574661,38622.15615851988
F1,ALL 7 without heat re-admits,1,10475.80890534498,249.19363017816602,0.45909325489073005,0.46078498045460936,272,-98.07045966131358,-39.739038173363625,2026-02-17,-96.92909052765079,11271.016740230923,-2907.8727158295237,10383.681621174504
F1,ALL 7 without heat re-admits,2,510.1414941972193,-82.99528352675935,-0.6468655863262174,-0.6492360318899104,272,-97.81666561666596,-38.91514917227713,2026-08-24,-94.06298493575954,186.41861759224122,-2821.889548072786,332.0310422700054
F1,ALL 7 without heat re-admits,3,9415.309385575125,213.8436461858375,0.4198255978244303,0.4213723216287546,272,-98.21167424492128,-33.43216610939413,2026-05-14,-87.9726343927393,2509.4130371855967,-2639.1790317821788,9054.488417357305
F2,ALL 7,1,24.267795655229428,-99.19107347815903,-1.7490714999211732,-3.22390611890907,147,-99.21606230278309,-40.59639431627227,2026-02-17,-98.97759415936055,-20.880095781235887,-2969.3278247808166,-6.404379563953999
F2,ALL 7,2,24.285119214923593,-99.19049602616921,-1.7488146813490757,-1.8783954031035943,254,-99.23268922056278,-44.460965735702175,2026-08-15,-98.34369109622399,-51.12602655306001,-2950.31073288672,-25.404147898356495
F2,ALL 7,3,24.816886733260787,-99.17277044222465,-1.741018859115595,-2.989125842132001,158,-99.28553439760246,-32.08919654635044,2026-03-22,-96.40582424768304,-76.98416508313231,-2892.174727430491,-83.00838583624811
F2,without BULLRUN,1,24.267795655229428,-99.19107347815903,-1.7490714999211732,-3.22390611890907,147,-99.21606230278309,-40.59639431627227,2026-02-17,-98.97759415936055,-20.880095781235887,-2969.3278247808166,-6.404379563953999
F2,without BULLRUN,2,24.420068014091562,-99.18599773286361,-1.7468203171321472,-1.8762546796028845,254,-99.2284790243107,-44.460965735702175,2026-08-15,-98.34369109622399,-50.85444114436337,-2950.31073288672,-25.269199099188526
F2,without BULLRUN,3,24.816886733260787,-99.17277044222465,-1.741018859115595,-2.989125842132001,158,-99.28553439760246,-32.08919654635044,2026-03-22,-96.40582424768304,-76.98416508313231,-2892.174727430491,-83.00838583624811
F2,without LITE,1,24.358132941071737,-99.18806223529761,-1.747734268424883,-3.9971577223814725,118,-99.21314408125022,-40.41854639420149,2026-02-17,-99.18806223529761,0.0,-2975.6418670589283,0.0
F2,without LITE,2,24.305630209245063,-99.18981232635849,-1.7485108455368992,-3.2445930168301884,146,-99.2260613331164,-31.43022977058495,2026-03-19,-98.87782821233523,-27.801814076301334,-2966.3348463700568,-9.359523420697972
F2,without LITE,3,24.886745158175387,-99.17044182806082,-1.740007110095776,-3.0835067003037953,153,-99.28352320892374,-34.361766338509334,2026-03-22,-97.80318366280764,-62.238164479448656,-2934.095509884229,-41.01774495759541
F2,without MOM_LONG,1,14882.862253537382,396.09540845124604,0.5883902176145206,0.613169209321085,262,-93.47525223478208,-35.474359394705424,2026-04-15,-89.32541655091035,4547.4451281146185,-2679.7624965273108,14562.624750064691
F2,without MOM_LONG,2,489.6966368169911,-83.67677877276695,-0.6617499858566855,-0.6842322905071807,264,-91.87109170192402,-38.91514917227708,2026-08-24,-81.6761482844098,-10.918176589777694,-2450.2844485322944,-60.01891465071441
F2,without MOM_LONG,3,6236.541979337377,107.88473264457923,0.2684231904697576,0.28078179680228743,261,-96.3432359583387,-32.39423773300527,2026-05-14,-71.52890448469091,630.1606379452394,-2145.8671345407274,5382.409113878104
F2,ALL 7 without heat re-admits,1,24.371176829642142,-99.18762743901193,-1.7475415926211713,-3.221107493627229,147,-99.27089817870272,-40.801179808165834,2026-02-17,-98.91145641616384,-25.370690429759936,-2967.343692484915,-8.28513068544257
F2,ALL 7 without heat re-admits,2,24.01830307946019,-99.19938989735132,-1.7527905768830898,-1.8826630657450827,254,-99.34927409724388,-44.68286578658227,2026-08-15,-98.09300197743647,-58.01725575087722,-2942.7900593230943,-33.19163759744553
F2,ALL 7 without heat re-admits,3,24.756475472410603,-99.17478415091965,-1.7418960768571412,-2.990622283540223,158,-99.28727360721157,-32.08919654635044,2026-03-22,-96.42486521897756,-76.91790940412172,-2892.745956569327,-82.49756795826252
F1,SENS ML mean set to +0.00,1,36098.778732219296,1103.2926244073099,0.9153902167311712,0.9187710350786027,272,-93.49764202157134,-37.92344443175676,2026-02-17,-91.18678937545687,13553.283413610541,-2735.6036812637058,35834.382413483
F1,SENS ML mean set to +0.00,2,11468.548219541315,282.28494065137716,0.492415749972297,0.49423056831237044,272,-93.96197189438966,-34.57451968005688,2026-06-01,-85.14975631842745,2474.267122133147,-2554.4926895528233,11023.04090909414
F1,SENS ML mean set to +0.00,3,22738.027197583615,657.9342399194538,0.7446734514792386,0.7474214275123625,272,-94.30979146365482,-32.638889571180584,2026-05-14,-60.914558391964334,1839.1727680099398,-1827.43675175893,21565.463949342546
F1,SENS ML mean set to +0.05,1,70395.64971189624,2246.521657063208,1.1625737957040805,1.1668728048688015,272,-74.97371119882558,-36.452877279744314,2026-02-17,-60.79237896985927,5884.8610943758285,-1823.771369095778,69219.42108099202
F1,SENS ML mean set to +0.05,2,23571.143330251198,685.70477767504,0.757953616356688,0.7607507833251592,272,-86.87724520836905,-29.350817937956574,2026-02-26,-54.12051590771879,1612.540568448169,-1623.6154772315638,22194.75880748276
F1,SENS ML mean set to +0.05,3,47870.68713853008,1495.689571284336,1.0197767540949476,1.0235450555961423,272,-78.4230703954913,-27.612774762223914,2026-05-14,24.684866968868956,1179.7780597405972,740.546009066069,44130.141129464006
F1,SENS ML mean set to +0.10,1,118517.246132072,3850.574871069067,1.355792214760787,1.360810507445942,272,-68.31093901503019,-34.9539052378997,2026-02-17,144.48100449834254,1515.9025848144572,4334.430134950276,111182.81599712172
F1,SENS ML mean set to +0.10,2,53911.14274659778,1697.0380915532594,1.063759098343331,1.0676907816540293,272,-75.64814286889533,-27.789838110191532,2026-01-22,95.59330063490843,818.7625985756969,2867.799019047253,48043.34372755053
F1,SENS ML mean set to +0.10,3,95596.4521512469,3086.548405041563,1.2760299581986434,1.28075115945816,272,-53.386247504990415,-26.263381817996212,2026-01-22,301.59602799032285,693.4710960633178,9047.880839709685,83548.5713115372
F1,SENS ML mean set to +0.20,1,226391.35116223863,7446.3783720746205,1.5963635054671022,1.6022792590206336,272,-53.0602964893327,-27.797564397604525,2026-02-17,982.4614061016616,597.149878003677,29473.84218304985,193917.50897918877
F1,SENS ML mean set to +0.20,2,137986.35139410442,4499.545046470148,1.4122762261445043,1.417505045602807,272,-61.58629756476033,-25.188926408691014,2026-01-22,755.6079739209222,437.5762249377132,22668.239217627666,112318.11217647676
F1,SENS ML mean set to +0.20,3,173960.4791432586,5698.682638108619,1.4983732775897929,1.5039232206402575,272,-41.91149496550379,-23.891481648254608,2026-01-22,972.8524328476194,440.4920994323014,29185.572985428582,141774.90615783
