side,th,entry,exit,hold,fills,days,per_day,per_trade,wr,scratch,n_paired,ci95,bonf_lo,train,test,paired_vs_ctrl,paired_ci95,paired_train,paired_test,top3_day_share,max_pair_share,median_peak,PASS
LONG,12.0,NEXT,WIDE,240,1557,238,0.005,-0.011,64,0,1375,"[-0.27,+0.28]",-0.448,0.327,-0.19,-0.056,"[-0.39,+0.27]",0.465,-0.372,0.16,0.05,2.78,
LONG,12.0,NEXT,WIDE,480,1557,238,0.005,-0.011,64,0,1375,"[-0.27,+0.28]",-0.448,0.327,-0.19,-0.043,"[-0.37,+0.29]",0.481,-0.362,0.16,0.05,2.78,
LONG,12.0,NEXT,BR2ATR,240,1557,238,-0.002,0.027,47,0,1375,"[-0.12,+0.12]",-0.196,-0.033,0.016,-0.052,"[-0.19,+0.09]",0.044,-0.111,0.15,0.1,0.87,
LONG,12.0,NEXT,BR2ATR,480,1557,238,-0.002,0.027,47,0,1375,"[-0.12,+0.12]",-0.196,-0.033,0.016,-0.048,"[-0.19,+0.09]",0.054,-0.11,0.15,0.1,0.87,
LONG,12.0,NEXT,SURGE,240,1557,238,-0.009,0.025,47,0,1375,"[-0.13,+0.11]",-0.198,-0.064,0.025,-0.023,"[-0.16,+0.11]",0.016,-0.047,0.15,0.1,0.87,
LONG,12.0,NEXT,SURGE,480,1557,238,-0.009,0.025,47,0,1375,"[-0.13,+0.11]",-0.198,-0.064,0.025,-0.02,"[-0.16,+0.12]",0.028,-0.049,0.15,0.1,0.87,
LONG,8.0,NEXT,SURGE,240,2188,242,-0.035,-0.018,48,0,1947,"[-0.13,+0.06]",-0.182,-0.022,-0.043,0.039,"[-0.08,+0.15]",0.109,-0.005,0.15,0.09,0.92,
LONG,8.0,NEXT,SURGE,480,2188,242,-0.035,-0.018,48,0,1947,"[-0.13,+0.06]",-0.182,-0.022,-0.043,0.042,"[-0.07,+0.16]",0.117,-0.004,0.15,0.09,0.92,
LONG,8.0,NEXT,BR2ATR,240,2188,242,-0.042,-0.012,48,0,1947,"[-0.14,+0.05]",-0.193,-0.042,-0.043,0.004,"[-0.11,+0.12]",0.082,-0.043,0.14,0.08,0.92,
LONG,8.0,NEXT,BR2ATR,480,2188,242,-0.042,-0.012,48,0,1947,"[-0.14,+0.05]",-0.193,-0.042,-0.043,0.007,"[-0.11,+0.12]",0.089,-0.042,0.14,0.08,0.92,
LONG,12.0,NEXT,MOMENTUM,240,1557,238,-0.052,-0.037,50,0,1375,"[-0.13,+0.03]",-0.182,-0.069,-0.042,0.083,"[-0.01,+0.17]",0.027,0.116,0.19,0.06,0.41,
LONG,12.0,NEXT,MOMENTUM,480,1557,238,-0.052,-0.037,50,0,1375,"[-0.13,+0.03]",-0.182,-0.069,-0.042,0.083,"[-0.01,+0.17]",0.028,0.116,0.19,0.06,0.41,
LONG,8.0,NEXT,MOMENTUM,240,2188,242,-0.076,-0.053,52,0,1947,"[-0.13,-0.02]",-0.166,-0.07,-0.08,0.067,"[-0.00,+0.14]",0.074,0.063,0.15,0.05,0.43,
LONG,8.0,NEXT,MOMENTUM,480,2188,242,-0.076,-0.053,52,0,1947,"[-0.13,-0.02]",-0.166,-0.07,-0.08,0.067,"[-0.00,+0.14]",0.074,0.063,0.15,0.05,0.43,
LONG,8.0,NEXT,WIDE,480,2188,242,-0.093,-0.122,63,0,1947,"[-0.32,+0.13]",-0.456,0.134,-0.232,-0.033,"[-0.30,+0.23]",0.364,-0.276,0.2,0.05,2.19,
LONG,8.0,NEXT,WIDE,240,2188,242,-0.098,-0.128,63,0,1947,"[-0.32,+0.13]",-0.462,0.121,-0.232,-0.051,"[-0.32,+0.22]",0.336,-0.288,0.2,0.05,2.19,
LONG,12.0,PULLBACK,SURGE,240,836,226,-0.103,-0.091,47,0,655,"[-0.24,+0.03]",-0.321,-0.15,-0.076,-0.049,"[-0.22,+0.12]",-0.087,-0.028,0.15,0.05,0.78,
LONG,12.0,PULLBACK,SURGE,480,836,226,-0.103,-0.091,47,0,655,"[-0.24,+0.03]",-0.321,-0.15,-0.076,-0.047,"[-0.22,+0.12]",-0.085,-0.025,0.15,0.05,0.78,
LONG,12.0,PULLBACK,BR2ATR,240,836,226,-0.107,-0.093,47,0,655,"[-0.25,+0.03]",-0.334,-0.177,-0.066,-0.091,"[-0.27,+0.09]",-0.137,-0.065,0.15,0.05,0.78,
LONG,12.0,PULLBACK,BR2ATR,480,836,226,-0.107,-0.093,47,0,655,"[-0.25,+0.03]",-0.334,-0.177,-0.066,-0.088,"[-0.27,+0.09]",-0.134,-0.061,0.15,0.05,0.78,
LONG,8.0,PULLBACK,SURGE,240,1166,238,-0.119,-0.114,48,0,914,"[-0.23,-0.01]",-0.292,-0.102,-0.128,-0.036,"[-0.19,+0.12]",0.157,-0.149,0.15,0.04,0.86,
LONG,8.0,PULLBACK,SURGE,480,1166,238,-0.119,-0.114,48,0,914,"[-0.23,-0.01]",-0.292,-0.102,-0.128,-0.033,"[-0.19,+0.12]",0.16,-0.146,0.15,0.04,0.86,
LONG,8.0,PULLBACK,MOMENTUM,240,1166,238,-0.152,-0.154,42,0,914,"[-0.23,-0.08]",-0.272,-0.138,-0.161,-0.04,"[-0.14,+0.06]",0.071,-0.104,0.26,0.08,0.04,
LONG,8.0,PULLBACK,MOMENTUM,480,1166,238,-0.152,-0.154,42,0,914,"[-0.23,-0.08]",-0.272,-0.138,-0.161,-0.04,"[-0.14,+0.06]",0.071,-0.104,0.26,0.08,0.04,
LONG,8.0,PULLBACK,BR2ATR,240,1166,238,-0.163,-0.148,48,0,914,"[-0.27,-0.06]",-0.334,-0.12,-0.189,-0.08,"[-0.24,+0.08]",0.126,-0.201,0.16,0.05,0.86,
LONG,8.0,PULLBACK,BR2ATR,480,1166,238,-0.163,-0.148,48,0,914,"[-0.27,-0.06]",-0.334,-0.12,-0.189,-0.078,"[-0.24,+0.08]",0.128,-0.199,0.16,0.05,0.86,
LONG,12.0,PULLBACK,MOMENTUM,240,836,226,-0.182,-0.171,39,0,655,"[-0.27,-0.09]",-0.332,-0.284,-0.124,-0.096,"[-0.21,+0.02]",-0.196,-0.039,0.25,0.1,0.0,
LONG,12.0,PULLBACK,MOMENTUM,480,836,226,-0.182,-0.171,39,0,655,"[-0.27,-0.09]",-0.332,-0.284,-0.124,-0.094,"[-0.21,+0.02]",-0.196,-0.036,0.25,0.1,0.0,
LONG,12.0,PULLBACK,WIDE,240,836,226,-0.381,-0.38,63,0,655,"[-0.67,-0.09]",-0.853,-0.355,-0.396,-0.678,"[-1.12,-0.24]",-0.886,-0.56,0.15,0.08,2.71,
LONG,12.0,PULLBACK,WIDE,480,836,226,-0.387,-0.385,63,0,655,"[-0.67,-0.10]",-0.855,-0.355,-0.405,-0.683,"[-1.12,-0.24]",-0.888,-0.566,0.15,0.08,2.71,
LONG,8.0,PULLBACK,WIDE,480,1166,238,-0.432,-0.404,62,0,914,"[-0.66,-0.20]",-0.81,-0.179,-0.581,-0.531,"[-0.89,-0.17]",-0.473,-0.565,0.16,0.09,2.27,
LONG,8.0,PULLBACK,WIDE,240,1166,238,-0.435,-0.412,62,0,914,"[-0.67,-0.20]",-0.814,-0.181,-0.584,-0.549,"[-0.91,-0.19]",-0.485,-0.586,0.16,0.09,2.27,
SHORT,12.0,PULLBACK,WIDE,240,196,135,0.331,0.301,64,0,123,"[-0.50,+1.16]",-1.024,0.546,0.237,0.785,"[-0.42,+1.99]",-0.237,1.214,0.15,0.09,3.54,
SHORT,12.0,PULLBACK,WIDE,480,196,135,0.173,0.147,64,0,123,"[-0.61,+0.96]",-1.11,0.536,0.015,0.518,"[-0.61,+1.64]",-0.237,0.835,0.15,0.09,3.54,
SHORT,8.0,PULLBACK,WIDE,240,312,170,0.115,0.01,63,0,211,"[-0.43,+0.66]",-0.772,0.2,0.071,0.462,"[-0.33,+1.25]",0.222,0.57,0.16,0.07,2.88,
SHORT,8.0,PULLBACK,WIDE,480,312,170,0.026,-0.071,63,0,211,"[-0.50,+0.55]",-0.83,0.172,-0.048,0.328,"[-0.43,+1.09]",0.176,0.397,0.17,0.07,2.88,
SHORT,12.0,NEXT,SURGE,240,528,210,0.023,-0.035,50,0,384,"[-0.19,+0.24]",-0.322,0.182,-0.065,0.148,"[-0.13,+0.43]",0.342,0.026,0.21,0.1,1.0,
SHORT,12.0,NEXT,SURGE,480,528,210,0.023,-0.035,50,0,384,"[-0.19,+0.24]",-0.322,0.182,-0.065,0.15,"[-0.13,+0.43]",0.345,0.029,0.21,0.1,1.0,
SHORT,12.0,NEXT,BR2ATR,240,528,210,0.022,-0.038,50,0,384,"[-0.19,+0.24]",-0.328,0.184,-0.068,0.182,"[-0.10,+0.47]",0.382,0.057,0.21,0.1,1.0,
SHORT,12.0,NEXT,BR2ATR,480,528,210,0.022,-0.038,50,0,384,"[-0.19,+0.24]",-0.328,0.184,-0.068,0.176,"[-0.11,+0.46]",0.384,0.045,0.21,0.1,1.0,
SHORT,12.0,NEXT,MOMENTUM,240,528,210,-0.006,-0.057,52,0,384,"[-0.16,+0.15]",-0.257,-0.035,0.01,0.119,"[-0.10,+0.34]",0.03,0.175,0.32,0.2,0.46,
SHORT,12.0,NEXT,MOMENTUM,480,528,210,-0.006,-0.057,52,0,384,"[-0.16,+0.15]",-0.257,-0.035,0.01,0.12,"[-0.10,+0.34]",0.032,0.175,0.32,0.2,0.46,
SHORT,12.0,PULLBACK,BR2ATR,240,196,135,-0.041,0.016,45,0,123,"[-0.36,+0.27]",-0.554,-0.258,0.053,0.223,"[-0.21,+0.65]",-0.131,0.371,0.29,0.11,0.62,
SHORT,12.0,PULLBACK,BR2ATR,480,196,135,-0.041,0.016,45,0,123,"[-0.36,+0.27]",-0.554,-0.258,0.053,0.224,"[-0.21,+0.66]",-0.127,0.371,0.29,0.11,0.62,
SHORT,8.0,NEXT,SURGE,240,824,228,-0.061,-0.077,49,0,630,"[-0.23,+0.11]",-0.339,-0.001,-0.095,0.027,"[-0.23,+0.28]",0.123,-0.03,0.24,0.08,0.98,
SHORT,8.0,NEXT,SURGE,480,824,228,-0.061,-0.077,49,0,630,"[-0.23,+0.11]",-0.339,-0.001,-0.095,0.032,"[-0.23,+0.29]",0.129,-0.027,0.24,0.08,0.98,
SHORT,8.0,NEXT,MOMENTUM,240,824,228,-0.062,-0.122,51,0,630,"[-0.18,+0.06]",-0.255,-0.129,-0.024,-0.05,"[-0.25,+0.15]",0.039,-0.103,0.35,0.1,0.42,
SHORT,8.0,NEXT,MOMENTUM,480,824,228,-0.062,-0.122,51,0,630,"[-0.18,+0.06]",-0.255,-0.129,-0.024,-0.049,"[-0.25,+0.15]",0.04,-0.103,0.35,0.1,0.42,
SHORT,12.0,PULLBACK,SURGE,240,196,135,-0.071,0.001,45,0,123,"[-0.37,+0.23]",-0.555,-0.365,0.057,0.15,"[-0.29,+0.59]",-0.244,0.316,0.28,0.11,0.62,
SHORT,12.0,PULLBACK,SURGE,480,196,135,-0.071,0.001,45,0,123,"[-0.37,+0.23]",-0.555,-0.365,0.057,0.152,"[-0.29,+0.59]",-0.24,0.316,0.28,0.11,0.62,
SHORT,8.0,NEXT,BR2ATR,240,824,228,-0.084,-0.08,49,0,630,"[-0.25,+0.09]",-0.362,-0.069,-0.092,0.008,"[-0.25,+0.26]",0.044,-0.014,0.24,0.08,0.98,
SHORT,8.0,NEXT,BR2ATR,480,824,228,-0.084,-0.08,49,0,630,"[-0.25,+0.09]",-0.362,-0.069,-0.092,0.01,"[-0.24,+0.27]",0.052,-0.015,0.24,0.08,0.98,
SHORT,8.0,PULLBACK,MOMENTUM,240,312,170,-0.105,-0.065,42,0,211,"[-0.25,+0.04]",-0.336,-0.256,-0.03,0.08,"[-0.14,+0.30]",-0.091,0.158,0.24,0.1,0.0,
SHORT,8.0,PULLBACK,MOMENTUM,480,312,170,-0.105,-0.065,42,0,211,"[-0.25,+0.04]",-0.336,-0.256,-0.03,0.08,"[-0.14,+0.30]",-0.091,0.158,0.24,0.1,0.0,
SHORT,8.0,PULLBACK,SURGE,240,312,170,-0.157,-0.045,47,0,211,"[-0.35,+0.04]",-0.478,-0.38,-0.044,0.24,"[-0.08,+0.56]",-0.022,0.359,0.2,0.13,0.81,
SHORT,8.0,PULLBACK,SURGE,480,312,170,-0.157,-0.045,47,0,211,"[-0.35,+0.04]",-0.478,-0.38,-0.044,0.238,"[-0.08,+0.56]",-0.02,0.355,0.2,0.13,0.81,
SHORT,12.0,PULLBACK,MOMENTUM,240,196,135,-0.157,-0.062,41,0,123,"[-0.32,+0.01]",-0.422,-0.324,-0.084,0.037,"[-0.26,+0.33]",-0.305,0.181,0.31,0.22,0.0,
SHORT,12.0,PULLBACK,MOMENTUM,480,196,135,-0.157,-0.062,41,0,123,"[-0.32,+0.01]",-0.422,-0.324,-0.084,0.037,"[-0.26,+0.33]",-0.305,0.181,0.31,0.22,0.0,
SHORT,8.0,PULLBACK,BR2ATR,240,312,170,-0.177,-0.033,47,0,211,"[-0.38,+0.02]",-0.501,-0.445,-0.041,0.19,"[-0.16,+0.54]",-0.149,0.344,0.21,0.18,0.81,
SHORT,8.0,PULLBACK,BR2ATR,480,312,170,-0.177,-0.033,47,0,211,"[-0.38,+0.02]",-0.501,-0.445,-0.041,0.189,"[-0.16,+0.54]",-0.146,0.34,0.21,0.18,0.81,
SHORT,12.0,NEXT,WIDE,240,528,210,-0.181,-0.193,59,0,384,"[-0.84,+0.48]",-1.25,-0.486,-0.011,-0.114,"[-0.98,+0.75]",-0.754,0.287,0.2,0.11,3.43,
SHORT,8.0,NEXT,WIDE,240,824,228,-0.185,-0.055,63,0,630,"[-0.62,+0.25]",-0.897,-0.142,-0.21,-0.076,"[-0.60,+0.45]",-0.11,-0.055,0.15,0.08,2.61,
SHORT,12.0,NEXT,WIDE,480,528,210,-0.211,-0.224,59,0,384,"[-0.87,+0.44]",-1.276,-0.552,-0.021,-0.193,"[-1.06,+0.67]",-0.889,0.243,0.2,0.11,3.43,
SHORT,8.0,NEXT,WIDE,480,824,228,-0.223,-0.08,63,0,630,"[-0.66,+0.21]",-0.925,-0.236,-0.216,-0.114,"[-0.64,+0.41]",-0.211,-0.056,0.15,0.09,2.62,
