opened_at,pair,brsi,band,pct_traded,pct,usd,stack_block_reason,close_reason,src
2026-09-26T05:23:28,2ZUSDT,47.96159855942993,"(45,50]",0.5176632360384784,0.5176632360384784,151.41649654125493,CF_FADE_CAP05,RUNNER_TRAIL,BASELINE13_batch0926-0928_orders.csv
2026-09-26T17:44:36,BEAMXUSDT,48.33058651932692,"(45,50]",0.3189032697547636,0.3189032697547636,49.37731196890053,CF_FADE_CAP05,RUNNER_TRAIL,BASELINE13_batch0926-0928_orders.csv
2026-09-27T03:31:28,1000RATSUSDT,39.41017814311592,<=45,0.3964424635332296,0.3964424635332296,53.29201002676693,CF_FADE_CAP05,RUNNER_TRAIL,BASELINE13_batch0926-0928_orders.csv
2026-09-27T05:03:02,1000LUNCUSDT,39.02060508432019,<=45,0.2819144981412672,0.2819144981412672,62.13285072373866,CF_FADE_CAP05,RUNNER_TRAIL,BASELINE13_batch0926-0928_orders.csv
2026-10-01T13:03:36,DYDXUSDT,36.1455180667579,<=45,0.7513034337771595,0.7513034337771595,219.75625437981915,CF_FADE_CAP05,RUNNER_TRAIL,BASELINE15_batch0930-1001_orders.csv
2026-10-02T05:59:05,PARTIUSDT,44.06848547868787,<=45,0.5566104129263899,0.5566104129263899,71.21344232963047,CF_FADE_CAP05,RUNNER_TRAIL,scalpars_orders_paper_2026-10-03_21-46-25.csv
2026-10-02T06:44:34,AZTECUSDT,44.28818355062164,<=45,0.2374795417348475,0.2374795417348475,36.087538537200174,CF_FADE_CAP05,RUNNER_TRAIL,scalpars_orders_paper_2026-10-03_21-46-25.csv
2026-10-03T04:19:58,RESOLVUSDT,44.66725475865296,<=45,0.287172478793592,0.287172478793592,83.99795004712566,,RUNNER_TRAIL,scalpars_orders_paper_2026-10-03_21-46-25.csv
2026-10-03T15:36:50,INITUSDT,47.86210593203161,"(45,50]",0.570631840796015,0.570631840796015,166.90981343283437,,RUNNER_TRAIL,scalpars_orders_paper_2026-10-03_21-46-25.csv
2026-10-05T00:14:35,ZRXUSDT,44.73100180150461,<=45,0.3004957064793134,0.3004957064793134,40.74630212357068,CF_FADE_CAP05,RUNNER_TRAIL,scalpars_orders_paper_2026-10-06_13-24-14.csv
2026-10-05T23:51:10,VTHOUSDT,37.720667939603786,<=45,0.3576286353467508,0.3576286353467508,92.37183705468459,CF_FADE_CAP05,RUNNER_TRAIL,scalpars_orders_paper_2026-10-06_13-24-14.csv
2026-10-06T12:26:45,ORDIUSDT,45.168694096533784,"(45,50]",0.2697218697123406,0.2697218697123406,78.89364689085961,,RUNNER_TRAIL,scalpars_orders_paper_2026-10-06_13-24-14.csv
2026-10-07T11:06:01,KOMAUSDT,45.1232498607369,"(45,50]",-1.4969911855006413,-1.4999727449930345,-266.13,CF_FADE_SL15,STOP_LOSS L1,scalpars_orders_paper_2026-10-08_17-57-27.csv
2026-10-07T13:33:13,FLOWUSDT,40.83028697192702,<=45,0.2916083916083981,0.2916083916083981,85.29545454545644,,RUNNER_TRAIL,scalpars_orders_paper_2026-10-08_17-57-27.csv
2026-10-07T21:24:42,BRETTUSDT,48.62815602142605,"(45,50]",0.4959150805270847,0.4959150805270847,53.32993691099406,CF_FADE_CAP05,RUNNER_TRAIL,scalpars_orders_paper_2026-10-08_17-57-27.csv
2026-10-08T02:26:37,TURTLEUSDT,44.50776171821365,<=45,0.2913962354062435,0.2913962354062435,33.216828861019,CF_FADE_CAP05,RUNNER_TRAIL,scalpars_orders_paper_2026-10-08_17-57-27.csv
