cohort,cut,N,N_per_seed,WR,avg_pct,med_pct,sum_pct_per_seed,usd_per_seed,days,windows,day_ci_lo,day_ci_hi,P_mean_lt0_day,win_ci_lo,win_ci_hi,P_mean_lt0_win,top_window_loss_share,top_pair_loss_share,top_pair,pairs,stale_1m_share,artefact_share,avg_tick_true,avg_tick_false,n_class_era_brsi,n_stale_artefact,band_flips_at_45,avg_win,avg_loss,breakeven_WR,sum_pct_traded
a_yr5|FULL,<=45,872.0,290.6666666666667,76.60550458715596,-0.012219672639984202,0.29316161976873695,-3.5518515140220743,-808.9577486880125,173.0,306.0,-0.09445022877978085,0.0653627465664748,0.611,-0.09080045949810286,0.067840196321813,0.614,0.03150236397780212,0.050351341933064744,CCUSDT,223.0,,,,,,,,,,,
a_yr5|FULL,"(45,50]",311.0,103.66666666666667,75.56270096463022,-0.0011886165457298324,0.2880064519902,-0.1232199152406593,226.1644954718419,111.0,153.0,-0.12784855207563023,0.12129928206925505,0.5108,-0.13134463615410333,0.12513635504300413,0.5038,0.051147800240884105,0.07814269786139179,AGTUSDT,118.0,,,,,,,,,,,
a_yr5|FULL|fine,<=40,471.0,157.0,76.43312101910828,-0.02850082728891833,0.297024216368027,-4.474629884360177,-244.21414283578733,122.0,182.0,-0.13795856233956702,0.07449203308123434,0.6974,-0.13917175537981533,0.07731556742995262,0.6887,0.05303966823016834,0.059078709883233514,CCUSDT,155.0,,,,,,,,,,,
a_yr5|FULL|fine,"(40,45]",401.0,133.66666666666666,76.80798004987531,0.00690357883045962,0.2900356308936113,0.9227783703381025,-564.7436058522252,128.0,179.0,-0.10202009902342322,0.10591326895113481,0.4493,-0.10056620813788351,0.11095801608776837,0.4326,0.044413718068824104,0.057705851694508224,BTRUSDT,154.0,,,,,,,,,,,
a_yr5|FULL|fine,"(45,47.5]",167.0,55.666666666666664,77.24550898203593,0.03062324888134339,0.2880064519902,1.7046941877281154,125.4836821413791,78.0,96.0,-0.11740329118648728,0.18740991363478063,0.3408,-0.13727356758324827,0.1933302992277842,0.355,0.09686158198863196,0.1399964447314182,ALCHUSDT,78.0,,,,,,,,,,,
a_yr5|FULL|fine,"(47.5,50]",144.0,48.0,73.61111111111111,-0.0380815438118495,0.28251932429986204,-1.8279141029687758,100.68081333046251,70.0,87.0,-0.24352239516644028,0.1533155346468507,0.6499,-0.24411501824651682,0.15956770422554648,0.6455,0.08856943048485201,0.1251399123398428,ORCAUSDT,75.0,,,,,,,,,,,
a_yr5|H1 Jan04-May20,<=45,355.0,118.33333333333333,71.26760563380282,-0.10777365134285781,0.2716622770077984,-12.753215408904842,-3094.792542546717,82.0,126.0,-0.22605026863739885,0.005225339396853443,0.9684,-0.23398234951305508,0.014122294863793622,0.9581,0.04767435651964206,0.09327869071507325,CCUSDT,113.0,,,,,,,,,,,
a_yr5|H1 Jan04-May20,"(45,50]",113.0,37.666666666666664,74.33628318584071,-0.039829845392491105,0.274681207596107,-1.5002575097838315,-203.79061139398536,50.0,61.0,-0.25204200649779945,0.14248452663392377,0.6492,-0.241846812279609,0.15358723636891208,0.6513,0.1271896877554208,0.18979520011501388,AGTUSDT,56.0,,,,,,,,,,,
a_yr5|H1 Jan04-May20|fine,<=40,197.0,65.66666666666667,75.1269035532995,-0.06652289415500513,0.2752023017537926,-4.36833671617867,-1026.139012813632,56.0,77.0,-0.23295477309485468,0.08341081245115099,0.7917,-0.2337031850413896,0.09055994830868222,0.7839,0.0783668927265667,0.11544668590631152,CCUSDT,76.0,,,,,,,,,,,
a_yr5|H1 Jan04-May20|fine,"(40,45]",158.0,52.666666666666664,66.45569620253164,-0.159206557456826,0.261520502057087,-8.384878692726168,-2068.653529733085,58.0,70.0,-0.31889413905834807,-0.0042436427031883025,0.9781,-0.32423455045106725,0.0038272336732309673,0.9723,0.08588973242781169,0.10453685664611605,BTRUSDT,67.0,,,,,,,,,,,
a_yr5|H1 Jan04-May20|fine,"(45,47.5]",60.0,20.0,76.66666666666667,-0.06478747515505706,0.2720493812697845,-1.2957495031011412,-287.61666473167037,34.0,38.0,-0.3049630437707501,0.1367486283000977,0.7153,-0.31573156627796434,0.16239344281008364,0.7074,0.1588944158976274,0.17637735717973496,COSUSDT,33.0,,,,,,,,,,,
a_yr5|H1 Jan04-May20|fine,"(47.5,50]",53.0,17.666666666666668,71.69811320754717,-0.011575924906567394,0.274681207596107,-0.20450800668269062,83.82605333768481,27.0,31.0,-0.3635564846274243,0.27937301008350085,0.5185,-0.3605380967312792,0.3032585344615326,0.5182,0.2367096473552301,0.23904631921142575,AGTUSDT,32.0,,,,,,,,,,,
a_yr5|H2 May20-Oct04,<=45,517.0,172.33333333333334,80.27079303675049,0.05339282724303343,0.3053665485120461,9.201363894882762,2285.834793858705,91.0,180.0,-0.060414025989016594,0.15345180755627144,0.1692,-0.04769672212470288,0.15079057117970593,0.1467,0.06038625083076018,0.06748603966160588,TACUSDT,154.0,,,,,,,,,,,
a_yr5|H2 May20-Oct04,"(45,50]",198.0,66.0,76.26262626262627,0.020864205977926875,0.2955268211334261,1.3770375945431736,429.95510686582725,61.0,92.0,-0.1471149332701629,0.18619135243058724,0.4094,-0.154905274457168,0.18881792801736497,0.3939,0.08249624064947045,0.08484619530426989,SOLVUSDT,80.0,,,,,,,,,,,
a_yr5|H2 May20-Oct04|fine,<=40,274.0,91.33333333333333,77.37226277372264,-0.0011637938122063029,0.304382777535427,-0.10629316818150898,781.9248699778451,66.0,105.0,-0.1516710781182519,0.13910691580779283,0.5021,-0.15344781532435786,0.14061531863902627,0.4953,0.09394976879433996,0.10390465787263581,TACUSDT,97.0,,,,,,,,,,,
a_yr5|H2 May20-Oct04|fine,"(40,45]",243.0,81.0,83.53909465020575,0.1149093464575836,0.3061061388483923,9.307657063064271,1503.9099238808603,70.0,109.0,-0.01854236362986273,0.22713630685268274,0.0439,-0.019069699295978747,0.23638867535323427,0.0448,0.0899442302374879,0.0942059487704203,COMPUSDT,105.0,,,,,,,,,,,
a_yr5|H2 May20-Oct04|fine,"(45,47.5]",107.0,35.666666666666664,77.57009345794393,0.08412458946250258,0.2955268211334261,3.000443690829259,413.1003468730496,44.0,58.0,-0.11164800240072792,0.3051320550219053,0.207,-0.13500257952579556,0.30099040870956506,0.2155,0.16317938313290314,0.17779158317245172,ACTUSDT,49.0,,,,,,,,,,,
a_yr5|H2 May20-Oct04|fine,"(47.5,50]",91.0,30.333333333333332,74.72527472527473,-0.05351888229514567,0.2905029521483874,-1.6234060962860852,16.854759992777684,43.0,56.0,-0.3166771191449849,0.18332307954957267,0.655,-0.3066342184413209,0.19516487955067083,0.65,0.13701304402709427,0.1441684517657273,SOLVUSDT,52.0,,,,,,,,,,,
a_yr5|45-RULE ERA Aug05-Sep24,<=45,109.0,36.333333333333336,68.80733944954129,-0.16616453115537388,0.2942186909105939,-6.037311298645251,-1284.9743881894822,31.0,43.0,-0.4290445048274168,0.11114773129040004,0.8709,-0.43142217048661613,0.10940839147645495,0.8755,0.16104681283033534,0.15598848213150196,TACUSDT,44.0,,,,,,,,,,,
a_yr5|45-RULE ERA Aug05-Sep24,"(45,50]",39.0,13.0,66.66666666666666,-0.1717870284899653,0.2612882450871416,-2.2332313703695488,-350.33278218236825,18.0,22.0,-0.5101644878012147,0.25979496960167603,0.7998,-0.5905060025960188,0.2455346328433679,0.7798,0.24471499620080006,0.24879388570774186,ALCHUSDT,21.0,,,,,,,,,,,
a_yr5|45-RULE ERA Aug05-Sep24|fine,<=40,58.0,19.333333333333332,65.51724137931035,-0.30376809225106444,0.2415483896675552,-5.872849783520579,-1031.864837836699,21.0,25.0,-0.7052429072514235,0.11053374236225796,0.9202,-0.7014976325626556,0.11581028606404287,0.9207,0.2288132173820246,0.24251661154390428,TACUSDT,25.0,,,,,,,,,,,
a_yr5|45-RULE ERA Aug05-Sep24|fine,"(40,45]",51.0,17.0,72.54901960784314,-0.009674206772039534,0.3723678019039053,-0.16446151512467208,-253.1095503527829,22.0,25.0,-0.32683147350317726,0.3207803645697765,0.5157,-0.31355988211446384,0.30557691139540866,0.4941,0.30198873315805397,0.26451332873738953,COMPUSDT,26.0,,,,,,,,,,,
a_yr5|45-RULE ERA Aug05-Sep24|fine,"(45,47.5]",23.0,7.666666666666667,73.91304347826086,-0.023836337726750766,0.3018775911402081,-0.1827452559050892,-53.77803852494213,12.0,14.0,-0.3457708599206713,0.5598656252097607,0.5062,-0.48815533026538344,0.45769725227540936,0.5072,0.5784845976644659,0.6018079724439179,ALCHUSDT,13.0,,,,,,,,,,,
a_yr5|45-RULE ERA Aug05-Sep24|fine,"(47.5,50]",16.0,5.333333333333333,56.25,-0.38446614646208616,0.2507521849703027,-2.0504861144644595,-296.5547436574262,10.0,10.0,-1.027738523317052,0.3205903277538869,0.8469,-1.0226935111758566,0.30375996181554266,0.8547,0.42303429836307116,0.42303429836307116,MINAUSDT,10.0,,,,,,,,,,,
a_yr5|POST-RAISE Sep24-Oct04,<=45,7.0,2.3333333333333335,100.0,0.4625949115935614,0.2766666666666835,1.0793881270516434,132.34726248839516,2.0,2.0,0.3006218513201684,0.6785589919580852,0.0,0.3006218513201684,0.6785589919580852,0.0,0.0,0.0,,3.0,,,,,,,,,,,
a_yr5|POST-RAISE Sep24-Oct04,"(45,50]",10.0,3.3333333333333335,50.0,-0.6071321730858894,-0.6591370708495972,-2.0237739102862977,-330.32282087832147,3.0,5.0,-1.6690170519306546,0.43940788267921005,0.8444,-1.4508120548031995,0.4240321267908229,0.8496,0.5881827505592021,0.5881827505592021,SOLVUSDT,5.0,,,,,,,,,,,
a_yr5|POST-RAISE Sep24-Oct04|fine,<=40,2.0,0.6666666666666666,100.0,0.9039261603375616,0.9039261603375616,0.602617440225041,73.66767815649807,1.0,1.0,,,,,,,0.0,0.0,,1.0,,,,,,,,,,,
a_yr5|POST-RAISE Sep24-Oct04|fine,"(40,45]",5.0,1.6666666666666667,100.0,0.2860624120959612,0.252602351137235,0.476770686826602,58.67958433189708,2.0,2.0,0.2278246551991327,0.3006218513201684,0.0,0.2278246551991327,0.3006218513201684,0.0,0.0,0.0,,3.0,,,,,,,,,,,
a_yr5|POST-RAISE Sep24-Oct04|fine,"(45,47.5]",1.0,0.3333333333333333,100.0,0.2766666666666835,0.2766666666666835,0.09222222222222783,12.442921645414634,1.0,1.0,,,,,,,0.0,0.0,,1.0,,,,,,,,,,,
a_yr5|POST-RAISE Sep24-Oct04|fine,"(47.5,50]",9.0,3.0,44.44444444444444,-0.7053320441695087,-1.5705813953488352,-2.115996132508526,-342.76574252373615,3.0,4.0,-1.6690170519306546,0.43940788267921005,0.8505,-1.6211239856484838,0.43940788267921005,0.9222,0.5881827505592021,0.5881827505592021,SOLVUSDT,4.0,,,,,,,,,,,
a_yr5|month,2026-01 <=45,71.0,23.666666666666668,77.46478873239437,0.0558987648893649,,,102.65167608930767,16.0,,,,,,,,,,,,,,,,,,,,,,
a_yr5|month,"2026-01 (45,50]",15.0,5.0,93.33333333333333,0.2736552555829777,,,210.1631047260793,9.0,,,,,,,,,,,,,,,,,,,,,,
a_yr5|month,2026-02 <=45,60.0,20.0,68.33333333333333,-0.2423908959431706,,,-1261.5328656940137,17.0,,,,,,,,,,,,,,,,,,,,,,
a_yr5|month,"2026-02 (45,50]",32.0,10.666666666666666,68.75,0.05156475326754751,,,69.38113069954699,12.0,,,,,,,,,,,,,,,,,,,,,,
a_yr5|month,2026-03 <=45,96.0,32.0,70.83333333333334,-0.06306201570098612,,,-352.88314641597816,18.0,,,,,,,,,,,,,,,,,,,,,,
a_yr5|month,"2026-03 (45,50]",20.0,6.666666666666667,65.0,-0.30052265443559406,,,-443.9735984451066,12.0,,,,,,,,,,,,,,,,,,,,,,
a_yr5|month,2026-04 <=45,79.0,26.333333333333332,68.35443037974683,-0.1622597393164343,,,-689.5947078675443,19.0,,,,,,,,,,,,,,,,,,,,,,
a_yr5|month,"2026-04 (45,50]",36.0,12.0,72.22222222222221,-0.15282546839039768,,,-28.33004181077824,13.0,,,,,,,,,,,,,,,,,,,,,,
a_yr5|month,2026-05 <=45,82.0,27.333333333333332,71.95121951219512,-0.13555728001817283,,,-1112.5352250883197,17.0,,,,,,,,,,,,,,,,,,,,,,
a_yr5|month,"2026-05 (45,50]",31.0,10.333333333333334,70.96774193548387,0.08438711939304266,,,-274.73565842729516,11.0,,,,,,,,,,,,,,,,,,,,,,
a_yr5|month,2026-06 <=45,255.0,85.0,83.13725490196079,0.06919324550694116,,,1931.6553739811382,29.0,,,,,,,,,,,,,,,,,,,,,,
a_yr5|month,"2026-06 (45,50]",82.0,27.333333333333332,86.58536585365853,0.19830362766103896,,,1591.8252334144297,20.0,,,,,,,,,,,,,,,,,,,,,,
a_yr5|month,2026-07 <=45,106.0,35.333333333333336,85.84905660377359,0.22741267447516617,,,1497.285391031063,22.0,,,,,,,,,,,,,,,,,,,,,,
a_yr5|month,"2026-07 (45,50]",44.0,14.666666666666666,79.54545454545455,0.011363478444154786,,,-171.95858354864416,12.0,,,,,,,,,,,,,,,,,,,,,,
a_yr5|month,2026-08 <=45,66.0,22.0,77.27272727272727,-0.008320168120061922,,,122.00899924178566,20.0,,,,,,,,,,,,,,,,,,,,,,
a_yr5|month,"2026-08 (45,50]",13.0,4.333333333333333,69.23076923076923,-0.07436054438778433,,,-133.41611790921107,9.0,,,,,,,,,,,,,,,,,,,,,,
a_yr5|month,2026-09 <=45,53.0,17.666666666666668,62.264150943396224,-0.23577586086475355,,,-1095.4092639357098,14.0,,,,,,,,,,,,,,,,,,,,,,
a_yr5|month,"2026-09 (45,50]",32.0,10.666666666666666,68.75,-0.16230130048679264,,,-102.80110068375143,11.0,,,,,,,,,,,,,,,,,,,,,,
a_yr5|month,2026-10 <=45,4.0,1.3333333333333333,100.0,0.3006218513201684,,,49.39601997025869,1.0,,,,,,,,,,,,,,,,,,,,,,
a_yr5|month,"2026-10 (45,50]",6.0,2.0,16.666666666666664,-1.3048255435959557,,,-489.9898725434275,2.0,,,,,,,,,,,,,,,,,,,,,,
a_yr5|seed,s1 <=45,301.0,,76.0797342192691,0.003792084897541175,,,554.0814940648224,,,,,,,,,,,,,,,,,,,,,,,
a_yr5|seed,"s1 (45,50]",107.0,,75.70093457943925,0.025278408653293144,,,1372.7591875785467,,,,,,,,,,,,,,,,,,,,,,,
a_yr5|seed,s2 <=45,295.0,,75.59322033898304,-0.027022378482840635,,,-1513.06730802914,,,,,,,,,,,,,,,,,,,,,,,
a_yr5|seed,"s2 (45,50]",100.0,,75.0,-0.015301369338629946,,,-148.7457941417746,,,,,,,,,,,,,,,,,,,,,,,
a_yr5|seed,s3 <=45,276.0,,78.26086956521739,-0.013860037839812081,,,-1467.8874320997197,,,,,,,,,,,,,,,,,,,,,,,
a_yr5|seed,"s3 (45,50]",104.0,,75.96153846153845,-0.014849159016936052,,,-545.5199070212468,,,,,,,,,,,,,,,,,,,,,,,
a_yr5|FULL|diff,"(45,50] minus <=45",,,,0.011031056094254369,,,,,,-0.14373082829740277,0.16198785767170318,0.445,,,,,,,,,,,,,,,,,,
a_yr5|H1 Jan04-May20|diff,"(45,50] minus <=45",,,,0.0679438059503667,,,,,,-0.1769577423175491,0.28198377985489054,0.2781,,,,,,,,,,,,,,,,,,
a_yr5|H2 May20-Oct04|diff,"(45,50] minus <=45",,,,-0.032528621265106555,,,,,,-0.2351395249255724,0.17223902754725395,0.6122,,,,,,,,,,,,,,,,,,
a_yr5|45-RULE ERA Aug05-Sep24|diff,"(45,50] minus <=45",,,,-0.005622497334591414,,,,,,-0.4129114309266913,0.4810619550190554,0.5011,,,,,,,,,,,,,,,,,,
a_yr5|POST-RAISE Sep24-Oct04|diff,"(45,50] minus <=45",,,,-1.0697270846794509,,,,,,-2.34757604388874,-0.23915110927887517,0.9816,,,,,,,,,,,,,,,,,,
a_trace|replay window fades,"(45,50]",51.0,17.0,,-0.2742996461606724,,,,,,,,,,,,,,,,0.4117647058823529,0.1568627450980392,-0.26121988615237407,-0.3446033562052765,22.0,1.0,,,,,
a_trace|replay window fades,<=45,127.0,42.333333333333336,,-0.09199750958143761,,,,,,,,,,,,,,,,0.7244094488188977,0.2992125984251969,-0.21173742706112536,0.1884459813578312,0.0,6.0,,,,,
"a_trace|live fades the replay missed (A+B, stale data)",<=45,20.0,,75.0,0.29027069801294303,,,,,,,,,,,,,,,,,,,,,,,,,,
a_parity|bRSI live stamp vs replay stamp (matched +-10 min),all,78.0,,,0.15038106578289762,0.3524495410062283,,,,,,,,,,,,,,,,,,,,,6.0,,,,
b_master|breakeven,kept fades today's stack,68.0,,88.23529411764706,0.36233434623182037,,,,,,,,,,,,,,,,,,,,,,,0.5896655793104677,-1.3426499018580333,69.48399031850184,
a_yr5|breakeven,all yr5 fades,1183.0,,76.33136094674556,,,,,,,,,,,,,,,,,,,,,,,,0.4382666643619753,-1.4527857578808998,76.82419275071334,
b_master|kept|all eras,<=45,61.0,61.0,88.52459016393442,0.3814807567335205,0.3857868568958169,23.27032616074475,5283.644649967399,36.0,53.0,0.19270055825450572,0.5976578706743407,0.0,0.17053146874420383,0.5857020543735031,0.0003,0.16938947018518047,0.17570641008120547,BELUSDT,52.0,,,,,,,,,,,
b_master|kept|all eras,"(45,50]",7.0,7.0,85.71428571428571,0.19548705471700542,0.4959150805270847,1.368409383019038,416.55543023495454,5.0,7.0,-0.2338636639757274,0.5614873082920088,0.2069,-0.3885473119716463,0.555496528605592,0.2611,1.0,1.0,KOMAUSDT,7.0,,,,,,,,,,,
b_master|kept|all eras,>50,0.0,,,,,,,,,,,,,,,,,,,,,,,,,,,,,
b_master|kept|all eras|fine,<=40,29.0,29.0,89.65517241379311,0.5400497781648882,0.3964424635332296,15.661443566781758,3810.6143719933075,21.0,27.0,0.23048148470078253,0.8980765502067781,0.0002,0.22441282684087982,0.8820970354845362,0.0002,0.4627959074252463,0.5208084227364571,FORMUSDT,26.0,,,,,,,,,,,
b_master|kept|all eras|fine,"(40,45]",32.0,32.0,87.5,0.23777758106134358,0.3856603388683819,7.608882593962995,1473.0302779740907,24.0,28.0,-0.028386988500003034,0.4607801156452998,0.0391,-0.019322445420575256,0.4566918744152188,0.0348,0.2671812939940453,0.26516493328315854,BELUSDT,30.0,,,,,,,,,,,
b_master|kept|all eras|fine,"(45,47.5]",3.0,3.0,66.66666666666666,-0.1782346813657679,0.2697218697123406,-0.5347040440973037,-4.478128619029349,3.0,3.0,-1.4999727449930347,0.6955468311833902,0.6993,-1.4999727449930347,0.6955468311833902,0.7042,1.0,1.0,KOMAUSDT,3.0,,,,,,,,,,,
b_master|kept|all eras|fine,"(47.5,50]",4.0,4.0,100.0,0.4757783567790854,0.5067891582827816,1.9031134271163417,421.03355885398383,3.0,4.0,0.418283252896621,0.570631840796015,0.0,0.36859326132569226,0.5519526507287825,0.0,0.0,0.0,,4.0,,,,,,,,,,,
b_master|kept|rule 45,<=45,38.0,38.0,84.21052631578947,0.23231130599576127,0.40580467323062613,8.827829627838929,1901.2149027938804,21.0,33.0,0.020289537231835218,0.46396122592732364,0.0162,-0.032018702059141306,0.4737002346147242,0.0435,0.17413208897741314,0.1736336710104122,BELUSDT,37.0,,,,,,,,,,,
b_master|kept|rule 45,"(45,50]",0.0,,,,,,,,,,,,,,,,,,,,,,,,,,,,,
b_master|kept|rule 45,>50,0.0,,,,,,,,,,,,,,,,,,,,,,,,,,,,,
b_master|kept|rule 50,<=45,20.0,20.0,95.0,0.6198916430900459,0.37158122809384886,12.397832861800918,2829.2724335311786,12.0,17.0,0.3729925531065178,0.969881159057324,0.0,0.31929807108668995,0.9667421636166011,0.0,1.0,1.0,AINUSDT,18.0,,,,,,,,,,,
b_master|kept|rule 50,"(45,50]",6.0,6.0,83.33333333333334,0.11214375863927462,0.4074091751409241,0.6728625518356477,233.79720574484344,4.0,6.0,-0.34879159322883346,0.4954043480250965,0.2717,-0.5567768757859973,0.5021927765770381,0.2659,1.0,1.0,KOMAUSDT,6.0,,,,,,,,,,,
b_master|kept|rule 50,>50,0.0,,,,,,,,,,,,,,,,,,,,,,,,,,,,,
b_master|kept|rule none(pre-Jul31),<=45,3.0,3.0,100.0,0.6815545570349674,0.5203406202338591,2.044663671104902,553.15731364234,3.0,3.0,0.3643855196366643,1.1599375312343787,0.0,0.3643855196366643,1.1599375312343787,0.0,0.0,0.0,,2.0,,,,,,,,,,,
b_master|kept|rule none(pre-Jul31),"(45,50]",1.0,1.0,100.0,0.6955468311833902,0.6955468311833902,0.6955468311833902,182.75822449011105,1.0,1.0,,,,,,,0.0,0.0,,1.0,,,,,,,,,,,
b_master|kept|rule none(pre-Jul31),>50,0.0,,,,,,,,,,,,,,,,,,,,,,,,,,,,,
b_master|ALL incl stack-blocked (as-traded pct),<=45,102.0,102.0,69.6078431372549,0.135764299104331,0.3026657025314998,13.84795850864176,2671.745528062919,41.0,80.0,-0.017057572406939545,0.30933638071408576,0.0438,-0.0192021355180957,0.28723592022853733,0.0412,0.08365420146144355,0.09530936993834335,SANDUSDT,80.0,,,,,,,,,,,
b_master|stack-BLOCKED only (as-traded pct),<=45,41.0,41.0,48.78048780487805,-0.18085977876628231,-0.0028527874564555,-7.415250929417575,-2088.4413695634444,20.0,32.0,-0.44877221478596385,0.05155858288490328,0.9388,-0.42613986989103403,0.059327110058331564,0.9329,0.11656698233166045,0.13789838335031432,SANDUSDT,38.0,,,,,,,,,,,
b_master|ALL incl stack-blocked (as-traded pct),"(45,50]",16.0,16.0,56.25,-0.2669657269360772,0.26217147851349704,-4.271451630977235,-858.0884062158311,10.0,16.0,-0.7862598356498224,0.21229436860128809,0.8368,-0.7706418656702212,0.16700728590168398,0.8627,0.37142921273340795,0.37142921273340795,EVAAUSDT,16.0,,,,,,,,,,,
b_master|stack-BLOCKED only (as-traded pct),"(45,50]",9.0,9.0,33.33333333333333,-0.6269825081654075,-0.7030208333333388,-5.642842573488667,-1275.1728343478203,5.0,9.0,-1.3787698272918099,0.022796415866641495,0.9637,-1.3808487274435204,-0.03798135084128925,0.9824,0.45347018089603425,0.4534701808960342,EVAAUSDT,9.0,,,,,,,,,,,
b_master|ALL incl stack-blocked (as-traded pct),>50,0.0,,,,,,,,,,,,,,,,,,,,,,,,,,,,,
b_master|stack-BLOCKED only (as-traded pct),>50,0.0,,,,,,,,,,,,,,,,,,,,,,,,,,,,,
c_forward|since raise (stack pct),<=45,10.0,10.0,100.0,0.3752051797747192,0.29605204904385574,3.7520517977471917,778.1104686290118,7.0,9.0,0.3094696803898478,0.47879440983107774,0.0,0.3061910687435913,0.47006479636530346,0.0,0.0,0.0,,10.0,,,,,,,,,,,
c_forward|since raise (as-traded pct),<=45,10.0,10.0,100.0,0.3752051797747192,0.29605204904385574,3.7520517977471917,778.1104686290118,7.0,9.0,0.3085074948979081,0.47873870312736094,0.0,0.30457822414870955,0.46814036254210095,0.0,0.0,0.0,,10.0,,,,,,,,,,,
c_forward|since raise (stack pct),"(45,50]",6.0,6.0,83.33333333333334,0.11214375863927462,0.4074091751409241,0.6728625518356477,233.79720574484344,4.0,6.0,-0.34879159322883346,0.4954043480250965,0.2767,-0.5567768757859973,0.4991992847776581,0.2681,1.0,1.0,KOMAUSDT,6.0,,,,,,,,,,,
c_forward|since raise (as-traded pct),"(45,50]",6.0,6.0,83.33333333333334,0.11264068522134014,0.4074091751409241,0.6758441113280409,233.79720574484344,4.0,6.0,-0.34751378201780775,0.4954043480250965,0.2754,-0.5552860960398007,0.5021927765770381,0.2593,1.0,1.0,KOMAUSDT,6.0,,,,,,,,,,,
c_forward|since raise|fine,<=40,4.0,4.0,100.0,0.44682225769960177,0.3770355494399902,1.787289030798407,427.55295218500936,3.0,4.0,0.3391784808372484,0.7513034337771595,0.0,0.3105464894892578,0.6528847341695574,0.0,0.0,0.0,,4.0,,,,,,,,,,,
c_forward|since raise|fine,"(40,45]",6.0,6.0,100.0,0.3274604611581307,0.2915023135073208,1.9647627669487844,350.5575164440024,5.0,5.0,0.2897491640016138,0.37124225615707723,0.0,0.2897491640016138,0.3712422561570772,0.0,0.0,0.0,,6.0,,,,,,,,,,,
c_forward|since raise|fine,"(45,47.5]",2.0,2.0,50.0,-0.615125437640347,-0.615125437640347,-1.230250875280694,-187.2363531091404,2.0,2.0,-1.4999727449930345,0.2697218697123406,0.7496,-1.4999727449930345,0.2697218697123406,0.7522,1.0,1.0,KOMAUSDT,2.0,,,,,,,,,,,
c_forward|since raise|fine,"(47.5,50]",4.0,4.0,100.0,0.4757783567790854,0.5067891582827816,1.9031134271163417,421.03355885398383,3.0,4.0,0.418283252896621,0.570631840796015,0.0,0.36859326132569226,0.5519526507287825,0.0,0.0,0.0,,4.0,,,,,,,,,,,
"c_forward|REVERT GATE (DECISION_LOG 112: fresh (45,50] fades, same-minute once; N>=10 -> WR<55 or sum<0 -> 45)","(45,50]",6.0,,83.33333333333334,0.11214375863927462,,0.6728625518356477,,,,,,,,,,,,,,,,,,,,,,,,0.6758441113280409
