var,N,fill_wr,avg_trig,lo,hi,h1,h2,months,top3
HOLD_ONLY_240,211,41,0.485,-1.819,2.905,1.696,-0.239,6/10,265.0
BR_NO_BE_LOCK,211,34,0.395,-0.066,0.946,0.339,0.429,6/10,91.0
FIX_TP5.0_SL-0.7,211,14,0.163,-0.139,0.508,0.289,0.088,6/10,71.0
FIX_TP5.0_SL-1.2,211,19,0.144,-0.223,0.552,0.355,0.017,6/10,80.0
FIX_TP5.0_SL-3.0,211,36,0.139,-0.382,0.672,0.902,-0.316,6/10,83.0
FIX_TP3.0_SL-1.2,211,30,0.096,-0.181,0.372,0.401,-0.086,6/10,73.0
FIX_TP3.0_SL-0.7,211,20,0.075,-0.151,0.309,0.266,-0.04,5/10,94.0
BR_ARM2.0,211,36,0.07,-0.216,0.363,0.234,-0.028,4/10,233.0
LIVE_SL-3.0,211,70,0.064,-0.23,0.351,0.494,-0.193,6/10,137.0
FIX_TP2.0_SL-3.0,211,57,0.053,-0.34,0.417,0.658,-0.308,4/10,92.0
LIVE_SL-5.0,211,80,0.031,-0.328,0.365,0.569,-0.29,6/10,280.0
FIX_TP2.0_SL-2.0,211,48,0.029,-0.296,0.347,0.353,-0.165,6/10,169.0
FIX_TP3.0_SL-3.0,211,48,0.028,-0.435,0.459,0.702,-0.375,6/10,253.0
LIVE_HOLD15,211,50,0.026,-0.183,0.248,0.302,-0.139,6/10,309.0
BR_TRAIL_2.0ATR,211,48,0.024,-0.209,0.256,0.322,-0.153,6/10,359.0
LIVE_HOLD30,211,49,0.017,-0.199,0.243,0.326,-0.167,7/10,531.0
FIX_TP3.0_SL-2.0,211,39,0.015,-0.353,0.379,0.342,-0.18,5/10,458.0
FIX_TP2.0_SL-1.2,211,36,0.01,-0.223,0.245,0.153,-0.075,5/10,470.0
LIVE,211,48,0.008,-0.203,0.219,0.3,-0.167,6/10,1161.0
LIVE_HOLD120,211,48,0.008,-0.227,0.238,0.3,-0.167,6/10,1161.0
LIVE_HOLD60,211,48,0.008,-0.211,0.239,0.3,-0.167,6/10,1161.0
BR_ARM0.5_LOCK0.1,211,64,0.005,-0.199,0.224,0.044,-0.018,4/10,2924.0
LIVE_SL-2.0,211,61,-0.002,-0.254,0.248,0.376,-0.228,6/10,
FIX_TP1.0_SL-3.0,211,70,-0.005,-0.278,0.253,0.214,-0.135,6/10,
BR_TRAIL_0.5ATR,211,48,-0.006,-0.21,0.201,0.245,-0.157,5/10,
LIVE_SL-0.7,211,36,-0.039,-0.216,0.136,0.086,-0.114,4/10,
FIX_TP2.0_SL-0.7,211,22,-0.047,-0.213,0.149,0.117,-0.146,4/10,
FIX_TP0.5_SL-1.2,211,65,-0.056,-0.17,0.059,-0.089,-0.036,4/10,
FIX_TP0.5_SL-0.7,211,52,-0.059,-0.151,0.028,-0.09,-0.041,2/10,
MOM_LONG_RUNNER,211,67,-0.059,-0.224,0.127,0.002,-0.095,4/10,
FIX_TP1.0_SL-0.7,211,36,-0.061,-0.181,0.061,-0.019,-0.086,5/10,
FIX_TP1.0_SL-2.0,211,61,-0.065,-0.286,0.139,0.104,-0.166,6/10,
FIX_TP0.5_SL-2.0,211,75,-0.067,-0.222,0.073,0.074,-0.151,4/10,
FIX_TP1.0_SL-1.2,211,48,-0.074,-0.247,0.091,-0.043,-0.093,4/10,
FIX_TP0.5_SL-3.0,211,81,-0.084,-0.287,0.098,0.079,-0.181,4/10,
FIX_TP5.0_SL-2.0,211,25,-0.116,-0.562,0.339,0.153,-0.276,3/10,
QUICK_DESIGN,0,0,,,,,,0/10,
ST_ARM0.8,0,0,,,,,,0/10,
ST_ARM1.2,0,0,,,,,,0/10,
ST_FRAC0.5,0,0,,,,,,0/10,
ST_TRAIL_0.5ATR,0,0,,,,,,0/10,
BR_MIRROR_1ATR,0,0,,,,,,0/10,
