trigger,sel,entry,exit,events,fills,per_event,ci,train,test,ctrl_train,ctrl_test,wr,top3_share,PASS
DUMP,HI_ATR,20,BEARRUN,148,687,0.176,"[+0.10,+0.26]",0.103,0.315,0.157,-0.002,65,0.22,
DUMP,HI_ATR_LEADER,20,BEARRUN,131,318,0.143,"[+0.03,+0.26]",0.03,0.344,0.195,-0.102,70,0.28,
DUMP,HI_ATR,20,BULLRUN_2ATR,148,687,0.136,"[-0.03,+0.33]",0.013,0.369,-0.003,-0.117,54,0.69,
DUMP,HI_ATR,20,KEEP60,148,687,0.112,"[+0.03,+0.19]",0.043,0.243,0.091,0.024,58,0.32,
DUMP,HI_ATR,20,BULLRUN_1ATR,148,687,0.102,"[-0.06,+0.27]",-0.015,0.324,0.009,-0.183,54,0.87,
DUMP,HI_ATR_LEADER,10,BEARRUN,131,318,0.098,"[-0.04,+0.24]",0.035,0.21,0.248,0.119,60,0.61,
DUMP,HI_ATR,10,BEARRUN,148,687,0.089,"[+0.01,+0.17]",0.068,0.13,0.208,-0.001,58,0.31,
DUMP,HI_ATR,20,QUICK,148,687,0.085,"[+0.02,+0.15]",0.039,0.173,-0.004,0.013,54,0.41,✅
DUMP,HI_ATR_LEADER,20,QUICK,131,318,0.083,"[+0.00,+0.17]",0.036,0.167,-0.003,-0.059,56,0.52,✅
DUMP,HI_ATR,20,BOT_SHORT,148,687,0.078,"[-0.04,+0.21]",-0.025,0.275,-0.011,-0.006,55,0.94,
DUMP,HI_ATR_LEADER,0,BEARRUN,131,318,0.071,"[-0.08,+0.23]",0.082,0.05,0.168,0.313,61,1.07,
DUMP,HI_ATR_LEADER,20,BULLRUN_2ATR,131,318,0.06,"[-0.17,+0.31]",0.019,0.133,0.045,-0.212,56,2.31,
DUMP,HI_ATR,0,BEARRUN,148,687,0.059,"[-0.04,+0.17]",0.056,0.066,0.217,0.11,58,0.82,
DUMP,HI_ATR_LEADER,10,QUICK,131,318,0.055,"[-0.04,+0.16]",0.047,0.067,0.127,0.007,48,0.99,
DUMP,HI_ATR_LEADER,20,KEEP60,131,318,0.036,"[-0.05,+0.13]",-0.036,0.164,0.093,-0.042,59,0.69,
DUMP,HI_ATR,10,QUICK,148,687,0.035,"[-0.02,+0.10]",0.023,0.058,0.074,-0.073,48,1.01,
DUMP,ALL,0,BEARRUN,148,2960,0.031,"[-0.08,+0.18]",-0.055,0.193,0.024,0.033,57,2.4,
DUMP,HI_ATR,10,BOT_SHORT,148,687,0.029,"[-0.09,+0.18]",0.019,0.047,0.092,-0.076,49,3.13,
DUMP,HI_ATR,10,KEEP60,148,687,0.026,"[-0.04,+0.09]",0.003,0.068,0.121,-0.044,51,0.98,
DUMP,HI_ATR_LEADER,10,KEEP60,131,318,0.025,"[-0.08,+0.14]",0.023,0.029,0.159,0.033,49,1.78,
DUMP,LEADER,0,BEARRUN,148,1613,0.022,"[-0.10,+0.18]",-0.065,0.187,0.027,0.106,60,3.75,
DUMP,ALL,20,BULLRUN_1ATR,148,2960,0.011,"[-0.07,+0.10]",-0.013,0.059,-0.066,-0.09,49,2.4,
DUMP,HI_ATR,0,KEEP60,148,687,0.01,"[-0.06,+0.08]",0.004,0.021,0.21,0.101,50,3.42,
DUMP,LEADER,20,BULLRUN_1ATR,148,1613,0.008,"[-0.10,+0.12]",0.014,-0.003,-0.028,-0.17,51,4.52,
DUMP,HI_ATR,10,BULLRUN_2ATR,148,687,0.007,"[-0.15,+0.19]",0.018,-0.016,0.036,-0.177,47,12.89,
DUMP,ALL,20,BULLRUN_2ATR,148,2960,0.006,"[-0.09,+0.10]",0.002,0.014,-0.069,-0.071,49,6.02,
DUMP,ALL,20,BEARRUN,148,2960,0.004,"[-0.05,+0.05]",-0.012,0.034,-0.014,-0.057,55,3.75,
DUMP,HI_ATR_LEADER,20,BULLRUN_1ATR,131,318,0.002,"[-0.19,+0.21]",-0.021,0.043,0.05,-0.325,56,59.83,
DUMP,HI_ATR_LEADER,10,BULLRUN_2ATR,131,318,-0.002,"[-0.25,+0.28]",-0.028,0.043,-0.029,-0.077,44,,
DUMP,HI_ATR,0,QUICK,148,687,-0.005,"[-0.05,+0.04]",-0.006,-0.003,0.076,0.04,47,,
DUMP,LEADER,20,BULLRUN_2ATR,148,1613,-0.008,"[-0.12,+0.11]",0.016,-0.054,-0.02,-0.168,51,,
DUMP,ALL,20,KEEP60,148,2960,-0.009,"[-0.06,+0.04]",-0.023,0.017,-0.033,-0.035,56,,
DUMP,HI_ATR_LEADER,0,KEEP60,131,318,-0.019,"[-0.13,+0.09]",-0.049,0.035,0.048,0.175,47,,
DUMP,HI_ATR,10,BULLRUN_1ATR,148,687,-0.019,"[-0.18,+0.15]",-0.017,-0.022,0.04,-0.163,47,,
DUMP,ALL,0,KEEP60,148,2960,-0.021,"[-0.10,+0.08]",-0.082,0.094,0.027,0.039,52,,
DUMP,LEADER,20,BEARRUN,148,1613,-0.022,"[-0.09,+0.04]",-0.041,0.014,0.008,-0.039,59,,
DUMP,HI_ATR_LEADER,10,BOT_SHORT,131,318,-0.023,"[-0.18,+0.18]",0.014,-0.089,0.073,0.035,48,,
DUMP,ALL,20,BOT_SHORT,148,2960,-0.024,"[-0.08,+0.03]",-0.048,0.02,-0.054,-0.033,55,,
DUMP,ALL,20,QUICK,148,2960,-0.024,"[-0.07,+0.02]",-0.032,-0.009,-0.053,-0.03,52,,
DUMP,HI_ATR_LEADER,0,QUICK,131,318,-0.027,"[-0.11,+0.06]",-0.03,-0.021,-0.005,0.078,44,,
DUMP,ALL,0,BOT_SHORT,148,2960,-0.028,"[-0.12,+0.10]",-0.092,0.093,-0.009,0.033,50,,
DUMP,LEADER,20,QUICK,148,1613,-0.034,"[-0.08,+0.02]",-0.041,-0.021,-0.042,-0.019,53,,
DUMP,LEADER,20,KEEP60,148,1613,-0.036,"[-0.10,+0.02]",-0.048,-0.013,-0.011,-0.021,56,,
DUMP,ALL,0,QUICK,148,2960,-0.041,"[-0.10,+0.02]",-0.07,0.014,-0.001,0.016,48,,
DUMP,HI_ATR_LEADER,10,BULLRUN_1ATR,131,318,-0.045,"[-0.29,+0.23]",-0.08,0.017,0.003,-0.107,44,,
DUMP,HI_ATR_LEADER,0,BOT_SHORT,131,318,-0.048,"[-0.18,+0.11]",-0.073,-0.003,-0.056,0.09,46,,
DUMP,HI_ATR,0,BOT_SHORT,148,687,-0.048,"[-0.14,+0.05]",-0.064,-0.018,0.023,0.035,47,,
DUMP,LEADER,0,BOT_SHORT,148,1613,-0.048,"[-0.15,+0.08]",-0.117,0.083,-0.019,0.09,49,,
DUMP,ALL,10,BEARRUN,148,2960,-0.05,"[-0.12,+0.03]",-0.034,-0.08,0.0,-0.069,52,,
DUMP,LEADER,20,BOT_SHORT,148,1613,-0.05,"[-0.12,+0.02]",-0.074,-0.003,-0.031,-0.008,55,,
DUMP,LEADER,0,QUICK,148,1613,-0.051,"[-0.11,+0.02]",-0.071,-0.014,-0.013,0.029,47,,
DUMP,LEADER,0,KEEP60,148,1613,-0.051,"[-0.14,+0.06]",-0.114,0.069,0.008,0.101,51,,
DUMP,LEADER,10,BEARRUN,148,1613,-0.055,"[-0.14,+0.03]",-0.024,-0.115,-0.007,0.006,54,,
DUMP,LEADER,0,BULLRUN_1ATR,148,1613,-0.057,"[-0.22,+0.14]",-0.104,0.032,0.004,0.184,41,,
DUMP,ALL,0,BULLRUN_2ATR,148,2960,-0.059,"[-0.21,+0.12]",-0.105,0.027,-0.039,-0.015,42,,
DUMP,ALL,0,BULLRUN_1ATR,148,2960,-0.059,"[-0.20,+0.12]",-0.121,0.059,-0.007,0.03,42,,
DUMP,LEADER,0,BULLRUN_2ATR,148,1613,-0.06,"[-0.22,+0.13]",-0.085,-0.013,-0.022,0.151,41,,
DUMP,ALL,10,BOT_SHORT,148,2960,-0.067,"[-0.14,+0.02]",-0.046,-0.107,-0.038,-0.058,49,,
DUMP,ALL,10,QUICK,148,2960,-0.068,"[-0.12,+0.00]",-0.061,-0.083,-0.032,-0.076,45,,
DUMP,HI_ATR_LEADER,20,BOT_SHORT,131,318,-0.069,"[-0.17,+0.04]",-0.142,0.062,-0.01,-0.022,56,,
DUMP,HI_ATR_LEADER,0,BULLRUN_2ATR,131,318,-0.072,"[-0.29,+0.18]",-0.096,-0.029,-0.007,0.34,44,,
DUMP,ALL,10,KEEP60,148,2960,-0.074,"[-0.14,-0.00]",-0.053,-0.114,-0.018,-0.047,50,,
DUMP,ALL,10,BULLRUN_1ATR,148,2960,-0.078,"[-0.19,+0.04]",-0.056,-0.12,-0.068,-0.056,42,,
DUMP,HI_ATR_LEADER,0,BULLRUN_1ATR,131,318,-0.078,"[-0.29,+0.16]",-0.104,-0.031,0.061,0.308,44,,
DUMP,ALL,10,BULLRUN_2ATR,148,2960,-0.081,"[-0.19,+0.04]",-0.046,-0.147,-0.075,-0.066,42,,
DUMP,LEADER,10,QUICK,148,1613,-0.086,"[-0.14,-0.02]",-0.073,-0.111,-0.038,-0.034,43,,
DUMP,LEADER,10,KEEP60,148,1613,-0.088,"[-0.16,-0.02]",-0.047,-0.166,-0.006,0.028,47,,
DUMP,LEADER,10,BOT_SHORT,148,1613,-0.09,"[-0.17,-0.00]",-0.047,-0.17,-0.042,-0.009,46,,
DUMP,LEADER,10,BULLRUN_1ATR,148,1613,-0.098,"[-0.23,+0.04]",-0.058,-0.173,-0.072,0.007,40,,
DUMP,LEADER,10,BULLRUN_2ATR,148,1613,-0.11,"[-0.24,+0.03]",-0.059,-0.208,-0.072,0.009,40,,
DUMP,HI_ATR,0,BULLRUN_1ATR,148,687,-0.155,"[-0.29,-0.01]",-0.198,-0.074,0.057,0.009,47,,
DUMP,HI_ATR,0,BULLRUN_2ATR,148,687,-0.162,"[-0.31,-0.01]",-0.205,-0.079,0.007,-0.004,47,,
BREAKDOWN,HI_ATR_LEADER,10,BEARRUN,73,178,0.191,"[+0.03,+0.35]",0.181,0.208,0.2,-0.008,71,0.36,
BREAKDOWN,HI_ATR,10,BEARRUN,80,366,0.16,"[+0.07,+0.25]",0.125,0.224,0.156,-0.109,66,0.24,
BREAKDOWN,HI_ATR,20,BEARRUN,80,366,0.134,"[+0.01,+0.26]",0.047,0.297,0.127,0.128,60,0.49,
BREAKDOWN,HI_ATR_LEADER,0,BEARRUN,73,178,0.124,"[-0.08,+0.35]",0.224,-0.046,0.155,0.179,64,0.97,
BREAKDOWN,HI_ATR_LEADER,20,BEARRUN,73,178,0.098,"[-0.09,+0.29]",0.026,0.22,0.009,0.025,61,1.0,
BREAKDOWN,HI_ATR,10,BOT_SHORT,80,366,0.096,"[-0.08,+0.34]",0.051,0.181,0.083,0.061,57,1.5,
BREAKDOWN,HI_ATR_LEADER,10,BULLRUN_2ATR,73,178,0.096,"[-0.21,+0.44]",0.172,-0.034,-0.212,0.043,53,2.13,
BREAKDOWN,HI_ATR_LEADER,10,KEEP60,73,178,0.089,"[-0.04,+0.22]",0.107,0.06,0.14,0.094,60,0.63,
BREAKDOWN,LEADER,10,BEARRUN,80,897,0.085,"[-0.03,+0.21]",0.124,0.013,-0.001,-0.091,65,0.68,
BREAKDOWN,HI_ATR,10,KEEP60,80,366,0.071,"[-0.01,+0.16]",0.028,0.15,0.106,-0.032,59,0.56,
BREAKDOWN,LEADER,10,BULLRUN_1ATR,80,897,0.07,"[-0.12,+0.29]",0.083,0.046,-0.065,-0.209,48,1.68,
BREAKDOWN,HI_ATR_LEADER,20,BULLRUN_2ATR,73,178,0.058,"[-0.28,+0.42]",0.12,-0.046,-0.161,-0.267,49,4.25,
BREAKDOWN,HI_ATR,10,BULLRUN_2ATR,80,366,0.057,"[-0.16,+0.31]",0.082,0.01,-0.201,-0.078,51,2.43,
BREAKDOWN,ALL,10,BEARRUN,80,1600,0.056,"[-0.06,+0.19]",0.064,0.041,0.001,-0.111,59,1.12,
BREAKDOWN,HI_ATR_LEADER,10,QUICK,73,178,0.056,"[-0.05,+0.17]",0.084,0.009,0.105,-0.004,52,1.05,
BREAKDOWN,HI_ATR,10,QUICK,80,366,0.056,"[-0.01,+0.13]",0.037,0.09,0.056,-0.1,53,0.74,
BREAKDOWN,HI_ATR_LEADER,10,BULLRUN_1ATR,73,178,0.054,"[-0.24,+0.38]",0.102,-0.03,-0.172,-0.022,53,3.45,
BREAKDOWN,LEADER,10,BULLRUN_2ATR,80,897,0.049,"[-0.15,+0.28]",0.069,0.012,-0.068,-0.186,48,2.33,
BREAKDOWN,HI_ATR,20,KEEP60,80,366,0.044,"[-0.06,+0.15]",-0.05,0.218,0.05,0.02,51,1.31,
BREAKDOWN,ALL,10,BULLRUN_1ATR,80,1600,0.04,"[-0.13,+0.25]",0.03,0.061,-0.07,-0.18,48,2.66,
BREAKDOWN,ALL,10,BULLRUN_2ATR,80,1600,0.037,"[-0.14,+0.25]",0.034,0.041,-0.06,-0.167,48,2.87,
BREAKDOWN,HI_ATR,0,BEARRUN,80,366,0.037,"[-0.08,+0.15]",0.085,-0.053,0.322,-0.026,60,1.48,
BREAKDOWN,HI_ATR_LEADER,10,BOT_SHORT,73,178,0.036,"[-0.18,+0.31]",0.107,-0.085,0.179,0.296,59,4.75,
BREAKDOWN,HI_ATR,10,BULLRUN_1ATR,80,366,0.035,"[-0.18,+0.28]",0.037,0.029,-0.19,-0.097,51,4.07,
BREAKDOWN,LEADER,10,KEEP60,80,897,0.032,"[-0.07,+0.15]",0.042,0.012,-0.025,-0.078,57,1.73,
BREAKDOWN,ALL,10,BOT_SHORT,80,1600,0.031,"[-0.09,+0.17]",0.012,0.067,-0.064,-0.098,56,2.24,
BREAKDOWN,HI_ATR_LEADER,20,QUICK,73,178,0.029,"[-0.09,+0.17]",0.018,0.047,-0.064,-0.061,43,2.63,
BREAKDOWN,LEADER,10,BOT_SHORT,80,897,0.025,"[-0.09,+0.16]",0.038,0.0,-0.043,-0.078,57,2.71,
BREAKDOWN,HI_ATR,20,QUICK,80,366,0.023,"[-0.06,+0.11]",-0.027,0.114,0.004,0.016,48,2.26,
BREAKDOWN,ALL,10,KEEP60,80,1600,0.022,"[-0.08,+0.15]",0.014,0.037,-0.05,-0.12,57,2.55,
BREAKDOWN,HI_ATR_LEADER,20,KEEP60,73,178,0.02,"[-0.13,+0.19]",-0.048,0.136,-0.059,-0.07,49,4.4,
BREAKDOWN,ALL,10,QUICK,80,1600,0.019,"[-0.08,+0.15]",0.02,0.016,-0.047,-0.124,51,3.34,
BREAKDOWN,HI_ATR_LEADER,20,BULLRUN_1ATR,73,178,0.012,"[-0.28,+0.34]",0.16,-0.239,-0.169,-0.26,49,16.7,
BREAKDOWN,LEADER,0,BULLRUN_1ATR,80,897,0.006,"[-0.19,+0.22]",0.067,-0.107,-0.028,0.014,45,19.87,
BREAKDOWN,LEADER,10,QUICK,80,897,-0.001,"[-0.09,+0.10]",0.002,-0.006,-0.039,-0.122,51,,
BREAKDOWN,HI_ATR,20,BOT_SHORT,80,366,-0.002,"[-0.16,+0.20]",-0.134,0.242,-0.006,0.064,48,,
BREAKDOWN,HI_ATR_LEADER,0,BULLRUN_1ATR,73,178,-0.004,"[-0.30,+0.36]",0.078,-0.144,0.086,0.565,47,,
BREAKDOWN,HI_ATR_LEADER,0,BULLRUN_2ATR,73,178,-0.005,"[-0.31,+0.35]",0.018,-0.045,0.078,0.628,47,,
BREAKDOWN,HI_ATR,20,BULLRUN_1ATR,80,366,-0.006,"[-0.20,+0.20]",-0.029,0.036,-0.152,-0.071,49,,
BREAKDOWN,HI_ATR,20,BULLRUN_2ATR,80,366,-0.008,"[-0.21,+0.20]",-0.062,0.093,-0.153,-0.061,49,,
BREAKDOWN,LEADER,20,BULLRUN_1ATR,80,897,-0.012,"[-0.17,+0.15]",0.02,-0.071,0.028,-0.239,48,,
BREAKDOWN,LEADER,0,BEARRUN,80,897,-0.013,"[-0.13,+0.11]",-0.018,-0.005,-0.041,-0.001,59,,
BREAKDOWN,HI_ATR,0,QUICK,80,366,-0.014,"[-0.09,+0.06]",0.001,-0.043,0.2,-0.028,46,,
BREAKDOWN,ALL,0,BEARRUN,80,1600,-0.017,"[-0.11,+0.08]",-0.029,0.006,-0.007,-0.021,57,,
BREAKDOWN,ALL,20,BEARRUN,80,1600,-0.029,"[-0.10,+0.04]",-0.051,0.011,-0.023,-0.055,55,,
BREAKDOWN,ALL,20,BULLRUN_1ATR,80,1600,-0.03,"[-0.14,+0.09]",-0.035,-0.02,0.015,-0.147,47,,
BREAKDOWN,ALL,0,BULLRUN_1ATR,80,1600,-0.031,"[-0.19,+0.15]",0.024,-0.134,-0.031,-0.072,44,,
BREAKDOWN,HI_ATR_LEADER,0,QUICK,73,178,-0.036,"[-0.14,+0.08]",-0.023,-0.059,-0.011,0.028,44,,
BREAKDOWN,LEADER,20,BEARRUN,80,897,-0.036,"[-0.13,+0.05]",-0.042,-0.025,-0.049,-0.04,59,,
BREAKDOWN,LEADER,0,BULLRUN_2ATR,80,897,-0.037,"[-0.23,+0.18]",0.047,-0.193,-0.039,0.024,45,,
BREAKDOWN,HI_ATR,0,KEEP60,80,366,-0.043,"[-0.13,+0.05]",-0.018,-0.091,0.353,0.002,48,,
BREAKDOWN,ALL,20,BULLRUN_2ATR,80,1600,-0.051,"[-0.17,+0.07]",-0.059,-0.036,0.03,-0.114,47,,
BREAKDOWN,HI_ATR_LEADER,0,KEEP60,73,178,-0.051,"[-0.19,+0.10]",-0.04,-0.069,0.08,0.117,48,,
BREAKDOWN,LEADER,20,BULLRUN_2ATR,80,897,-0.053,"[-0.21,+0.11]",-0.032,-0.092,0.028,-0.228,48,,
BREAKDOWN,ALL,20,KEEP60,80,1600,-0.057,"[-0.13,+0.01]",-0.093,0.009,-0.065,-0.067,53,,
BREAKDOWN,LEADER,20,KEEP60,80,897,-0.06,"[-0.14,+0.02]",-0.076,-0.031,-0.075,-0.074,55,,
BREAKDOWN,HI_ATR_LEADER,20,BOT_SHORT,73,178,-0.066,"[-0.21,+0.10]",-0.1,-0.008,-0.163,-0.148,47,,
BREAKDOWN,HI_ATR_LEADER,0,BOT_SHORT,73,178,-0.068,"[-0.26,+0.17]",-0.013,-0.163,0.097,0.039,45,,
BREAKDOWN,ALL,0,BULLRUN_2ATR,80,1600,-0.07,"[-0.23,+0.11]",0.007,-0.214,-0.028,-0.093,44,,
BREAKDOWN,ALL,20,QUICK,80,1600,-0.072,"[-0.12,-0.02]",-0.086,-0.046,-0.073,-0.077,48,,
BREAKDOWN,ALL,0,QUICK,80,1600,-0.075,"[-0.15,-0.00]",-0.058,-0.107,-0.016,-0.032,44,,
BREAKDOWN,ALL,0,KEEP60,80,1600,-0.075,"[-0.16,+0.01]",-0.072,-0.079,-0.011,-0.012,49,,
BREAKDOWN,LEADER,0,QUICK,80,897,-0.08,"[-0.16,+0.00]",-0.063,-0.11,-0.053,-0.02,42,,
BREAKDOWN,ALL,0,BOT_SHORT,80,1600,-0.08,"[-0.17,+0.02]",-0.065,-0.108,-0.027,-0.037,47,,
BREAKDOWN,LEADER,20,BOT_SHORT,80,897,-0.083,"[-0.17,+0.00]",-0.092,-0.068,-0.084,-0.092,54,,
BREAKDOWN,LEADER,20,QUICK,80,897,-0.087,"[-0.15,-0.03]",-0.09,-0.083,-0.089,-0.06,49,,
BREAKDOWN,ALL,20,BOT_SHORT,80,1600,-0.088,"[-0.16,-0.02]",-0.127,-0.017,-0.062,-0.057,52,,
BREAKDOWN,LEADER,0,BOT_SHORT,80,897,-0.088,"[-0.20,+0.03]",-0.081,-0.101,-0.05,-0.001,46,,
BREAKDOWN,LEADER,0,KEEP60,80,897,-0.103,"[-0.20,-0.01]",-0.111,-0.088,-0.065,0.062,47,,
BREAKDOWN,HI_ATR,0,BOT_SHORT,80,366,-0.108,"[-0.22,+0.02]",-0.061,-0.194,0.192,-0.044,46,,
BREAKDOWN,HI_ATR,0,BULLRUN_1ATR,80,366,-0.172,"[-0.35,+0.01]",-0.094,-0.315,0.141,0.098,48,,
BREAKDOWN,HI_ATR,0,BULLRUN_2ATR,80,366,-0.203,"[-0.38,-0.02]",-0.16,-0.282,0.111,0.097,48,,
