sel,entry,exit,events,fills,per_event,ci,train,test,ctrl_train,ctrl_test,pos_events,fill_wr,PASS
HI_ATR_LEADER,0,BULLRUN_1ATR,55,117,0.32,"[-0.15,+0.89]",0.413,0.199,-0.12,0.12,49,56,
HI_ATR_LEADER,10,BULLRUN_1ATR,55,117,0.278,"[-0.21,+0.81]",0.138,0.458,-0.118,0.14,42,48,
HI_ATR_LEADER,10,KEEP60,55,117,0.263,"[-0.04,+0.63]",0.234,0.3,0.172,0.281,45,52,
HI_ATR_LEADER,0,BULLRUN_2ATR,55,117,0.247,"[-0.22,+0.82]",0.321,0.152,-0.138,0.081,51,56,
HI_ATR_LEADER,0,BOT,55,117,0.224,"[-0.15,+0.71]",0.545,-0.192,-0.047,-0.055,44,56,
HI_ATR_LEADER,10,BULLRUN_2ATR,55,117,0.224,"[-0.25,+0.75]",0.083,0.406,-0.101,0.108,42,48,
HI_ATR_LEADER,10,QUICK,55,117,0.221,"[-0.09,+0.68]",0.353,0.05,0.171,0.078,47,47,
HI_ATR,0,BULLRUN_1ATR,64,272,0.208,"[-0.05,+0.50]",0.393,-0.063,-0.067,0.173,48,55,
HI_ATR,0,BULLRUN_2ATR,64,272,0.177,"[-0.09,+0.48]",0.359,-0.089,-0.114,0.146,45,55,
HI_ATR_LEADER,20,KEEP60,55,117,0.177,"[-0.04,+0.44]",0.277,0.048,0.08,0.158,56,60,
HI_ATR_LEADER,10,BOT,55,117,0.176,"[-0.16,+0.60]",0.132,0.233,-0.009,0.227,42,52,
HI_ATR,0,KEEP60,64,272,0.156,"[+0.01,+0.33]",0.237,0.037,0.156,0.217,48,56,
HI_ATR_LEADER,20,QUICK,55,117,0.144,"[-0.05,+0.40]",0.196,0.077,0.061,0.082,53,52,
HI_ATR_LEADER,0,QUICK,55,117,0.13,"[-0.05,+0.33]",0.209,0.027,0.002,0.23,45,56,
HI_ATR,10,KEEP60,64,272,0.114,"[-0.01,+0.25]",0.164,0.041,0.075,0.083,56,54,
HI_ATR_LEADER,20,BOT,55,117,0.111,"[-0.20,+0.52]",0.357,-0.205,0.034,-0.068,44,60,
HI_ATR_LEADER,0,KEEP60,55,117,0.105,"[-0.10,+0.34]",0.177,0.012,0.162,0.257,47,56,
HI_ATR,0,QUICK,64,272,0.1,"[-0.03,+0.25]",0.12,0.07,0.047,0.179,44,51,
HI_ATR,0,BOT,64,272,0.097,"[-0.09,+0.33]",0.252,-0.129,0.016,0.228,38,56,
HI_ATR,10,QUICK,64,272,0.096,"[-0.02,+0.24]",0.16,0.003,0.12,-0.007,50,50,
HI_ATR,20,QUICK,64,272,0.073,"[-0.02,+0.19]",0.095,0.04,0.008,0.1,53,54,
HI_ATR,20,KEEP60,64,272,0.069,"[-0.04,+0.19]",0.121,-0.006,0.05,0.204,52,58,
LEADER,20,KEEP60,65,629,0.068,"[-0.05,+0.20]",0.037,0.116,-0.021,-0.075,58,61,
LEADER,20,QUICK,65,629,0.065,"[-0.04,+0.20]",0.088,0.032,-0.03,-0.085,55,59,
LEADER,20,BULLRUN_1ATR,65,629,0.051,"[-0.16,+0.29]",0.057,0.042,-0.085,-0.217,46,47,
LEADER,0,BULLRUN_1ATR,65,629,0.04,"[-0.17,+0.28]",-0.074,0.211,-0.049,0.037,45,46,
LEADER,20,BOT,65,629,0.038,"[-0.11,+0.21]",0.028,0.053,-0.036,-0.154,45,62,
HI_ATR_LEADER,20,BULLRUN_1ATR,55,117,0.027,"[-0.35,+0.47]",0.065,-0.021,-0.188,-0.251,38,46,
ALL,20,KEEP60,65,1300,0.024,"[-0.05,+0.10]",-0.008,0.071,-0.024,-0.069,57,59,
ALL,20,QUICK,65,1300,0.022,"[-0.04,+0.08]",0.016,0.031,-0.038,-0.089,49,56,
ALL,0,BULLRUN_1ATR,65,1300,0.022,"[-0.11,+0.16]",-0.035,0.106,-0.04,-0.006,42,47,
LEADER,10,KEEP60,65,629,0.016,"[-0.10,+0.13]",-0.013,0.06,0.073,0.003,48,53,
ALL,10,KEEP60,65,1300,0.008,"[-0.07,+0.08]",-0.004,0.027,0.042,-0.003,49,56,
ALL,0,BULLRUN_2ATR,65,1300,-0.002,"[-0.14,+0.14]",-0.081,0.117,-0.052,-0.015,43,47,
LEADER,10,QUICK,65,629,-0.008,"[-0.12,+0.12]",0.006,-0.029,0.046,-0.018,35,45,
LEADER,0,BULLRUN_2ATR,65,629,-0.013,"[-0.22,+0.23]",-0.139,0.176,-0.036,0.015,38,46,
ALL,0,KEEP60,65,1300,-0.015,"[-0.09,+0.06]",-0.043,0.029,0.007,0.053,55,55,
ALL,20,BOT,65,1300,-0.016,"[-0.11,+0.09]",-0.061,0.051,-0.046,-0.11,45,59,
LEADER,0,BOT,65,629,-0.018,"[-0.15,+0.13]",0.002,-0.049,-0.005,-0.101,38,55,
LEADER,0,KEEP60,65,629,-0.024,"[-0.13,+0.08]",-0.036,-0.006,0.047,0.044,46,55,
ALL,10,QUICK,65,1300,-0.025,"[-0.09,+0.04]",-0.019,-0.033,0.023,-0.045,42,50,
LEADER,20,BULLRUN_2ATR,65,629,-0.027,"[-0.23,+0.20]",0.007,-0.079,-0.126,-0.209,35,47,
HI_ATR,10,BOT,64,272,-0.031,"[-0.15,+0.11]",-0.01,-0.061,-0.09,0.079,39,54,
LEADER,0,QUICK,65,629,-0.035,"[-0.12,+0.05]",-0.048,-0.016,-0.003,0.023,38,50,
ALL,10,BOT,65,1300,-0.036,"[-0.12,+0.05]",-0.047,-0.02,-0.002,-0.037,42,56,
ALL,20,TP60,65,1300,-0.039,"[-0.11,+0.03]",-0.062,-0.004,-0.076,-0.11,45,50,
LEADER,10,BULLRUN_2ATR,65,629,-0.041,"[-0.23,+0.16]",-0.077,0.012,0.007,-0.075,38,41,
LEADER,10,BULLRUN_1ATR,65,629,-0.041,"[-0.22,+0.14]",-0.101,0.049,0.004,-0.062,37,41,
ALL,0,BOT,65,1300,-0.041,"[-0.13,+0.05]",-0.072,0.007,-0.016,0.028,46,55,
HI_ATR_LEADER,20,BULLRUN_2ATR,55,117,-0.043,"[-0.42,+0.41]",0.013,-0.115,-0.187,-0.378,36,46,
LEADER,10,BOT,65,629,-0.044,"[-0.16,+0.08]",-0.076,0.006,0.009,-0.019,37,52,
ALL,10,BULLRUN_2ATR,65,1300,-0.046,"[-0.18,+0.08]",-0.065,-0.019,-0.021,-0.116,42,45,
ALL,0,QUICK,65,1300,-0.049,"[-0.11,+0.01]",-0.083,0.0,-0.033,0.02,45,49,
ALL,20,BULLRUN_1ATR,65,1300,-0.049,"[-0.17,+0.08]",-0.124,0.064,-0.113,-0.14,40,45,
HI_ATR,10,BULLRUN_2ATR,64,272,-0.055,"[-0.29,+0.21]",-0.043,-0.073,-0.152,-0.023,39,49,
HI_ATR,0,TP60,64,272,-0.059,"[-0.15,+0.03]",-0.037,-0.091,-0.006,-0.021,41,48,
ALL,10,BULLRUN_1ATR,65,1300,-0.06,"[-0.17,+0.05]",-0.088,-0.017,-0.031,-0.1,38,45,
HI_ATR,20,BOT,64,272,-0.061,"[-0.19,+0.09]",0.005,-0.158,-0.057,0.196,25,58,
HI_ATR,20,TP60,64,272,-0.068,"[-0.15,+0.01]",-0.03,-0.124,-0.096,0.034,39,48,
ALL,10,TP60,65,1300,-0.069,"[-0.14,-0.00]",-0.088,-0.039,-0.012,-0.05,42,49,
HI_ATR_LEADER,10,TP60,55,117,-0.073,"[-0.21,+0.06]",-0.022,-0.139,-0.037,-0.016,36,48,
LEADER,20,TP60,65,629,-0.074,"[-0.16,+0.01]",-0.108,-0.023,-0.082,-0.128,51,50,
ALL,0,TP60,65,1300,-0.076,"[-0.15,+0.00]",-0.125,-0.002,-0.03,-0.042,46,47,
HI_ATR,10,TP60,64,272,-0.082,"[-0.18,+0.02]",-0.01,-0.188,-0.084,-0.051,42,47,
HI_ATR,10,BULLRUN_1ATR,64,272,-0.083,"[-0.30,+0.15]",-0.109,-0.044,-0.207,0.006,42,49,
ALL,20,BULLRUN_2ATR,65,1300,-0.087,"[-0.21,+0.05]",-0.142,-0.004,-0.124,-0.173,35,45,
HI_ATR_LEADER,20,TP60,55,117,-0.094,"[-0.23,+0.05]",-0.092,-0.096,-0.121,0.03,40,46,
LEADER,10,TP60,65,629,-0.108,"[-0.19,-0.03]",-0.141,-0.058,-0.012,-0.105,37,45,
HI_ATR,20,BULLRUN_1ATR,64,272,-0.113,"[-0.38,+0.21]",-0.24,0.073,-0.28,0.004,30,43,
LEADER,0,TP60,65,629,-0.117,"[-0.21,-0.03]",-0.153,-0.064,-0.028,-0.07,40,45,
HI_ATR_LEADER,0,TP60,55,117,-0.135,"[-0.27,+0.01]",-0.116,-0.159,-0.031,0.013,31,47,
HI_ATR,20,BULLRUN_2ATR,64,272,-0.167,"[-0.42,+0.14]",-0.293,0.016,-0.23,-0.018,27,43,
